s_measuretime,s_nodeid,s_volt,s_type,s_rmsx,s_rmsy,s_rmsz,s_temp,s_dir,v_type,v_lvol,v_rvol,v_ldir,v_rdir,vec,seta 
2022-11-23 10:05,0,3,8,0.4747,0.24819,0.48077,23,0,5,1,1,0,90,0.719776,103.342
2022-11-23 10:06,0,3,8,0.48144,0.25221,0.47297,23,0,2,1,1,0,90,0.720482,103.451
2022-11-23 10:07,0,3,8,0.4738,0.25211,0.48737,23,0,5,1,1,0,90,0.724966,103.402
2022-11-23 10:08,0,3,8,0.49006,0.25174,0.4941,23,0,5,1,1,0,90,0.740045,103.242
2022-11-23 10:09,0,3,8,0.49657,0.24527,0.49117,23,0,2,1,1,0,90,0.740262,103.047
2022-11-23 10:10,0,3,8,0.48165,0.24586,0.47116,23,0,2,1,1,0,90,0.717235,103.297
2022-11-23 10:11,0,3,8,0.48567,0.251,0.47116,23,0,2,1,1,0,90,0.721712,103.402
2022-11-23 10:12,0,3,8,0.47082,0.24923,0.47482,23,0,5,1,1,0,90,0.713611,103.435
2022-11-23 10:13,0,3,8,0.48705,0.24542,0.47304,23,0,2,1,1,0,90,0.721953,103.235
2022-11-23 10:14,0,3,8,0.49164,0.24509,0.47703,23,0,2,1,1,0,90,0.727555,103.168
2022-11-23 10:15,0,3,8,0.49609,0.24665,0.47804,23,0,2,1,1,0,90,0.731754,103.171
2022-11-23 10:16,0,3,8,0.49268,0.2495,0.47924,23,0,2,1,1,0,90,0.731201,103.263
2022-11-23 10:17,0,3,8,0.49368,0.25183,0.48879,23,0,2,1,1,0,90,0.738955,103.256
2022-11-23 10:18,0,3,8,0.49018,0.248,0.48217,23,0,2,1,1,0,90,0.730937,103.223
2022-11-23 10:19,0,3,8,0.4744,0.25024,0.48864,23,0,5,1,1,0,90,0.725565,103.341
2022-11-23 10:20,0,3,8,0.47803,0.2486,0.48614,23,0,5,1,1,0,90,0.725704,103.293
2022-11-23 10:21,0,3,8,0.49403,0.24688,0.47681,23,0,2,1,1,0,90,0.729632,103.2
2022-11-23 10:22,0,3,8,0.49108,0.24601,0.48605,23,0,2,1,1,0,90,0.733434,103.138
2022-11-23 10:23,0,3,8,0.49775,0.24947,0.48468,23,0,2,1,1,0,90,0.738177,103.192
2022-11-23 10:24,0,3,8,0.47734,0.25139,0.48801,23,0,5,1,1,0,90,0.727464,103.357
2022-11-23 10:25,0,3,8,0.48922,0.25078,0.49308,23,0,5,1,1,0,90,0.738481,103.23
2022-11-23 10:26,0,3,8,0.48235,0.25285,0.49025,23,0,5,1,1,0,90,0.732762,103.347
2022-11-23 10:27,0,3,8,0.4956,0.25412,0.49298,23,0,2,1,1,0,90,0.743791,103.274
2022-11-23 10:28,0,3,8,0.47978,0.25749,0.48296,23,0,5,1,1,0,90,0.727833,103.528
2022-11-23 10:29,0,3,8,0.48416,0.25169,0.48737,23,0,5,1,1,0,90,0.731634,103.325
2022-11-23 10:30,0,3,8,0.48098,0.25607,0.49112,23,0,5,1,1,0,90,0.733561,103.431
2022-11-23 10:31,0,3,8,0.47875,0.25718,0.48868,23,0,5,1,1,0,90,0.730857,103.489
2022-11-23 10:32,0,3,8,0.48663,0.25494,0.49678,23,0,5,1,1,0,90,0.740671,103.328
2022-11-23 10:33,0,3,8,0.49674,0.26091,0.48932,23,0,2,1,1,0,90,0.744486,103.46
2022-11-23 10:34,0,3,8,0.49479,0.2577,0.49968,23,0,5,1,1,0,90,0.748937,103.326
2022-11-23 10:35,0,3,8,0.47892,0.25678,0.49361,23,0,5,1,1,0,90,0.734133,103.444
2022-11-23 10:36,0,3,8,0.4809,0.25616,0.49259,23,0,5,1,1,0,90,0.734525,103.423
2022-11-23 10:37,0,3,8,0.49365,0.25979,0.50322,23,0,5,1,1,0,90,0.751273,103.362
2022-11-23 10:38,0,3,8,0.50499,0.26213,0.49029,23,0,2,1,1,0,90,0.751073,103.428
2022-11-23 10:39,0,3,8,0.4928,0.26289,0.4947,23,0,5,1,1,0,90,0.746117,103.499
2022-11-23 10:40,0,3,8,0.49837,0.26153,0.50554,23,0,5,1,1,0,90,0.756532,103.36
2022-11-23 10:41,0,3,8,0.511,0.25868,0.50252,23,0,2,1,1,0,90,0.761947,103.227
2022-11-23 10:42,0,3,8,0.49729,0.26541,0.49518,23,0,2,1,1,0,90,0.750295,103.528
2022-11-23 10:43,0,3,8,0.48988,0.26239,0.49211,23,0,5,1,1,0,90,0.742296,103.523
2022-11-23 10:44,0,3,8,0.509,0.2578,0.49508,23,0,2,1,1,0,90,0.755411,103.264
2022-11-23 10:45,0,3,8,0.49727,0.25762,0.50003,23,0,5,1,1,0,90,0.750783,103.306
2022-11-23 10:46,0,3,8,0.48636,0.26387,0.49872,23,0,5,1,1,0,90,0.744913,103.536
2022-11-23 10:47,0,3,8,0.51014,0.2556,0.4973,23,0,2,1,1,0,90,0.756889,103.187
2022-11-23 10:48,0,3,8,0.50414,0.25628,0.50268,23,0,2,1,1,0,90,0.756653,103.21
2022-11-23 10:49,0,3,8,0.50725,0.25936,0.50441,23,0,2,1,1,0,90,0.76092,103.257
2022-11-23 10:50,0,3,8,0.5056,0.25863,0.4956,23,0,2,1,1,0,90,0.753751,103.305
2022-11-23 10:51,0,3,8,0.49401,0.25716,0.49626,23,0,5,1,1,0,90,0.745957,103.34
2022-11-23 10:52,0,3,8,0.50676,0.26027,0.49241,23,0,2,1,1,0,90,0.753003,103.357
2022-11-23 10:53,0,3,8,0.48271,0.25812,0.49277,23,0,5,1,1,0,90,0.736517,103.459
2022-11-23 10:54,0,3,8,0.5067,0.25496,0.49022,23,0,2,1,1,0,90,0.74971,103.237
2022-11-23 10:55,0,3,8,0.48302,0.25835,0.49135,23,0,5,1,1,0,90,0.735852,103.473
2022-11-23 10:56,0,3,8,0.49696,0.25916,0.49846,23,0,5,1,1,0,90,0.750064,103.357
2022-11-23 10:57,0,3,8,0.48442,0.25593,0.49474,23,0,5,1,1,0,90,0.738194,103.381
2022-11-23 10:58,0,3,8,0.50313,0.26103,0.48694,23,0,2,1,1,0,90,0.747253,103.434
2022-11-23 10:59,0,3,8,0.50237,0.25824,0.49549,23,0,2,1,1,0,90,0.751381,103.317
2022-11-23 11:00,0,3,8,0.4869,0.26534,0.4962,23,0,5,1,1,0,90,0.744104,103.585
2022-11-23 11:01,0,3,8,0.49108,0.26258,0.49326,23,0,5,1,1,0,90,0.743918,103.512
2022-11-23 11:02,0,3,8,0.49509,0.26545,0.50131,23,0,5,1,1,0,90,0.752921,103.503
2022-11-23 11:03,0,3,8,0.4971,0.26317,0.49057,24,0,2,1,1,0,90,0.746342,103.504
2022-11-23 11:04,0,3,8,0.48991,0.26079,0.50255,23,0,5,1,1,0,90,0.748719,103.414
2022-11-23 11:05,0,3,8,0.4867,0.26162,0.49949,23,0,5,1,1,0,90,0.744857,103.475
2022-11-23 11:06,0,3,8,0.48802,0.2612,0.50563,24,0,5,1,1,0,90,0.7497,103.414
2022-11-23 11:07,0,3,8,0.4881,0.26299,0.4899,23,0,5,1,1,0,90,0.73987,103.563
2022-11-23 11:08,0,3,8,0.50802,0.25573,0.49606,23,0,2,1,1,0,90,0.75469,103.212
2022-11-23 11:09,0,3,8,0.50424,0.25888,0.48871,23,0,2,1,1,0,90,0.748408,103.363
2022-11-23 11:10,0,3,8,0.49923,0.2617,0.48872,23,0,2,1,1,0,90,0.746033,103.466
2022-11-23 11:11,0,3,8,0.48623,0.26355,0.49465,24,0,5,1,1,0,90,0.741995,103.557
2022-11-23 11:12,0,3,8,0.49488,0.26272,0.50071,23,0,5,1,1,0,90,0.751424,103.443
2022-11-23 11:13,0,3,8,0.4872,0.26035,0.50192,23,0,5,1,1,0,90,0.746371,103.424
2022-11-23 11:14,0,3,8,0.49811,0.25931,0.48593,23,0,2,1,1,0,90,0.742619,103.432
2022-11-23 11:15,0,3,8,0.49408,0.26087,0.50218,24,0,5,1,1,0,90,0.751234,103.393
2022-11-23 11:16,0,3,8,0.49494,0.26176,0.50307,23,0,5,1,1,0,90,0.752704,103.403
2022-11-23 11:17,0,3,8,0.4937,0.2586,0.50714,23,0,5,1,1,0,90,0.753528,103.305
2022-11-23 11:18,0,3,8,0.5089,0.26383,0.49718,24,0,2,1,1,0,90,0.758797,103.401
2022-11-23 11:19,0,3,8,0.48874,0.26187,0.50727,23,0,5,1,1,0,90,0.751509,103.415
2022-11-23 11:20,0,3,8,0.48686,0.25711,0.50073,23,0,5,1,1,0,90,0.744224,103.354
2022-11-23 11:21,0,3,8,0.49047,0.25857,0.49243,23,0,5,1,1,0,90,0.741557,103.424
2022-11-23 11:22,0,3,8,0.4927,0.26095,0.50436,23,0,5,1,1,0,90,0.751816,103.389
2022-11-23 11:23,0,3,8,0.4968,0.26043,0.50025,24,0,5,1,1,0,90,0.751588,103.378
2022-11-23 11:24,0,3,8,0.48781,0.26181,0.50753,23,0,5,1,1,0,90,0.751059,103.417
2022-11-23 11:25,0,3,8,0.48656,0.26046,0.50033,24,0,5,1,1,0,90,0.744923,103.441
2022-11-23 11:26,0,3,8,0.50941,0.25935,0.50125,23,0,2,1,1,0,90,0.760271,103.262
2022-11-23 11:27,0,3,8,0.5042,0.26514,0.5081,23,0,5,1,1,0,90,0.763336,103.395
2022-11-23 11:28,0,3,8,0.49164,0.25986,0.50683,23,0,5,1,1,0,90,0.752405,103.351
2022-11-23 11:29,0,3,8,0.51054,0.25928,0.49633,24,0,2,1,1,0,90,0.757774,103.283
2022-11-23 11:30,0,3,8,0.49218,0.26219,0.50185,23,0,5,1,1,0,90,0.750225,103.439
2022-11-23 11:31,0,3,8,0.50964,0.26125,0.49838,24,0,2,1,1,0,90,0.759188,103.326
2022-11-23 11:32,0,3,8,0.48788,0.26381,0.50077,24,0,5,1,1,0,90,0.747257,103.512
2022-11-23 11:33,0,3,8,0.52034,0.26306,0.50012,24,0,2,1,1,0,90,0.768163,103.287
2022-11-23 11:34,0,3,8,0.49439,0.26558,0.50126,23,0,5,1,1,0,90,0.752473,103.511
2022-11-23 11:35,0,3,8,0.50016,0.26747,0.51392,24,0,5,1,1,0,90,0.765385,103.438
2022-11-23 11:36,0,3,8,0.50721,0.26569,0.51913,24,0,5,1,1,0,90,0.772884,103.318
2022-11-23 11:37,0,3,8,0.49971,0.2669,0.51015,23,0,5,1,1,0,90,0.762364,103.452
2022-11-23 11:38,0,3,8,0.49638,0.26364,0.50022,23,0,5,1,1,0,90,0.752409,103.459
2022-11-23 11:39,0,3,8,0.5944,0.26481,0.59088,23,0,2,1,2,0,90,0.878962,102.326
2022-11-23 11:40,0,3,8,0.59012,0.26214,0.59267,23,0,5,1,2,0,90,0.87648,102.27
2022-11-23 11:41,0,3,8,0.5942,0.25868,0.59009,23,0,2,1,2,0,90,0.876467,102.169
2022-11-23 11:42,0,3,8,0.61033,0.26088,0.59629,23,0,2,1,2,0,90,0.892257,102.095
2022-11-23 11:43,0,3,8,0.59147,0.26234,0.59438,24,0,5,1,2,0,90,0.878605,102.258
2022-11-23 11:44,0,3,8,0.59062,0.26328,0.58695,23,0,2,1,2,0,90,0.873303,102.332
2022-11-23 11:44,0,3,8,0.59099,0.26146,0.5938,24,0,5,1,2,0,90,0.877627,102.241
2022-11-23 11:45,0,3,8,0.61607,0.25985,0.58989,24,0,2,1,2,0,90,0.891647,102.068
2022-11-23 11:46,0,3,8,0.59364,0.26251,0.58642,24,0,2,1,2,0,90,0.874762,102.296
2022-11-23 11:47,0,3,8,0.59113,0.26196,0.58542,24,0,2,1,2,0,90,0.872224,102.302
2022-11-23 11:48,0,3,8,0.58609,0.26192,0.58089,24,0,2,1,2,0,90,0.865758,102.358
2022-11-23 11:49,0,3,8,0.58662,0.26034,0.58664,24,0,5,1,2,0,90,0.869509,102.279
2022-11-23 11:50,0,3,8,0.58649,0.26158,0.58746,24,0,5,1,2,0,90,0.870347,102.308
2022-11-23 11:51,0,3,8,0.59301,0.26381,0.59356,24,0,5,1,2,0,90,0.879528,102.293
2022-11-23 11:52,0,3,8,0.60123,0.25742,0.57773,24,0,2,1,2,0,90,0.872648,102.161
2022-11-23 11:53,0,3,8,0.58883,0.26054,0.58732,24,0,2,1,2,0,90,0.87152,102.267
2022-11-23 11:54,0,3,8,0.60394,0.25853,0.59005,24,0,2,1,2,0,90,0.883029,102.106
2022-11-23 11:55,0,3,8,0.61246,0.25732,0.57537,24,0,2,1,2,0,90,0.878847,102.099
2022-11-23 11:56,0,3,8,0.59052,0.26049,0.59095,24,0,5,1,2,0,90,0.875095,102.234
2022-11-23 11:57,0,3,8,0.59167,0.25977,0.58298,23,0,2,1,2,0,90,0.870299,102.255
2022-11-23 11:58,0,3,8,0.59605,0.26327,0.59059,24,0,2,1,2,0,90,0.879422,102.278
2022-11-23 11:59,0,3,8,0.5953,0.26107,0.59386,24,0,2,1,2,0,90,0.88046,102.204
2022-11-23 12:00,0,3,8,0.59141,0.26345,0.59107,24,0,2,1,2,0,90,0.876662,102.307
2022-11-23 12:01,0,3,8,0.58783,0.26035,0.58847,24,0,5,1,2,0,90,0.871564,102.261
2022-11-23 12:02,0,3,8,0.59998,0.26378,0.59203,23,0,2,1,2,0,90,0.883207,102.259
2022-11-23 12:03,0,3,8,0.60359,0.26563,0.59615,24,0,2,1,2,0,90,0.888974,102.263
2022-11-23 12:04,0,3,8,0.61853,0.26452,0.58723,24,0,2,1,2,0,90,0.892967,102.191
2022-11-23 12:05,0,3,8,0.5973,0.26895,0.59808,23,0,5,1,2,0,90,0.887018,102.375
2022-11-23 12:06,0,3,8,0.60558,0.26493,0.596,24,0,2,1,2,0,90,0.890017,102.234
2022-11-23 12:07,0,3,8,0.6006,0.26424,0.60692,23,0,5,1,2,0,90,0.893809,102.181
2022-11-23 12:08,0,3,8,0.6157,0.26579,0.61085,24,0,2,1,2,0,90,0.907121,102.113
2022-11-23 12:09,0,3,8,0.60428,0.26698,0.60433,24,0,5,1,2,0,90,0.895348,102.247
2022-11-23 12:10,0,3,8,0.61085,0.26791,0.59862,24,0,2,1,2,0,90,0.896247,102.266
2022-11-23 12:11,0,3,8,0.60668,0.26762,0.6099,24,0,5,1,2,0,90,0.900921,102.218
2022-11-23 12:12,0,3,8,0.60867,0.2654,0.59774,24,0,2,1,2,0,90,0.893426,102.218
2022-11-23 12:13,0,3,8,0.60126,0.2661,0.6092,24,0,5,1,2,0,90,0.896352,102.213
2022-11-23 12:14,0,3,8,0.62237,0.26273,0.61088,24,0,2,1,2,0,90,0.910794,101.992
2022-11-23 12:15,0,3,8,0.61249,0.26945,0.61327,24,0,5,1,2,0,90,0.90766,102.213
2022-11-23 12:16,0,3,8,0.60731,0.26507,0.60594,24,0,2,1,2,0,90,0.897915,102.17
2022-11-23 12:17,0,3,8,0.63734,0.26936,0.60943,24,0,2,1,2,0,90,0.922042,102.086
2022-11-23 12:18,0,3,8,0.61033,0.27,0.61424,24,0,5,1,2,0,90,0.907025,102.234
2022-11-23 12:19,0,3,8,0.61484,0.27243,0.60306,24,0,2,1,2,0,90,0.903287,102.334
2022-11-23 12:20,0,3,8,0.6301,0.27316,0.61478,24,0,2,1,2,0,90,0.921736,102.199
2022-11-23 12:21,0,3,8,0.62661,0.27001,0.6047,24,0,2,1,2,0,90,0.911706,102.192
2022-11-23 12:22,0,3,8,0.61734,0.26984,0.59842,24,0,2,1,2,0,90,0.901126,102.278
2022-11-23 12:23,0,3,8,0.60505,0.27241,0.60539,24,0,5,1,2,0,90,0.898215,102.377
2022-11-23 12:24,0,3,8,0.616,0.26821,0.59555,24,0,2,1,2,0,90,0.897815,102.259
2022-11-23 12:25,0,3,8,0.62194,0.26884,0.60121,24,0,2,1,2,0,90,0.905835,102.209
2022-11-23 12:26,0,3,8,0.61307,0.26972,0.60275,23,0,2,1,2,0,90,0.901061,102.276
2022-11-23 12:27,0,3,8,0.60524,0.27495,0.5954,24,0,2,1,2,0,90,0.89242,102.497
2022-11-23 12:28,0,3,8,0.61895,0.27353,0.59836,24,0,2,1,2,0,90,0.903301,102.363
2022-11-23 12:29,0,3,8,0.61419,0.30872,0.60156,24,0,2,1,2,0,90,0.913461,103.193
2022-11-23 12:30,0,3,8,0.61687,0.26823,0.60383,24,0,2,1,2,0,90,0.903928,102.209
2022-11-23 12:31,0,3,8,0.61831,0.2696,0.60218,24,0,2,1,2,0,90,0.904219,102.245
2022-11-23 12:32,0,3,8,0.61842,0.27351,0.60495,24,0,2,1,2,0,90,0.907312,102.33
2022-11-23 12:33,0,3,8,0.62299,0.27398,0.60634,24,0,2,1,2,0,90,0.911499,102.307
2022-11-23 12:34,0,3,8,0.61354,0.26994,0.60459,24,0,2,1,2,0,90,0.902678,102.269
2022-11-23 12:35,0,3,8,0.61673,0.2725,0.61004,24,0,2,1,2,0,90,0.909264,102.286
2022-11-23 12:36,0,3,8,0.62014,0.27261,0.60417,24,0,2,1,2,0,90,0.907696,102.301
2022-11-23 12:37,0,3,8,0.61456,0.27604,0.60936,24,0,2,1,2,0,90,0.908406,102.392
2022-11-23 12:38,0,3,8,0.61368,0.2744,0.60589,24,0,2,1,2,0,90,0.904987,102.375
2022-11-23 12:39,0,3,8,0.61314,0.2699,0.6,24,0,2,1,2,0,90,0.899326,102.296
2022-11-23 12:40,0,3,8,0.61356,0.2671,0.5949,24,0,2,1,2,0,90,0.895379,102.249
2022-11-23 12:41,0,3,8,0.61585,0.26915,0.59668,24,0,2,1,2,0,90,0.898744,102.278
2022-11-23 12:42,0,3,8,0.61748,0.26965,0.60165,24,0,2,1,2,0,90,0.903314,102.254
2022-11-23 12:43,0,3,8,0.61391,0.27073,0.60162,24,0,2,1,2,0,90,0.901181,102.304
2022-11-23 12:44,0,3,8,0.61757,0.27318,0.60067,24,0,2,1,2,0,90,0.903783,102.35
2022-11-23 12:45,0,3,8,0.62344,0.27119,0.59913,24,0,2,1,2,0,90,0.906189,102.272
2022-11-23 12:46,0,3,8,0.61076,0.26909,0.59303,24,0,2,1,2,0,90,0.892817,102.328
2022-11-23 12:47,0,3,8,0.61651,0.27061,0.60274,24,0,2,1,2,0,90,0.903665,102.279
2022-11-23 12:48,0,3,8,0.61051,0.27387,0.60112,24,0,2,1,2,0,90,0.899485,102.407
2022-11-23 12:49,0,3,8,0.6188,0.26962,0.59928,24,0,2,1,2,0,90,0.902632,102.259
2022-11-23 12:50,0,3,8,0.61007,0.2685,0.60154,24,0,2,1,2,0,90,0.897846,102.269
2022-11-23 12:51,0,3,8,0.61868,0.26995,0.59562,24,0,2,1,2,0,90,0.900223,102.288
2022-11-23 12:52,0,3,8,0.60702,0.26723,0.59839,24,0,2,1,2,0,90,0.893284,102.272
2022-11-23 12:53,0,3,8,0.59938,0.26636,0.59728,24,0,2,1,2,0,90,0.887101,102.301
2022-11-23 12:54,0,3,8,0.61691,0.26837,0.59759,24,0,2,1,2,0,90,0.899841,102.247
2022-11-23 12:55,0,3,8,0.61721,0.26746,0.58833,24,0,2,1,2,0,90,0.893653,102.271
2022-11-23 12:56,0,3,8,0.62365,0.2692,0.59874,24,0,2,1,2,0,90,0.905482,102.221
2022-11-23 12:57,0,3,8,0.62558,0.27211,0.60703,24,0,2,1,2,0,90,0.91317,102.24
2022-11-23 12:58,0,3,8,0.62496,0.27034,0.60203,24,0,2,1,2,0,90,0.9089,102.225
2022-11-23 12:59,0,3,8,0.61695,0.27263,0.60794,24,0,2,1,2,0,90,0.908045,102.3
2022-11-23 13:00,0,3,8,0.61887,0.27013,0.59908,24,0,2,1,2,0,90,0.9027,102.272
2022-11-23 13:01,0,3,8,0.61662,0.27115,0.60762,24,0,2,1,2,0,90,0.907163,102.265
2022-11-23 13:02,0,3,8,0.61859,0.27248,0.60092,24,0,2,1,2,0,90,0.904436,102.325
2022-11-23 13:03,0,3,8,0.61483,0.26867,0.60692,24,0,2,1,2,0,90,0.904738,102.216
2022-11-23 13:04,0,3,8,0.61206,0.27008,0.60183,24,0,2,1,2,0,90,0.899867,102.297
2022-11-23 13:05,0,3,8,0.6117,0.26917,0.59969,24,0,2,1,2,0,90,0.897918,102.287
2022-11-23 13:06,0,3,8,0.61687,0.26761,0.59919,24,0,2,1,2,0,90,0.900651,102.218
2022-11-23 13:07,0,3,8,0.61867,0.27035,0.60095,24,0,2,1,2,0,90,0.903871,102.269
2022-11-23 13:08,0,3,8,0.61014,0.26937,0.59457,24,0,2,1,2,0,90,0.893501,102.33
2022-11-23 13:09,0,3,8,0.61936,0.27064,0.60424,24,0,2,1,2,0,90,0.906619,102.255
2022-11-23 13:10,0,3,8,0.61222,0.26861,0.59006,24,0,2,1,2,0,90,0.891704,102.322
2022-11-23 13:11,0,3,8,0.61518,0.2727,0.60805,24,0,2,1,2,0,90,0.906938,102.311
2022-11-23 13:12,0,3,8,0.61885,0.27106,0.59775,24,0,2,1,2,0,90,0.902083,102.304
2022-11-23 13:13,0,3,8,0.61878,0.27122,0.60127,24,0,2,1,2,0,90,0.904419,102.289
2022-11-23 13:14,0,3,8,0.61342,0.26947,0.60796,24,0,2,1,2,0,90,0.904717,102.239
2022-11-23 13:15,0,3,8,0.60757,0.26604,0.59591,24,0,2,1,2,0,90,0.891643,102.251
2022-11-23 13:16,0,3,8,0.61126,0.27201,0.60519,24,0,2,1,2,0,90,0.902155,102.332
2022-11-23 13:17,0,3,8,0.61579,0.27329,0.60981,24,0,2,1,2,0,90,0.90871,102.313
2022-11-23 13:18,0,3,8,0.81263,0.29523,0.78692,25,0,2,1,3,0,90,1.16909,100.969
2022-11-23 13:19,0,3,8,0.83261,0.29222,0.78597,25,0,2,1,3,0,90,1.18169,100.806
2022-11-23 13:20,0,3,8,0.81947,0.29567,0.79395,25,0,2,1,3,0,90,1.17869,100.918
2022-11-23 13:21,0,3,8,0.82096,0.2917,0.77731,25,0,2,1,3,0,90,1.16759,100.884
2022-11-23 13:22,0,3,8,0.81468,0.29463,0.77254,25,0,2,1,3,0,90,1.16075,101.006
2022-11-23 13:23,0,3,8,0.81792,0.29388,0.78646,25,0,2,1,3,0,90,1.17212,100.914
2022-11-23 13:24,0,3,8,0.81653,0.29779,0.77844,25,0,2,1,3,0,90,1.16678,101.048
2022-11-23 13:25,0,3,8,0.81407,0.29235,0.77402,25,0,2,1,3,0,90,1.16073,100.947
2022-11-23 13:26,0,3,8,0.81208,0.29734,0.78897,25,0,2,1,3,0,90,1.17062,101.014
2022-11-23 13:27,0,3,8,0.82005,0.29107,0.78022,25,0,2,1,3,0,90,1.16874,100.861
2022-11-23 13:28,0,3,8,0.80673,0.29158,0.76891,25,0,2,1,3,0,90,1.15198,100.985
2022-11-23 13:29,0,3,8,0.81081,0.28948,0.7758,25,0,2,1,3,0,90,1.15891,100.885
2022-11-23 13:30,0,3,8,0.80816,0.2861,0.77149,25,0,2,1,3,0,90,1.15333,100.832
2022-11-23 13:31,0,3,8,0.80171,0.29295,0.7743,25,0,2,1,3,0,90,1.15243,101.019
2022-11-23 13:32,0,3,8,0.80367,0.29317,0.78164,25,0,2,1,3,0,90,1.15879,100.984
2022-11-23 13:33,0,3,8,0.8025,0.28709,0.76546,25,0,2,1,3,0,90,1.14558,100.909
2022-11-23 13:34,0,3,8,0.80012,0.28594,0.7675,25,0,2,1,3,0,90,1.14499,100.883
2022-11-23 13:35,0,3,8,0.80525,0.29164,0.77257,25,0,2,1,3,0,90,1.15341,100.978
2022-11-23 13:36,0,3,8,0.81396,0.2934,0.78062,25,0,2,1,3,0,90,1.16533,100.945
2022-11-23 13:37,0,3,8,0.81221,0.29575,0.79042,25,0,2,1,3,0,90,1.17129,100.969
2022-11-23 13:38,0,3,8,0.80166,0.29213,0.77403,25,0,2,1,3,0,90,1.15201,101.001
2022-11-23 13:39,0,3,8,0.792,0.28474,0.75754,25,0,2,1,3,0,90,1.13235,100.935
2022-11-23 13:40,0,3,8,0.79171,0.28797,0.76423,25,0,2,1,3,0,90,1.13744,100.988
2022-11-23 13:41,0,3,8,0.7858,0.29104,0.76607,25,0,2,1,3,0,90,1.13536,101.084
2022-11-23 13:42,0,3,8,0.7874,0.2862,0.76493,25,0,2,1,3,0,90,1.13447,100.962
2022-11-23 13:43,0,3,8,0.79014,0.28732,0.76469,25,0,2,1,3,0,90,1.1365,100.978
2022-11-23 13:44,0,3,8,0.7884,0.29232,0.76779,25,0,2,1,3,0,90,1.13865,101.096
2022-11-23 13:45,0,3,8,0.78514,0.29102,0.76608,25,0,2,1,3,0,90,1.13491,101.087
2022-11-23 13:46,0,3,8,0.79559,0.28911,0.76167,25,0,2,1,3,0,90,1.13872,101.009
2022-11-23 13:47,0,3,8,0.79861,0.28698,0.76755,25,0,2,1,3,0,90,1.14423,100.916
2022-11-23 13:48,0,3,8,0.79175,0.28525,0.75948,25,0,2,1,3,0,90,1.1336,100.941
2022-11-23 13:49,0,3,8,0.78771,0.28474,0.75685,25,0,2,1,3,0,90,1.12889,100.959
2022-11-23 13:50,0,3,8,0.79671,0.28211,0.76305,25,0,2,1,3,0,90,1.13867,100.823
2022-11-23 13:51,0,3,8,0.78701,0.28705,0.76488,25,0,2,1,3,0,90,1.13438,100.985
2022-11-23 13:52,0,3,8,0.79813,0.28742,0.76337,25,0,2,1,3,0,90,1.14121,100.947
2022-11-23 13:53,0,3,8,0.78873,0.28104,0.76237,25,0,2,1,3,0,90,1.13238,100.837
2022-11-23 13:54,0,3,8,0.78264,0.28446,0.75361,25,0,2,1,3,0,90,1.12311,100.991
2022-11-23 13:55,0,3,8,0.78813,0.28829,0.76082,25,0,2,1,3,0,90,1.13274,101.028
2022-11-23 13:56,0,3,8,0.7886,0.28168,0.76047,25,0,2,1,3,0,90,1.13117,100.862
2022-11-23 13:57,0,3,8,0.79688,0.28179,0.75247,25,0,2,1,3,0,90,1.13165,100.859
2022-11-23 13:58,0,3,8,0.787,0.28213,0.76311,25,0,2,1,3,0,90,1.13195,100.87
2022-11-23 13:59,0,3,8,0.78361,0.28248,0.75444,25,0,2,1,3,0,90,1.12384,100.933
2022-11-23 14:00,0,3,8,0.78275,0.28093,0.75481,25,0,2,1,3,0,90,1.1231,100.896
2022-11-23 14:01,0,3,8,0.7803,0.27734,0.75696,25,0,2,1,3,0,90,1.12195,100.807
2022-11-23 14:02,0,3,8,0.76972,0.2797,0.74413,25,0,2,1,3,0,90,1.10654,100.976
2022-11-23 14:03,0,3,8,0.78226,0.27399,0.74377,25,0,2,1,3,0,90,1.11364,100.769
2022-11-23 14:04,0,3,8,0.78585,0.28222,0.74808,25,0,2,1,3,0,90,1.12109,100.943
2022-11-23 14:05,0,3,8,0.77943,0.28557,0.75609,25,0,2,1,3,0,90,1.12282,101.024
2022-11-23 14:06,0,3,8,0.77932,0.28073,0.75994,25,0,2,1,3,0,90,1.12413,100.885
2022-11-23 14:07,0,3,8,0.79787,0.27813,0.74823,25,0,2,1,3,0,90,1.12863,100.778
2022-11-23 14:08,0,3,8,0.79483,0.27641,0.75036,25,0,2,1,3,0,90,1.12747,100.74
2022-11-23 14:09,0,3,8,0.77477,0.27926,0.75029,25,0,2,1,3,0,90,1.11409,100.913
2022-11-23 14:10,0,3,8,0.77239,0.27809,0.7437,25,0,2,1,3,0,90,1.1077,100.924
2022-11-23 14:11,0,3,8,0.77487,0.2791,0.75086,25,0,2,1,3,0,90,1.1145,100.906
2022-11-23 14:12,0,3,8,0.77632,0.27516,0.74764,25,0,2,1,3,0,90,1.11236,100.811
2022-11-23 14:13,0,3,8,0.78687,0.28123,0.74598,25,0,2,1,3,0,90,1.12015,100.922
2022-11-23 14:14,0,3,8,0.77446,0.28005,0.74039,25,0,2,1,3,0,90,1.10743,100.978
2022-11-23 14:15,0,3,8,0.77752,0.28136,0.74089,25,0,2,1,3,0,90,1.11023,100.994
2022-11-23 14:16,0,3,8,0.77948,0.28056,0.74823,25,0,2,1,3,0,90,1.11631,100.932
2022-11-23 14:17,0,3,8,0.793,0.27983,0.75191,25,0,2,1,3,0,90,1.12806,100.831
2022-11-23 14:18,0,3,8,0.7698,0.28024,0.7429,25,0,2,1,3,0,90,1.10591,100.995
2022-11-23 14:19,0,3,8,0.78442,0.27402,0.75567,25,0,2,1,3,0,90,1.12314,100.707
2022-11-23 14:20,0,3,8,0.76873,0.27682,0.74018,25,0,2,1,3,0,90,1.10247,100.925
2022-11-23 14:21,0,3,8,0.79683,0.27227,0.7498,25,0,2,1,3,0,90,1.12751,100.625
2022-11-23 14:22,0,3,8,0.77904,0.28065,0.75541,25,0,2,1,3,0,90,1.12085,100.905
2022-11-23 14:23,0,3,8,0.79405,0.27298,0.74962,25,0,2,1,3,0,90,1.12559,100.659
2022-11-23 14:24,0,3,8,0.77882,0.28029,0.73911,25,0,2,1,3,0,90,1.10969,100.968
2022-11-23 14:25,0,3,8,0.79686,0.27812,0.75935,25,0,2,1,3,0,90,1.13532,100.736
2022-11-23 14:26,0,3,8,0.77546,0.28107,0.75569,25,0,2,1,3,0,90,1.11866,100.931
2022-11-23 14:27,0,3,8,0.78883,0.27864,0.7433,25,0,2,1,3,0,90,1.1191,100.858
2022-11-23 14:28,0,3,8,0.78502,0.28095,0.75075,25,0,2,1,3,0,90,1.12197,100.903
2022-11-23 14:29,0,3,8,0.79728,0.27744,0.75831,25,0,2,1,3,0,90,1.13475,100.721
2022-11-23 14:30,0,3,8,0.79242,0.28339,0.75346,25,0,2,1,3,0,90,1.12958,100.917
2022-11-23 14:31,0,3,8,0.79045,0.2854,0.76493,25,0,2,1,3,0,90,1.13639,100.927
2022-11-23 14:32,0,3,8,0.78947,0.27934,0.75067,25,0,2,1,3,0,90,1.12463,100.841
2022-11-23 14:33,0,3,8,0.77852,0.28118,0.75028,25,0,2,1,3,0,90,1.11717,100.943
2022-11-23 14:34,0,3,8,0.77694,0.28286,0.75247,25,0,2,1,3,0,90,1.11797,100.984
2022-11-23 14:35,0,3,8,0.78006,0.28026,0.74316,25,0,2,1,3,0,90,1.11325,100.944
2022-11-23 14:36,0,3,8,0.77802,0.28427,0.75298,25,0,2,1,3,0,90,1.11942,101.012
2022-11-23 14:37,0,3,8,0.78014,0.28187,0.75246,25,0,2,1,3,0,90,1.11994,100.943
2022-11-23 14:38,0,3,8,0.78617,0.28087,0.7545,25,0,2,1,3,0,90,1.12527,100.879
2022-11-23 14:39,0,3,8,0.77984,0.28313,0.75307,25,0,2,1,3,0,90,1.12046,100.974
2022-11-23 14:40,0,3,8,0.77203,0.27986,0.75144,25,0,2,1,3,0,90,1.11311,100.936
2022-11-23 14:41,0,3,8,0.78207,0.27655,0.73748,25,0,2,1,3,0,90,1.10995,100.863
2022-11-23 14:42,0,3,8,0.76923,0.27748,0.74531,25,0,2,1,3,0,90,1.10643,100.917
2022-11-23 14:43,0,3,8,0.76662,0.27792,0.73987,25,0,2,1,3,0,90,1.10107,100.965
2022-11-23 14:44,0,3,8,0.76705,0.27723,0.74492,25,0,2,1,3,0,90,1.10459,100.923
2022-11-23 14:45,0,3,8,0.77598,0.27341,0.72933,25,0,2,1,3,0,90,1.09946,100.848
2022-11-23 14:46,0,3,8,0.75994,0.27463,0.74301,25,0,2,1,3,0,90,1.09772,100.899
2022-11-23 14:47,0,3,8,0.77311,0.26778,0.73142,25,0,2,1,3,0,90,1.09744,100.705
2022-11-23 14:48,0,3,8,0.75414,0.27356,0.73936,25,0,2,1,3,0,90,1.09097,100.916
2022-11-23 14:49,0,3,8,0.76137,0.27099,0.74819,25,0,2,1,3,0,90,1.10132,100.773
2022-11-23 14:50,0,3,8,0.76862,0.2712,0.7236,25,0,2,1,3,0,90,1.08992,100.853
2022-11-23 14:51,0,3,8,0.77229,0.26663,0.73033,25,0,2,1,3,0,90,1.09586,100.683
2022-11-23 14:52,0,3,8,0.75936,0.27586,0.73384,25,0,2,1,3,0,90,1.09144,100.976
2022-11-23 14:53,0,3,8,0.77628,0.26929,0.72993,25,0,2,1,3,0,90,1.09906,100.735
2022-11-23 14:54,0,3,8,0.7743,0.27029,0.74734,25,0,2,1,3,0,90,1.10956,100.695
2022-11-23 14:55,0,3,8,0.75783,0.27403,0.73897,26,0,2,1,3,0,90,1.09338,100.912
2022-11-23 14:56,0,3,8,1.27909,0.29328,1.19054,26,0,2,1,5,0,90,1.77185,97.9538
2022-11-23 14:57,0,3,8,1.29467,0.30902,1.19661,26,0,2,1,5,0,90,1.78984,98.2289
2022-11-23 14:58,0,3,8,1.30233,0.30289,1.20334,26,0,2,1,5,0,90,1.79884,98.0642
2022-11-23 14:59,0,3,8,1.31464,0.29882,1.20722,26,0,2,1,5,0,90,1.80968,97.9366
2022-11-23 15:00,0,3,8,1.30055,0.30009,1.20062,26,0,2,1,5,0,90,1.79526,98.0166
2022-11-23 15:01,0,3,8,1.31031,0.30214,1.20671,26,0,2,1,5,0,90,1.80675,98.0191
2022-11-23 15:02,0,3,8,1.30724,0.30653,1.20215,26,0,2,1,5,0,90,1.80222,98.1295
2022-11-23 15:03,0,3,8,1.29776,0.30391,1.21041,26,0,2,1,5,0,90,1.80045,98.0814
2022-11-23 15:04,0,3,8,1.30811,0.30699,1.2046,26,0,2,1,5,0,90,1.80456,98.131
2022-11-23 15:05,0,3,8,1.30086,0.30479,1.21094,26,0,2,1,5,0,90,1.80319,98.0901
2022-11-23 15:06,0,3,8,1.30092,0.30023,1.20868,26,0,2,1,5,0,90,1.80096,97.9998
2022-11-23 15:07,0,3,8,1.30162,0.30231,1.20182,26,0,2,1,5,0,90,1.79721,98.0575
2022-11-23 15:08,0,3,8,1.30674,0.30059,1.20151,26,0,2,1,5,0,90,1.80043,98.0082
2022-11-23 15:09,0,3,8,1.30689,0.30367,1.21322,26,0,2,1,5,0,90,1.80889,98.0452
2022-11-23 15:10,0,3,8,1.30767,0.29934,1.20114,26,0,2,1,5,0,90,1.80065,97.9802
2022-11-23 15:11,0,3,8,1.29862,0.30244,1.2064,26,0,2,1,5,0,90,1.79813,98.0577
2022-11-23 15:12,0,3,8,1.29658,0.30279,1.20742,26,0,2,1,5,0,90,1.79741,98.0682
2022-11-23 15:13,0,3,8,1.30107,0.29678,1.18628,26,0,2,1,5,0,90,1.78553,97.9782
2022-11-23 15:14,0,3,8,1.30278,0.30135,1.20598,26,0,2,1,5,0,90,1.80068,98.0246
2022-11-23 15:15,0,3,8,1.30417,0.29804,1.2074,26,0,2,1,5,0,90,1.80208,97.9479
2022-11-23 15:16,0,3,8,1.30154,0.29887,1.2087,26,0,2,1,5,0,90,1.80119,97.9694
2022-11-23 15:17,0,3,8,1.29911,0.30124,1.19829,26,0,2,1,5,0,90,1.79286,98.0501
2022-11-23 15:18,0,3,8,1.28809,0.29746,1.20056,26,0,2,1,5,0,90,1.78578,97.9949
2022-11-23 15:19,0,3,8,1.30467,0.30218,1.1986,26,0,2,1,5,0,90,1.79725,98.0539
2022-11-23 15:20,0,3,8,1.30428,0.29853,1.20388,26,0,2,1,5,0,90,1.79989,97.966
2022-11-23 15:21,0,3,8,1.30955,0.30634,1.21172,26,0,2,1,5,0,90,1.81026,98.0971
2022-11-23 15:22,0,3,8,1.30603,0.29767,1.20277,26,0,2,1,5,0,90,1.80027,97.9457
2022-11-23 15:23,0,3,8,1.30243,0.30074,1.20631,26,0,2,1,5,0,90,1.80054,98.0119
2022-11-23 15:24,0,3,8,1.30264,0.30865,1.20183,26,0,2,1,5,0,90,1.79904,98.1869
2022-11-23 15:25,0,3,8,1.30915,0.30208,1.19671,26,0,2,1,5,0,90,1.79923,98.0439
2022-11-23 15:26,0,3,8,1.30812,0.3073,1.20398,26,0,2,1,5,0,90,1.80421,98.1388
2022-11-23 15:27,0,3,8,1.30639,0.30649,1.20353,26,0,2,1,5,0,90,1.80252,98.1278
2022-11-23 15:28,0,3,8,1.31443,0.30931,1.2072,26,0,2,1,5,0,90,1.81128,98.1557
2022-11-23 15:29,0,3,8,1.32229,0.31461,1.2141,26,0,2,1,5,0,90,1.82249,98.227
2022-11-23 15:30,0,3,8,1.3081,0.30762,1.20345,26,0,2,1,5,0,90,1.8039,98.1468
2022-11-23 15:31,0,3,8,1.31517,0.31095,1.21253,26,0,2,1,5,0,90,1.81565,98.1752
2022-11-23 15:32,0,3,8,1.30597,0.30596,1.20645,26,0,2,1,5,0,90,1.80408,98.1111
2022-11-23 15:33,0,3,8,1.3194,0.2967,1.21881,26,0,2,1,5,0,90,1.82053,97.853
2022-11-23 15:34,0,3,8,1.30969,0.2997,1.20847,26,0,2,1,5,0,90,1.80707,97.9655
2022-11-23 15:35,0,3,8,1.32303,0.30069,1.21528,26,0,2,1,5,0,90,1.82146,97.935
2022-11-23 15:36,0,3,8,1.31205,0.3046,1.21726,26,0,2,1,5,0,90,1.81548,98.0413
2022-11-23 15:37,0,3,8,1.31914,0.30645,1.21681,26,0,2,1,5,0,90,1.82062,98.0617
2022-11-23 15:38,0,3,8,1.32453,0.30779,1.21468,26,0,2,1,5,0,90,1.82334,98.0797
2022-11-23 15:39,0,3,8,1.31632,0.30723,1.21219,26,0,2,1,5,0,90,1.81562,98.0961
2022-11-23 15:40,0,3,8,1.30588,0.30864,1.21967,26,0,2,1,5,0,90,1.81333,98.136
2022-11-23 15:41,0,3,8,1.30542,0.30303,1.21394,26,0,2,1,5,0,90,1.8082,98.0341
2022-11-23 15:42,0,3,8,1.31214,0.30128,1.20993,26,0,2,1,5,0,90,1.81009,97.9887
2022-11-23 15:43,0,3,8,1.31068,0.30127,1.21786,26,0,2,1,5,0,90,1.81434,97.9742
2022-11-23 15:44,0,3,8,1.32301,0.30717,1.2196,26,0,2,1,5,0,90,1.82541,98.0598
2022-11-23 15:45,0,3,8,1.30549,0.30372,1.20414,26,0,2,1,5,0,90,1.80181,98.0711
2022-11-23 15:46,0,3,8,1.29803,0.30582,1.20232,26,0,2,1,5,0,90,1.79554,98.1396
2022-11-23 15:47,0,3,8,1.30727,0.30079,1.20792,26,0,2,1,5,0,90,1.80513,97.9962
2022-11-23 15:48,0,3,8,1.29054,0.29939,1.20248,26,0,2,1,5,0,90,1.78916,98.0246
2022-11-23 15:49,0,3,8,1.29837,0.29734,1.19702,26,0,2,1,5,0,90,1.79082,97.9727
2022-11-23 15:50,0,3,8,1.30693,0.30172,1.20066,26,0,2,1,5,0,90,1.80019,98.0334
2022-11-23 15:51,0,3,8,1.29656,0.29956,1.20667,26,0,2,1,5,0,90,1.79634,98.0021
2022-11-23 15:52,0,3,8,1.29818,0.29988,1.19976,26,0,2,1,5,0,90,1.79294,98.0206
2022-11-23 15:53,0,3,8,1.30148,0.30162,1.20985,26,0,2,1,5,0,90,1.80238,98.0247
2022-11-23 15:54,0,3,8,1.22188,0.28193,1.13056,26,0,2,1,5,0,90,1.68838,98.0101
2022-11-23 15:55,0,3,8,1.22377,0.28027,1.13138,26,0,2,1,5,0,90,1.69002,97.9653
2022-11-23 15:56,0,3,8,1.23475,0.27936,1.13018,26,0,2,1,5,0,90,1.69704,97.9163
2022-11-23 15:57,0,3,8,1.22013,0.28105,1.1342,26,0,2,1,5,0,90,1.68941,97.9863
2022-11-23 15:58,0,3,8,1.22606,0.27917,1.12964,26,0,2,1,5,0,90,1.69034,97.9383
2022-11-23 15:59,0,3,8,1.21519,0.28089,1.12703,26,0,2,1,5,0,90,1.68101,98.0148
2022-11-23 16:00,0,3,8,1.21817,0.28219,1.13038,26,0,2,1,5,0,90,1.68562,98.027
2022-11-23 16:01,0,3,8,1.20593,0.27604,1.12531,26,0,2,1,5,0,90,1.67236,97.936
2022-11-23 16:02,0,3,8,1.20674,0.28116,1.11856,26,0,2,1,5,0,90,1.66927,98.0666
2022-11-23 16:03,0,3,8,1.20002,0.27745,1.10544,26,0,2,1,5,0,90,1.655,98.0352
2022-11-23 16:04,0,3,8,1.20864,0.27504,1.10789,26,0,2,1,5,0,90,1.66249,97.9487
2022-11-23 16:05,0,3,8,1.21235,0.27668,1.12252,26,0,2,1,5,0,90,1.67523,97.939
2022-11-23 16:06,0,3,8,1.20956,0.27971,1.12032,26,0,2,1,5,0,90,1.67224,98.0212
2022-11-23 16:07,0,3,8,1.2222,0.28047,1.12997,26,0,2,1,5,0,90,1.68798,97.9778
2022-11-23 16:08,0,3,8,1.22364,0.28447,1.14218,26,0,2,1,5,0,90,1.69788,98.0329
2022-11-23 16:09,0,3,8,1.22054,0.28376,1.1252,26,0,2,1,5,0,90,1.68414,98.0682
2022-11-23 16:10,0,3,8,1.22278,0.28825,1.12855,26,0,2,1,5,0,90,1.68876,98.1532
2022-11-23 16:11,0,3,8,1.22257,0.27956,1.12892,26,0,2,1,5,0,90,1.68739,97.9589
2022-11-23 16:12,0,3,8,1.2272,0.27905,1.12766,26,0,2,1,5,0,90,1.68982,97.9372
2022-11-23 16:13,0,3,8,1.20243,0.28147,1.12211,26,0,2,1,5,0,90,1.66859,98.0772
2022-11-23 16:14,0,3,8,1.217,0.28268,1.13191,26,0,2,1,5,0,90,1.68589,98.0376
2022-11-23 16:15,0,3,8,1.21197,0.28327,1.12949,26,0,2,1,5,0,90,1.68073,98.0714
2022-11-23 16:16,0,3,8,1.21767,0.28619,1.13354,26,0,2,1,5,0,90,1.68806,98.1099
2022-11-23 16:17,0,3,8,1.22362,0.2821,1.13062,26,0,2,1,5,0,90,1.68971,98.0087
2022-11-23 16:18,0,3,8,1.22397,0.28208,1.12522,26,0,2,1,5,0,90,1.68635,98.0205
2022-11-23 16:19,0,3,8,1.20863,0.27972,1.11444,26,0,2,1,5,0,90,1.66763,98.0389
2022-11-23 16:20,0,3,8,1.21429,0.28455,1.12549,26,0,2,1,5,0,90,1.67994,98.1033
2022-11-23 16:21,0,3,8,1.21184,0.28155,1.12789,26,0,2,1,5,0,90,1.67927,98.0371
2022-11-23 16:22,0,3,8,1.20205,0.2813,1.1197,26,0,2,1,5,0,90,1.66667,98.0806
2022-11-23 16:23,0,3,8,1.21423,0.2762,1.11902,26,0,2,1,5,0,90,1.67417,97.9313
2022-11-23 16:24,0,3,8,1.22064,0.28168,1.12253,26,0,2,1,5,0,90,1.68208,98.0279
2022-11-23 16:25,0,3,8,1.21497,0.28059,1.11464,26,0,2,1,5,0,90,1.67252,98.0394
2022-11-23 16:26,0,3,8,1.22474,0.28101,1.12477,26,0,2,1,5,0,90,1.68643,97.9954
2022-11-23 16:27,0,3,8,1.21512,0.28302,1.12865,26,0,2,1,5,0,90,1.6824,98.0587
2022-11-23 16:28,0,3,8,1.20784,0.28266,1.12221,26,0,2,1,5,0,90,1.67276,98.088
2022-11-23 16:29,0,3,8,1.20456,0.28158,1.12287,26,0,2,1,5,0,90,1.67066,98.0716
2022-11-23 16:30,0,3,8,1.21159,0.28057,1.1208,26,0,2,1,5,0,90,1.67418,98.0335
2022-11-23 16:31,0,3,8,1.2177,0.28344,1.13683,26,0,2,1,5,0,90,1.68983,98.0403
2022-11-23 16:32,0,3,8,0.55943,0.37108,0.57785,26,0,5,2,1,0,90,0.885761,104.656
2022-11-23 16:33,0,3,8,0.56114,0.37417,0.57642,26,0,5,2,1,0,90,0.88721,104.696
2022-11-23 16:34,0,3,8,0.56582,0.46416,0.58093,26,0,5,3,1,0,90,0.934386,105.496
2022-11-23 16:35,0,3,8,0.56153,0.46515,0.59558,26,0,5,3,1,0,90,0.941486,105.464
2022-11-23 16:36,0,3,8,0.57609,0.46598,0.59153,26,0,5,3,1,0,90,0.948116,105.457
2022-11-23 16:37,0,3,8,0.56979,0.46545,0.58707,26,0,5,3,1,0,90,0.941252,105.479
2022-11-23 16:38,0,3,8,0.5566,0.46295,0.58845,26,0,5,3,1,0,90,0.932952,105.482
2022-11-23 16:39,0,3,8,0.56263,0.46094,0.57836,26,0,5,3,1,0,90,0.929257,105.491
2022-11-23 16:40,0,3,8,0.55376,0.45855,0.59074,26,0,5,3,1,0,90,0.930533,105.451
2022-11-23 16:41,0,3,8,0.56828,0.46181,0.58087,26,0,5,3,1,0,90,0.934677,105.477
2022-11-23 16:42,0,3,8,0.55696,0.46096,0.59314,26,0,5,3,1,0,90,0.935149,105.454
2022-11-23 16:43,0,3,8,0.56385,0.46058,0.5937,26,0,5,3,1,0,90,0.939436,105.439
2022-11-23 16:44,0,3,8,0.56396,0.46006,0.58159,26,0,5,3,1,0,90,0.93164,105.473
2022-11-23 16:45,0,3,8,0.55013,0.46076,0.58908,26,0,5,3,1,0,90,0.928417,105.475
2022-11-23 16:46,0,3,8,0.56843,0.45862,0.58169,26,0,5,3,1,0,90,0.933707,105.455
2022-11-23 16:47,0,3,8,0.54953,0.46048,0.58536,26,0,5,3,1,0,90,0.925565,105.487
2022-11-23 16:48,0,3,8,0.55159,0.45854,0.58742,26,0,5,3,1,0,90,0.927131,105.466
2022-11-23 16:49,0,3,8,0.56448,0.45849,0.57132,26,0,5,3,1,0,90,0.924801,105.492
2022-11-23 16:50,0,3,8,0.55612,0.45514,0.58095,26,0,5,3,1,0,90,0.924081,105.459
2022-11-23 16:51,0,3,8,0.55311,0.45333,0.58301,26,0,5,3,1,0,90,0.922681,105.446
2022-11-23 16:52,0,3,8,0.55536,0.46108,0.5934,26,0,5,3,1,0,90,0.934421,105.456
2022-11-23 16:53,0,3,8,0.54684,0.45585,0.57492,26,0,5,3,1,0,90,0.915077,105.498
2022-11-23 16:54,0,3,8,0.55526,0.46032,0.58754,26,0,5,3,1,0,90,0.930275,105.471
2022-11-23 16:55,0,3,8,0.5629,0.46304,0.59275,26,0,5,3,1,0,90,0.939476,105.459
2022-11-23 16:56,0,3,8,0.56404,0.46452,0.5893,26,0,5,3,1,0,90,0.93872,105.477
2022-11-23 16:57,0,3,8,0.56223,0.46004,0.58288,26,0,5,3,1,0,90,0.931391,105.473
2022-11-23 16:58,0,3,8,0.56301,0.46024,0.58649,26,0,5,3,1,0,90,0.934222,105.461
2022-11-23 16:59,0,3,8,0.56183,0.45842,0.59185,26,0,5,3,1,0,90,0.935996,105.435
2022-11-23 17:00,0,3,8,0.56981,0.46528,0.58859,26,0,5,3,1,0,90,0.942129,105.473
2022-11-23 17:01,0,3,8,0.5722,0.46164,0.59228,26,0,5,3,1,0,90,0.944097,105.435
2022-11-23 17:02,0,3,8,0.57648,0.46438,0.59155,26,0,5,3,1,0,90,0.947581,105.446
2022-11-23 17:03,0,3,8,0.56972,0.46163,0.59739,26,0,5,3,1,0,90,0.945811,105.423
2022-11-23 17:04,0,3,8,0.57038,0.46174,0.58766,26,0,5,3,1,0,90,0.94015,105.453
2022-11-23 17:05,0,3,8,0.55921,0.46285,0.58457,26,0,5,3,1,0,90,0.932024,105.49
2022-11-23 17:06,0,3,8,0.56406,0.46104,0.58728,26,0,5,3,1,0,90,0.935745,105.462
2022-11-23 17:07,0,3,8,0.55724,0.45975,0.58774,26,0,5,3,1,0,90,0.931303,105.464
2022-11-23 17:08,0,3,8,0.57169,0.46154,0.58226,26,0,5,3,1,0,90,0.937484,105.465
2022-11-23 17:09,0,3,8,0.56373,0.46113,0.58156,26,0,5,3,1,0,90,0.932011,105.48
2022-11-23 17:10,0,3,8,0.55933,0.45927,0.58677,26,0,5,3,1,0,90,0.931707,105.461
2022-11-23 17:11,0,3,8,0.55781,0.4569,0.58099,26,0,5,3,1,0,90,0.925991,105.467
2022-11-23 17:12,0,3,8,0.56486,0.4595,0.58951,26,0,5,3,1,0,90,0.936872,105.444
2022-11-23 17:13,0,3,8,0.56007,0.45963,0.59107,26,0,5,3,1,0,90,0.935041,105.448
2022-11-23 17:14,0,3,8,0.57372,0.46479,0.58947,26,0,5,3,1,0,90,0.944806,105.46
2022-11-23 17:15,0,3,8,0.56953,0.46369,0.60285,26,0,5,3,1,0,90,0.950158,105.418
2022-11-23 17:16,0,3,8,0.57182,0.46374,0.59836,26,0,5,3,1,0,90,0.948719,105.43
2022-11-23 17:17,0,3,8,0.57529,0.46502,0.59001,26,0,5,3,1,0,90,0.94621,105.457
2022-11-23 17:18,0,3,8,0.56378,0.46561,0.60211,26,0,5,3,1,0,90,0.947194,105.442
2022-11-23 17:19,0,3,8,0.56638,0.46674,0.5966,26,0,5,3,1,0,90,0.945814,105.463
2022-11-23 17:20,0,3,8,0.57448,0.46767,0.59878,26,0,5,3,1,0,90,0.952512,105.448
2022-11-23 17:21,0,3,8,0.57273,0.4678,0.59721,26,0,5,3,1,0,90,0.950535,105.457
2022-11-23 17:22,0,3,8,0.56272,0.46156,0.59639,26,0,5,3,1,0,90,0.940942,105.438
2022-11-23 17:23,0,3,8,0.56589,0.46505,0.59651,26,0,5,3,1,0,90,0.944631,105.454
2022-11-23 17:24,0,3,8,0.55904,0.45567,0.58557,26,0,5,3,1,0,90,0.929007,105.443
2022-11-23 17:25,0,3,8,0.56473,0.46087,0.58827,26,0,5,3,1,0,90,0.936687,105.457
2022-11-23 17:26,0,3,8,0.56334,0.46234,0.59898,26,0,5,3,1,0,90,0.943338,105.433
2022-11-23 17:27,0,3,8,0.56744,0.46391,0.60142,26,0,5,3,1,0,90,0.948107,105.428
2022-11-23 17:28,0,3,8,0.57203,0.4652,0.60327,26,0,5,3,1,0,90,0.952662,105.423
2022-11-23 17:29,0,3,8,0.5641,0.46448,0.59732,26,0,5,3,1,0,90,0.943791,105.451
2022-11-23 17:30,0,3,8,0.56935,0.46573,0.5879,26,0,5,3,1,0,90,0.941642,105.479
2022-11-23 17:31,0,3,8,0.56685,0.46168,0.5888,26,0,5,3,1,0,90,0.938697,105.456
2022-11-23 17:32,0,3,8,0.57053,0.4618,0.58894,26,0,5,3,1,0,90,0.941071,105.449
2022-11-23 17:33,0,3,8,0.56879,0.46534,0.5897,26,0,5,3,1,0,90,0.942236,105.472
2022-11-23 17:34,0,3,8,0.56279,0.46202,0.5878,26,0,5,3,1,0,90,0.935791,105.469
2022-11-23 17:35,0,3,8,0.55817,0.45948,0.58801,26,0,5,3,1,0,90,0.931897,105.46
2022-11-23 17:36,0,3,8,0.56309,0.45865,0.58575,26,0,5,3,1,0,90,0.933024,105.454
2022-11-23 17:37,0,3,8,0.55552,0.45499,0.5698,26,0,5,3,1,0,90,0.916674,105.494
2022-11-23 17:38,0,3,8,0.55781,0.45597,0.58162,26,0,5,3,1,0,90,0.925928,105.46
2022-11-23 17:39,0,3,8,0.54915,0.45213,0.58316,26,0,5,3,1,0,90,0.919817,105.444
2022-11-23 17:40,0,3,8,0.55229,0.4531,0.57953,26,0,5,3,1,0,90,0.91988,105.458
2022-11-23 17:41,0,3,8,0.56308,0.46338,0.58027,26,0,5,3,1,0,90,0.93193,105.499
2022-11-23 17:42,0,3,8,0.56863,0.46599,0.59139,26,0,5,3,1,0,90,0.943519,105.471
2022-11-23 17:43,0,3,8,0.56593,0.46318,0.58693,26,0,5,3,1,0,90,0.93771,105.473
2022-11-23 17:44,0,3,8,0.57046,0.46356,0.58399,26,0,5,3,1,0,90,0.938806,105.475
2022-11-23 17:45,0,3,8,0.569,0.46498,0.58588,26,0,5,3,1,0,90,0.939799,105.481
2022-11-23 17:46,0,3,8,0.56091,0.46444,0.58584,26,0,5,3,1,0,90,0.93463,105.492
2022-11-23 17:47,0,3,8,0.56939,0.46304,0.5946,26,0,5,3,1,0,90,0.944542,105.442
2022-11-23 17:48,0,3,8,0.56732,0.46124,0.58567,26,0,5,3,1,0,90,0.936805,105.462
2022-11-23 17:49,0,3,8,0.56899,0.46201,0.59449,26,0,5,3,1,0,90,0.943727,105.436
2022-11-23 17:50,0,3,8,0.56708,0.46377,0.59408,26,0,5,3,1,0,90,0.943183,105.452
2022-11-23 17:51,0,3,8,0.56623,0.46218,0.58677,26,0,5,3,1,0,90,0.937297,105.467
2022-11-23 17:52,0,3,8,0.563,0.46011,0.57854,26,0,5,3,1,0,90,0.929182,105.485
2022-11-23 17:53,0,3,8,0.56634,0.46543,0.58496,26,0,5,3,1,0,90,0.93784,105.491
2022-11-23 17:54,0,3,8,0.56637,0.45966,0.58755,26,0,5,3,1,0,90,0.936631,105.448
2022-11-23 17:55,0,3,8,0.55715,0.45937,0.58875,26,0,5,3,1,0,90,0.931699,105.458
2022-11-23 17:56,0,3,8,0.5679,0.46234,0.59526,26,0,5,3,1,0,90,0.943718,105.438
2022-11-23 17:57,0,3,8,0.57374,0.46344,0.59362,26,0,5,3,1,0,90,0.946752,105.439
2022-11-23 17:58,0,3,8,0.56333,0.45781,0.59186,26,0,5,3,1,0,90,0.936605,105.428
2022-11-23 17:59,0,3,8,0.56353,0.46264,0.5865,26,0,5,3,1,0,90,0.935726,105.475
2022-11-23 18:00,0,3,8,0.57411,0.46336,0.59114,26,0,5,3,1,0,90,0.945384,105.445
2022-11-23 18:01,0,3,8,0.56596,0.46202,0.5982,26,0,5,3,1,0,90,0.944254,105.429
2022-11-23 18:02,0,3,8,0.56241,0.46289,0.59085,26,0,5,3,1,0,90,0.93791,105.465
2022-11-23 18:03,0,3,8,0.57378,0.4618,0.58966,26,0,5,3,1,0,90,0.943494,105.441
2022-11-23 18:04,0,3,8,0.5666,0.46048,0.5835,26,0,5,3,1,0,90,0.934639,105.465
2022-11-23 18:05,0,3,8,0.5706,0.46557,0.59299,26,0,5,3,1,0,90,0.945504,105.46
2022-11-23 18:06,0,3,8,0.81404,0.45591,0.79927,26,0,2,3,3,0,90,1.22855,103.867
2022-11-23 18:07,0,3,8,0.80036,0.45151,0.80092,26,0,5,3,3,0,90,1.21898,103.855
2022-11-23 18:08,0,3,8,0.81599,0.45232,0.80698,26,0,2,3,3,0,90,1.23355,103.784
2022-11-23 18:09,0,3,8,0.80437,0.45073,0.79778,26,0,2,3,3,0,90,1.21927,103.841
2022-11-23 18:10,0,3,8,0.8141,0.45577,0.79493,26,0,2,3,3,0,90,1.22572,103.88
2022-11-23 18:11,0,3,8,0.81815,0.45911,0.80277,26,0,2,3,3,0,90,1.23474,103.88
2022-11-23 18:12,0,3,8,0.81635,0.46319,0.8109,26,0,2,3,3,0,90,1.24038,103.911
2022-11-23 18:13,0,3,8,0.80965,0.4578,0.81254,26,0,5,3,3,0,90,1.23504,103.86
2022-11-23 18:14,0,3,8,0.82216,0.45423,0.80069,26,0,2,3,3,0,90,1.23425,103.807
2022-11-23 18:15,0,3,8,0.82076,0.45638,0.80788,26,0,2,3,3,0,90,1.23879,103.816
2022-11-23 18:16,0,3,8,0.81749,0.45806,0.80096,26,0,2,3,3,0,90,1.23274,103.876
2022-11-23 18:17,0,3,8,0.81875,0.45635,0.80314,26,0,2,3,3,0,90,1.23436,103.84
2022-11-23 18:18,0,3,8,0.81246,0.45882,0.80853,26,0,2,3,3,0,90,1.23464,103.878
2022-11-23 18:19,0,3,8,0.81952,0.45998,0.81501,26,0,2,3,3,0,90,1.24396,103.843
2022-11-23 18:20,0,3,8,0.81418,0.46116,0.80349,26,0,2,3,3,0,90,1.23335,103.92
2022-11-23 18:21,0,3,8,0.80826,0.45748,0.80379,26,0,2,3,3,0,90,1.22827,103.893
2022-11-23 18:22,0,3,8,0.81414,0.45682,0.80077,26,0,2,3,3,0,90,1.22994,103.873
2022-11-23 18:23,0,3,8,0.80472,0.45494,0.79552,26,0,2,3,3,0,90,1.21959,103.903
2022-11-23 18:24,0,3,8,0.80343,0.4577,0.80301,26,0,2,3,3,0,90,1.22467,103.917
2022-11-23 18:25,0,3,8,0.80849,0.45958,0.80435,26,0,2,3,3,0,90,1.22957,103.918
2022-11-23 18:26,0,3,8,0.80721,0.45966,0.79987,26,0,2,3,3,0,90,1.22583,103.94
2022-11-23 18:27,0,3,8,0.8091,0.45992,0.79428,26,0,2,3,3,0,90,1.22354,103.956
2022-11-23 18:28,0,3,8,0.80504,0.46132,0.79931,26,0,2,3,3,0,90,1.22466,103.971
2022-11-23 18:29,0,3,8,0.80843,0.46383,0.80521,26,0,2,3,3,0,90,1.23169,103.969
2022-11-23 18:30,0,3,8,0.80215,0.46161,0.79852,26,0,2,3,3,0,90,1.22236,103.988
2022-11-23 18:31,0,3,8,0.80577,0.45821,0.79399,26,0,2,3,3,0,90,1.22051,103.947
2022-11-23 18:32,0,3,8,0.8061,0.46042,0.79497,26,0,2,3,3,0,90,1.2222,103.971
2022-11-23 18:33,0,3,8,0.80822,0.46205,0.80569,26,0,2,3,3,0,90,1.2312,103.946
2022-11-23 18:34,0,3,8,0.80861,0.46035,0.79582,26,0,2,3,3,0,90,1.22438,103.958
2022-11-23 18:35,0,3,8,0.80399,0.45841,0.79861,26,0,2,3,3,0,90,1.22242,103.94
2022-11-23 18:36,0,3,8,0.80743,0.46108,0.80371,26,0,2,3,3,0,90,1.22902,103.943
2022-11-23 18:37,0,3,8,0.80906,0.45971,0.80128,26,0,2,3,3,0,90,1.22799,103.928
2022-11-23 18:38,0,3,8,0.80609,0.46118,0.80048,26,0,2,3,3,0,90,1.22607,103.961
2022-11-23 18:39,0,3,8,0.81377,0.46184,0.79871,26,0,2,3,3,0,90,1.23023,103.947
2022-11-23 18:40,0,3,8,0.80735,0.46092,0.803,26,0,2,3,3,0,90,1.22844,103.944
2022-11-23 18:41,0,3,8,0.81012,0.46444,0.80366,26,0,2,3,3,0,90,1.23202,103.976
2022-11-23 18:42,0,3,8,0.81609,0.4657,0.81225,26,0,2,3,3,0,90,1.24203,103.939
2022-11-23 18:43,0,3,8,0.81171,0.46593,0.80259,26,0,2,3,3,0,90,1.23293,103.993
2022-11-23 18:44,0,3,8,0.8105,0.46207,0.80165,26,0,2,3,3,0,90,1.23007,103.952
2022-11-23 18:45,0,3,8,0.81083,0.46424,0.80969,26,0,2,3,3,0,90,1.23635,103.949
2022-11-23 18:46,0,3,8,0.81007,0.46523,0.80775,26,0,2,3,3,0,90,1.23495,103.972
2022-11-23 18:47,0,3,8,0.8125,0.46149,0.7922,26,0,2,3,3,0,90,1.22503,103.97
2022-11-23 18:48,0,3,8,0.81449,0.45969,0.80541,26,0,2,3,3,0,90,1.23426,103.893
2022-11-23 18:49,0,3,8,0.80615,0.46254,0.80124,26,0,2,3,3,0,90,1.22711,103.976
2022-11-23 18:50,0,3,8,0.81645,0.46362,0.80452,26,0,2,3,3,0,90,1.23644,103.939
2022-11-23 18:51,0,3,8,0.81253,0.4644,0.80916,26,0,2,3,3,0,90,1.23718,103.947
2022-11-23 18:52,0,3,8,0.81237,0.46706,0.80577,26,0,2,3,3,0,90,1.23586,103.993
2022-11-23 18:53,0,3,8,0.80856,0.46229,0.80912,26,0,5,3,3,0,90,1.23376,103.935
2022-11-23 18:54,0,3,8,0.80965,0.46164,0.79772,26,0,2,3,3,0,90,1.22678,103.963
2022-11-23 18:55,0,3,8,0.80851,0.4547,0.79456,26,0,2,3,3,0,90,1.22138,103.889
2022-11-23 18:56,0,3,8,0.80415,0.45607,0.79255,26,0,2,3,3,0,90,1.2177,103.931
2022-11-23 18:57,0,3,8,0.81003,0.46427,0.80146,26,0,2,3,3,0,90,1.23046,103.982
2022-11-23 18:58,0,3,8,0.80925,0.46385,0.80717,26,0,2,3,3,0,90,1.23352,103.959
2022-11-23 18:59,0,3,8,0.80963,0.46325,0.80498,26,0,2,3,3,0,90,1.23211,103.958
2022-11-23 19:00,0,3,8,0.80939,0.46286,0.80543,26,0,2,3,3,0,90,1.2321,103.952
2022-11-23 19:01,0,3,8,0.80356,0.46204,0.79768,26,0,2,3,3,0,90,1.2229,103.992
2022-11-23 19:02,0,3,8,0.81103,0.46448,0.80758,26,0,2,3,3,0,90,1.23519,103.959
2022-11-23 19:03,0,3,8,0.80112,0.45674,0.79411,26,0,2,3,3,0,90,1.21697,103.946
2022-11-23 19:04,0,3,8,0.80019,0.46075,0.80827,26,0,5,3,3,0,90,1.22715,103.949
2022-11-23 19:05,0,3,8,0.81238,0.45756,0.79591,26,0,2,3,3,0,90,1.22589,103.907
2022-11-23 19:06,0,3,8,0.80625,0.45856,0.79697,26,0,2,3,3,0,90,1.2229,103.939
2022-11-23 19:07,0,3,8,0.80616,0.45743,0.80357,26,0,2,3,3,0,90,1.22673,103.901
2022-11-23 19:08,0,3,8,0.79973,0.45867,0.79267,26,0,2,3,3,0,90,1.21584,103.981
2022-11-23 19:09,0,3,8,0.79665,0.45651,0.79148,26,0,2,3,3,0,90,1.21223,103.969
2022-11-23 19:10,0,3,8,0.80437,0.46122,0.80411,26,0,2,3,3,0,90,1.22732,103.955
2022-11-23 19:11,0,3,8,0.80552,0.46151,0.80116,26,0,2,3,3,0,90,1.22626,103.965
2022-11-23 19:12,0,3,8,0.80728,0.46033,0.80738,26,0,5,3,3,0,90,1.23104,103.921
2022-11-23 19:13,0,3,8,0.80232,0.46159,0.79746,26,0,2,3,3,0,90,1.22177,103.991
2022-11-23 19:14,0,3,8,0.79911,0.45686,0.78851,26,0,2,3,3,0,90,1.21204,103.975
2022-11-23 19:15,0,3,8,0.80573,0.45803,0.79574,26,0,2,3,3,0,90,1.22155,103.939
2022-11-23 19:16,0,3,8,0.80242,0.45917,0.79698,26,0,2,3,3,0,90,1.22061,103.962
2022-11-23 19:17,0,3,8,0.80789,0.46105,0.7994,26,0,2,3,3,0,90,1.2265,103.957
2022-11-23 19:18,0,3,8,0.81076,0.46221,0.80846,26,0,2,3,3,0,90,1.23474,103.928
2022-11-23 19:19,0,3,8,0.80426,0.45992,0.79654,26,0,2,3,3,0,90,1.22182,103.966
2022-11-23 19:20,0,3,8,0.79876,0.46012,0.79226,26,0,2,3,3,0,90,1.21548,104.005
2022-11-23 19:21,0,3,8,0.80923,0.45362,0.8074,26,0,2,3,3,0,90,1.22985,103.825
2022-11-23 19:22,0,3,8,0.80361,0.45546,0.80395,26,0,5,3,3,0,90,1.22457,103.883
2022-11-23 19:23,0,3,8,0.79814,0.45391,0.80701,26,0,5,3,3,0,90,1.22243,103.872
2022-11-23 19:24,0,3,8,0.80258,0.45588,0.80438,26,0,5,3,3,0,90,1.22433,103.891
2022-11-23 19:25,0,3,8,0.80776,0.4563,0.80302,26,0,2,3,3,0,90,1.227,103.882
2022-11-23 19:26,0,3,8,0.80738,0.45716,0.81336,26,0,5,3,3,0,90,1.23386,103.857
2022-11-23 19:27,0,3,8,0.81335,0.4548,0.80451,26,0,2,3,3,0,90,1.2311,103.836
2022-11-23 19:28,0,3,8,0.81877,0.45353,0.80075,26,0,2,3,3,0,90,1.23178,103.811
2022-11-23 19:29,0,3,8,0.8073,0.45719,0.81072,26,0,5,3,3,0,90,1.23208,103.867
2022-11-23 19:30,0,3,8,0.80945,0.45282,0.8009,26,0,2,3,3,0,90,1.22544,103.838
2022-11-23 19:31,0,3,8,0.806,0.45814,0.81341,26,0,5,3,3,0,90,1.23336,103.874
2022-11-23 19:32,0,3,8,0.80052,0.45473,0.80639,26,0,5,3,3,0,90,1.22388,103.876
2022-11-23 19:33,0,3,8,0.8052,0.44939,0.79145,26,0,2,3,3,0,90,1.21519,103.843
2022-11-23 19:34,0,3,8,0.80908,0.45292,0.79379,26,0,2,3,3,0,90,1.22059,103.866
2022-11-23 19:35,0,3,8,0.80538,0.45679,0.80514,26,0,2,3,3,0,90,1.22701,103.89
2022-11-23 19:36,0,3,8,0.8096,0.45649,0.80631,26,0,2,3,3,0,90,1.23044,103.866
2022-11-23 19:37,0,3,8,0.82106,0.45735,0.80015,26,0,2,3,3,0,90,1.23432,103.855
2022-11-23 19:38,0,3,8,0.82038,0.45541,0.80017,26,0,2,3,3,0,90,1.23316,103.832
2022-11-23 19:39,0,3,8,0.81347,0.45683,0.81808,26,0,5,3,3,0,90,1.24084,103.812
2022-11-23 19:40,0,3,8,0.82397,0.46003,0.80749,26,0,2,3,3,0,90,1.24201,103.853
2022-11-23 19:41,0,3,8,0.82547,0.45606,0.80248,26,0,2,3,3,0,90,1.23829,103.812
2022-11-23 19:42,0,3,8,1.21438,0.45369,1.14786,26,0,2,3,5,0,90,1.73151,101.248
2022-11-23 19:43,0,3,8,1.21573,0.45395,1.14605,26,0,2,3,5,0,90,1.73133,101.252
2022-11-23 19:44,0,3,8,1.21823,0.4551,1.14556,26,0,2,3,5,0,90,1.73306,101.264
2022-11-23 19:45,0,3,8,1.22322,0.45527,1.14766,26,0,2,3,5,0,90,1.73801,101.244
2022-11-23 19:46,0,3,8,1.22234,0.45496,1.14875,26,0,2,3,5,0,90,1.73802,101.239
2022-11-23 19:47,0,3,8,1.22249,0.45227,1.15362,26,0,2,3,5,0,90,1.74065,101.183
2022-11-23 19:48,0,3,8,1.22368,0.45665,1.14863,26,0,2,3,5,0,90,1.73933,101.262
2022-11-23 19:49,0,3,8,1.21621,0.45646,1.15885,26,0,2,3,5,0,90,1.74082,101.255
2022-11-23 19:50,0,3,8,1.22061,0.4505,1.15271,26,0,2,3,5,0,90,1.73827,101.164
2022-11-23 19:51,0,3,8,1.20519,0.45129,1.14843,26,0,2,3,5,0,90,1.72483,101.238
2022-11-23 19:52,0,3,8,1.20131,0.45451,1.14867,26,0,2,3,5,0,90,1.72313,101.301
2022-11-23 19:53,0,3,8,1.22399,0.4553,1.1509,26,0,2,3,5,0,90,1.74069,101.233
2022-11-23 19:54,0,3,8,1.21653,0.45347,1.1459,26,0,2,3,5,0,90,1.73167,101.243
2022-11-23 19:55,0,3,8,1.21624,0.45057,1.15613,26,0,2,3,5,0,90,1.73749,101.17
2022-11-23 19:56,0,3,8,1.22652,0.45367,1.15362,26,0,2,3,5,0,90,1.74385,101.192
2022-11-23 19:57,0,3,8,1.21351,0.45306,1.16057,26,0,2,3,5,0,90,1.73919,101.205
2022-11-23 19:58,0,3,8,1.21469,0.45183,1.14882,26,0,2,3,5,0,90,1.73188,101.215
2022-11-23 19:59,0,3,8,1.21566,0.45064,1.14104,26,0,2,3,5,0,90,1.7271,101.214
2022-11-23 20:00,0,3,8,1.22085,0.44796,1.14844,26,0,2,3,5,0,90,1.73495,101.134
2022-11-23 20:01,0,3,8,1.21921,0.45153,1.15627,26,0,2,3,5,0,90,1.73992,101.175
2022-11-23 20:02,0,3,8,1.21765,0.44933,1.15517,26,0,2,3,5,0,90,1.73752,101.148
2022-11-23 20:03,0,3,8,1.22563,0.45151,1.14942,26,0,2,3,5,0,90,1.73988,101.172
2022-11-23 20:04,0,3,8,1.22118,0.44548,1.15135,26,0,2,3,5,0,90,1.73647,101.086
2022-11-23 20:05,0,3,8,1.21717,0.4438,1.14956,26,0,2,3,5,0,90,1.73204,101.077
2022-11-23 20:06,0,3,8,1.21765,0.44876,1.14655,26,0,2,3,5,0,90,1.73166,101.163
2022-11-23 20:07,0,3,8,1.22617,0.44455,1.15566,26,0,2,3,5,0,90,1.7426,101.043
2022-11-23 20:08,0,3,8,1.21778,0.44971,1.15588,26,0,2,3,5,0,90,1.73819,101.152
2022-11-23 20:09,0,3,8,1.22003,0.44536,1.15389,26,0,2,3,5,0,90,1.73732,101.08
2022-11-23 20:10,0,3,8,1.21643,0.44688,1.14956,26,0,2,3,5,0,90,1.73231,101.128
2022-11-23 20:11,0,3,8,1.21072,0.44266,1.1429,26,0,2,3,5,0,90,1.72279,101.098
2022-11-23 20:12,0,3,8,1.21151,0.44664,1.1449,26,0,2,3,5,0,90,1.7257,101.154
2022-11-23 20:13,0,3,8,1.21465,0.44602,1.14906,26,0,2,3,5,0,90,1.7305,101.122
2022-11-23 20:14,0,3,8,1.21541,0.44594,1.14433,26,0,2,3,5,0,90,1.72788,101.131
2022-11-23 20:15,0,3,8,1.22509,0.44939,1.14907,26,0,2,3,5,0,90,1.73872,101.142
2022-11-23 20:16,0,3,8,1.20858,0.44977,1.14326,26,0,2,3,5,0,90,1.72337,101.218
2022-11-23 20:17,0,3,8,1.21335,0.45094,1.14455,26,0,2,3,5,0,90,1.72788,101.217
2022-11-23 20:18,0,3,8,1.20846,0.44429,1.14089,26,0,2,3,5,0,90,1.72029,101.137
2022-11-23 20:19,0,3,8,1.21214,0.44686,1.13882,26,0,2,3,5,0,90,1.72217,101.172
2022-11-23 20:20,0,3,8,1.21108,0.45264,1.14903,26,0,2,3,5,0,90,1.7297,101.239
2022-11-23 20:21,0,3,8,1.21852,0.44849,1.1476,26,0,2,3,5,0,90,1.73289,101.153
2022-11-23 20:22,0,3,8,1.23169,0.45166,1.15808,26,0,2,3,5,0,90,1.74992,101.131
2022-11-23 20:23,0,3,8,1.22415,0.45222,1.15534,26,0,2,3,5,0,90,1.74294,101.172
2022-11-23 20:24,0,3,8,1.20895,0.44687,1.14006,26,0,2,3,5,0,90,1.72075,101.179
2022-11-23 20:25,0,3,8,1.20674,0.4535,1.1392,26,0,2,3,5,0,90,1.72037,101.294
2022-11-23 20:26,0,3,8,1.2014,0.44389,1.13587,26,0,2,3,5,0,90,1.7119,101.168
2022-11-23 20:27,0,3,8,1.2054,0.44736,1.13669,26,0,2,3,5,0,90,1.71615,101.208
2022-11-23 20:28,0,3,8,1.19593,0.4499,1.1291,26,0,2,3,5,0,90,1.70515,101.301
2022-11-23 20:29,0,3,8,1.18943,0.44893,1.13521,26,0,2,3,5,0,90,1.7044,101.29
2022-11-23 20:30,0,3,8,1.18871,0.44708,1.1219,26,0,2,3,5,0,90,1.69457,101.3
2022-11-23 20:31,0,3,8,1.18876,0.44758,1.1213,26,0,2,3,5,0,90,1.69434,101.31
2022-11-23 20:32,0,3,8,1.19596,0.45019,1.13765,26,0,2,3,5,0,90,1.71092,101.281
2022-11-23 20:33,0,3,8,1.20456,0.44434,1.13378,26,0,2,3,5,0,90,1.71285,101.17
2022-11-23 20:34,0,3,8,1.19756,0.45088,1.13929,26,0,2,3,5,0,90,1.71331,101.282
2022-11-23 20:35,0,3,8,1.20261,0.44716,1.13198,26,0,2,3,5,0,90,1.71102,101.227
2022-11-23 20:36,0,3,8,1.21232,0.44882,1.13999,26,0,2,3,5,0,90,1.72358,101.199
2022-11-23 20:37,0,3,8,1.2061,0.44855,1.13447,26,0,2,3,5,0,90,1.71549,101.231
2022-11-23 20:38,0,3,8,1.20316,0.45239,1.14111,26,0,2,3,5,0,90,1.71883,101.283
2022-11-23 20:39,0,3,8,1.19603,0.44848,1.13913,26,0,2,3,5,0,90,1.7115,101.25
2022-11-23 20:40,0,3,8,1.19254,0.45274,1.13507,26,0,2,3,5,0,90,1.70749,101.34
2022-11-23 20:41,0,3,8,1.20692,0.44965,1.13073,26,0,2,3,5,0,90,1.71388,101.256
2022-11-23 20:42,0,3,8,1.21662,0.45432,1.1392,26,0,2,3,5,0,90,1.72753,101.274
2022-11-23 20:43,0,3,8,1.21562,0.45672,1.14569,26,0,2,3,5,0,90,1.73174,101.297
2022-11-23 20:44,0,3,8,1.1998,0.45186,1.13169,26,0,2,3,5,0,90,1.71009,101.312
2022-11-23 20:45,0,3,8,1.21187,0.45428,1.14484,26,0,2,3,5,0,90,1.72791,101.274
2022-11-23 20:46,0,3,8,1.21248,0.45384,1.14106,26,0,2,3,5,0,90,1.72572,101.275
2022-11-23 20:47,0,3,8,1.21159,0.45623,1.15351,26,0,2,3,5,0,90,1.73398,101.281
2022-11-23 20:48,0,3,8,1.21341,0.45416,1.13899,26,0,2,3,5,0,90,1.72509,101.283
2022-11-23 20:49,0,3,8,1.21362,0.45367,1.13421,26,0,2,3,5,0,90,1.72195,101.287
2022-11-23 20:50,0,3,8,1.21238,0.45784,1.13946,26,0,2,3,5,0,90,1.72564,101.342
2022-11-23 20:51,0,3,8,1.21263,0.45384,1.14407,26,0,2,3,5,0,90,1.72781,101.266
2022-11-23 20:52,0,3,8,1.20606,0.45175,1.13942,26,0,2,3,5,0,90,1.71958,101.268
2022-11-23 20:53,0,3,8,1.19898,0.45484,1.13806,26,0,2,3,5,0,90,1.71453,101.344
2022-11-23 20:54,0,3,8,1.20537,0.45101,1.13627,26,0,2,3,5,0,90,1.71681,101.267
2022-11-23 20:55,0,3,8,1.19772,0.45115,1.13059,26,0,2,3,5,0,90,1.70772,101.311
2022-11-23 20:56,0,3,8,1.19902,0.44953,1.13107,26,0,2,3,5,0,90,1.70852,101.279
2022-11-23 20:57,0,3,8,1.20017,0.4511,1.12333,26,0,2,3,5,0,90,1.70463,101.322
2022-11-23 20:58,0,3,8,1.19495,0.44929,1.13071,26,0,2,3,5,0,90,1.70537,101.29
2022-11-23 20:59,0,3,8,1.19215,0.44547,1.13117,26,0,2,3,5,0,90,1.70271,101.237
2022-11-23 21:00,0,3,8,1.18636,0.44356,1.1233,26,0,2,3,5,0,90,1.69293,101.248
2022-11-23 21:01,0,3,8,1.19966,0.44504,1.13024,26,0,2,3,5,0,90,1.70724,101.208
2022-11-23 21:02,0,3,8,1.18546,0.44672,1.12174,26,0,2,3,5,0,90,1.69209,101.306
2022-11-23 21:03,0,3,8,1.2021,0.4457,1.12506,26,0,2,3,5,0,90,1.70571,101.225
2022-11-23 21:04,0,3,8,1.19847,0.44275,1.12588,26,0,2,3,5,0,90,1.70293,101.187
2022-11-23 21:05,0,3,8,1.19839,0.4509,1.13912,26,0,2,3,5,0,90,1.71378,101.28
2022-11-23 21:06,0,3,8,1.20883,0.4494,1.13814,26,0,2,3,5,0,90,1.72006,101.225
2022-11-23 21:07,0,3,8,1.19629,0.44727,1.12744,26,0,2,3,5,0,90,1.70361,101.262
2022-11-23 21:08,0,3,8,1.1928,0.4507,1.12673,26,0,2,3,5,0,90,1.70159,101.331
2022-11-23 21:09,0,3,8,1.19679,0.44793,1.12378,26,0,2,3,5,0,90,1.70171,101.282
2022-11-23 21:10,0,3,8,1.18259,0.4487,1.13126,26,0,2,3,5,0,90,1.69694,101.32
2022-11-23 21:11,0,3,8,1.18462,0.44457,1.12666,26,0,2,3,5,0,90,1.69421,101.26
2022-11-23 21:12,0,3,8,1.18391,0.44595,1.1294,26,0,2,3,5,0,90,1.69589,101.277
2022-11-23 21:13,0,3,8,1.19412,0.44101,1.11717,26,0,2,3,5,0,90,1.69366,101.198
2022-11-23 21:14,0,3,8,1.19321,0.44489,1.12323,26,0,2,3,5,0,90,1.69804,101.246
2022-11-23 21:15,0,3,8,1.19444,0.44642,1.12957,26,0,2,3,5,0,90,1.7035,101.249
2022-11-23 21:16,0,3,8,1.19062,0.44751,1.12878,26,0,2,3,5,0,90,1.70058,101.281
2022-11-23 21:17,0,3,8,1.20211,0.44748,1.12558,26,0,2,3,5,0,90,1.70653,101.252
2022-11-23 21:18,0,3,8,1.20607,0.4461,1.12909,26,0,2,3,5,0,90,1.71127,101.207
2022-11-23 21:19,0,3,8,1.20474,0.44625,1.13709,26,0,2,3,5,0,90,1.71567,101.191
2022-11-23 21:20,0,3,8,1.19411,0.44318,1.13083,26,0,2,3,5,0,90,1.70326,101.195
2022-11-23 21:21,0,3,8,1.1938,0.44635,1.13302,26,0,2,3,5,0,90,1.70532,101.24
2022-11-23 21:22,0,3,8,0.58583,0.71174,0.62723,26,0,4,5,1,0,90,1.11498,105.597
2022-11-23 21:23,0,3,8,0.58283,0.70848,0.6319,26,0,4,5,1,0,90,1.11397,105.6
2022-11-23 21:24,0,3,8,0.5826,0.70381,0.64065,26,0,4,5,1,0,90,1.11589,105.614
2022-11-23 21:25,0,3,8,0.5732,0.71071,0.65046,26,0,4,5,1,0,90,1.12106,105.56
2022-11-23 21:26,0,3,8,0.57257,0.70904,0.64168,26,0,4,5,1,0,90,1.1146,105.564
2022-11-23 21:27,0,3,8,0.5731,0.70791,0.64482,26,0,4,5,1,0,90,1.11596,105.569
2022-11-23 21:28,0,3,8,0.56908,0.70216,0.64135,26,0,4,5,1,0,90,1.10825,105.571
2022-11-23 21:29,0,3,8,0.58415,0.70777,0.62635,26,0,4,5,1,0,90,1.11107,105.603
2022-11-23 21:30,0,3,8,0.56696,0.70564,0.63614,26,0,4,5,1,0,90,1.10637,105.554
2022-11-23 21:31,0,3,8,0.57134,0.70337,0.63922,26,0,4,5,1,0,90,1.10895,105.577
2022-11-23 21:32,0,3,8,0.58304,0.71198,0.63741,26,0,4,5,1,0,90,1.11944,105.592
2022-11-23 21:33,0,3,8,0.58002,0.71138,0.64643,26,0,4,5,1,0,90,1.12266,105.584
2022-11-23 21:34,0,3,8,0.57715,0.71204,0.64144,26,0,4,5,1,0,90,1.11873,105.572
2022-11-23 21:35,0,3,8,0.58535,0.70875,0.63218,26,0,4,5,1,0,90,1.11562,105.607
2022-11-23 21:36,0,3,8,0.58593,0.71367,0.63152,26,0,4,5,1,0,90,1.11869,105.594
2022-11-23 21:37,0,3,8,0.57886,0.71314,0.64754,26,0,4,5,1,0,90,1.12381,105.575
2022-11-23 21:38,0,3,8,0.58516,0.70884,0.63678,26,0,4,5,1,0,90,1.11819,105.608
2022-11-23 21:39,0,3,8,0.57801,0.71232,0.64484,26,0,4,5,1,0,90,1.1213,105.575
2022-11-23 21:40,0,3,8,0.58255,0.71452,0.63522,26,0,4,5,1,0,90,1.11956,105.582
2022-11-23 21:41,0,3,8,0.57439,0.71485,0.63918,26,0,4,5,1,0,90,1.1178,105.554
2022-11-23 21:42,0,3,8,0.58224,0.71123,0.6452,26,0,4,5,1,0,90,1.123,105.592
2022-11-23 21:43,0,3,8,0.57391,0.71173,0.64839,26,0,4,5,1,0,90,1.12087,105.56
2022-11-23 21:44,0,3,8,0.5856,0.71163,0.64407,26,0,4,5,1,0,90,1.12435,105.602
2022-11-23 21:45,0,3,8,0.57958,0.71737,0.64337,26,0,4,5,1,0,90,1.12448,105.565
2022-11-23 21:46,0,3,8,0.58195,0.71602,0.64491,26,0,4,5,1,0,90,1.12573,105.578
2022-11-23 21:47,0,3,8,0.57576,0.71275,0.6499,26,0,4,5,1,0,90,1.12334,105.564
2022-11-23 21:48,0,3,8,0.5778,0.71225,0.64169,26,0,4,5,1,0,90,1.11934,105.574
2022-11-23 21:49,0,3,8,0.57574,0.71147,0.64697,26,0,4,5,1,0,90,1.12082,105.568
2022-11-23 21:50,0,3,8,0.57871,0.71468,0.6509,26,0,4,5,1,0,90,1.12665,105.57
2022-11-23 21:51,0,3,8,0.58342,0.7143,0.63863,26,0,4,5,1,0,90,1.12181,105.587
2022-11-23 21:52,0,3,8,0.58154,0.71358,0.64412,26,0,4,5,1,0,90,1.12351,105.583
2022-11-23 21:53,0,3,8,0.58553,0.722,0.65068,26,0,4,5,1,0,90,1.13469,105.573
2022-11-23 21:54,0,3,8,0.57926,0.71653,0.64865,26,0,4,5,1,0,90,1.12681,105.567
2022-11-23 21:55,0,3,8,0.5926,0.72508,0.65621,26,0,4,5,1,0,90,1.14347,105.589
2022-11-23 21:56,0,3,8,0.58278,0.71601,0.65332,26,0,4,5,1,0,90,1.13099,105.58
2022-11-23 21:57,0,3,8,0.57612,0.71408,0.64593,26,0,4,5,1,0,90,1.12207,105.562
2022-11-23 21:58,0,3,8,0.57924,0.71444,0.64734,26,0,4,5,1,0,90,1.12472,105.573
2022-11-23 21:59,0,3,8,0.58056,0.7112,0.64447,26,0,4,5,1,0,90,1.12169,105.587
2022-11-23 22:00,0,3,8,0.57907,0.71392,0.64324,26,0,4,5,1,0,90,1.12195,105.574
2022-11-23 22:01,0,3,8,0.58634,0.71819,0.64501,26,0,4,5,1,0,90,1.12944,105.587
2022-11-23 22:02,0,3,8,0.58258,0.71139,0.6383,26,0,4,5,1,0,90,1.11933,105.592
2022-11-23 22:03,0,3,8,0.58475,0.71745,0.64642,26,0,4,5,1,0,90,1.12895,105.583
2022-11-23 22:04,0,3,8,0.59153,0.71499,0.64269,26,0,4,5,1,0,90,1.12879,105.612
2022-11-23 22:05,0,3,8,0.59959,0.71696,0.64706,26,0,4,5,1,0,90,1.13676,105.631
2022-11-23 22:06,0,3,8,0.58838,0.71064,0.64754,26,0,4,5,1,0,90,1.12717,105.614
2022-11-23 22:07,0,3,8,0.58943,0.71474,0.64129,26,0,4,5,1,0,90,1.12674,105.605
2022-11-23 22:08,0,3,8,0.58761,0.71377,0.64544,26,0,4,5,1,0,90,1.12754,105.603
2022-11-23 22:09,0,3,8,0.57536,0.70817,0.65156,26,0,4,5,1,0,90,1.12119,105.575
2022-11-23 22:10,0,3,8,0.58735,0.71139,0.63911,26,0,4,5,1,0,90,1.12228,105.608
2022-11-23 22:11,0,3,8,0.5868,0.71651,0.64242,26,0,4,5,1,0,90,1.12713,105.592
2022-11-23 22:12,0,3,8,0.57077,0.70961,0.64584,26,0,4,5,1,0,90,1.11644,105.555
2022-11-23 22:13,0,3,8,0.5781,0.70957,0.63964,26,0,4,5,1,0,90,1.11662,105.583
2022-11-23 22:14,0,3,8,0.58503,0.70996,0.64389,26,0,4,5,1,0,90,1.1229,105.605
2022-11-23 22:15,0,3,8,0.5795,0.70799,0.64841,26,0,4,5,1,0,90,1.12139,105.592
2022-11-23 22:16,0,3,8,0.58187,0.70644,0.63319,26,0,4,5,1,0,90,1.11291,105.603
2022-11-23 22:17,0,3,8,0.57622,0.70088,0.63586,26,0,4,5,1,0,90,1.10796,105.601
2022-11-23 22:18,0,3,8,0.58164,0.70442,0.63727,26,0,4,5,1,0,90,1.11383,105.609
2022-11-23 22:19,0,3,8,0.57922,0.70505,0.63953,26,0,4,5,1,0,90,1.11427,105.599
2022-11-23 22:20,0,3,8,0.59319,0.7105,0.63445,26,0,4,5,1,0,90,1.12215,105.625
2022-11-23 22:21,0,3,8,0.5814,0.70473,0.63743,26,0,4,5,1,0,90,1.114,105.607
2022-11-23 22:22,0,3,8,0.57288,0.7038,0.64232,26,0,4,5,1,0,90,1.1118,105.58
2022-11-23 22:23,0,3,8,0.57347,0.70564,0.63852,26,0,4,5,1,0,90,1.11108,105.578
2022-11-23 22:24,0,3,8,0.59053,0.70715,0.64027,26,0,4,5,1,0,90,1.12193,105.629
2022-11-23 22:25,0,3,8,0.59581,0.70701,0.63968,26,0,4,5,1,0,90,1.1243,105.644
2022-11-23 22:26,0,3,8,0.59159,0.70618,0.63253,26,0,4,5,1,0,90,1.11748,105.632
2022-11-23 22:27,0,3,8,0.57763,0.70545,0.63318,26,0,4,5,1,0,90,1.11006,105.592
2022-11-23 22:28,0,3,8,0.56759,0.70596,0.63436,26,0,4,5,1,0,90,1.10587,105.555
2022-11-23 22:29,0,3,8,0.58144,0.70578,0.63003,26,0,4,5,1,0,90,1.11047,105.602
2022-11-23 22:30,0,3,8,0.58428,0.70642,0.6396,26,0,4,5,1,0,90,1.11781,105.612
2022-11-23 22:31,0,3,8,0.57889,0.69895,0.64243,26,0,4,5,1,0,90,1.11192,105.615
2022-11-23 22:32,0,3,8,0.57293,0.70352,0.64307,26,0,4,5,1,0,90,1.11208,105.581
2022-11-23 22:33,0,3,8,0.57249,0.70158,0.64359,26,0,4,5,1,0,90,1.11093,105.585
2022-11-23 22:34,0,3,8,0.58793,0.70753,0.63478,26,0,4,5,1,0,90,1.11768,105.619
2022-11-23 22:35,0,3,8,0.57145,0.70865,0.64548,26,0,4,5,1,0,90,1.11597,105.561
2022-11-23 22:36,0,3,8,0.57872,0.70743,0.64147,26,0,4,5,1,0,90,1.11663,105.591
2022-11-23 22:37,0,3,8,0.57954,0.7078,0.63321,26,0,4,5,1,0,90,1.11257,105.592
2022-11-23 22:38,0,3,8,0.57758,0.70926,0.64542,26,0,4,5,1,0,90,1.11947,105.582
2022-11-23 22:39,0,3,8,0.59449,0.70907,0.64177,26,0,4,5,1,0,90,1.12609,105.636
2022-11-23 22:40,0,3,8,0.57863,0.7086,0.64683,26,0,4,5,1,0,90,1.12041,105.587
2022-11-23 22:41,0,3,8,0.57554,0.70934,0.64017,26,0,4,5,1,0,90,1.11545,105.574
2022-11-23 22:42,0,3,8,0.58604,0.71108,0.64834,26,0,4,5,1,0,90,1.12669,105.606
2022-11-23 22:43,0,3,8,0.58021,0.71094,0.64678,26,0,4,5,1,0,90,1.12268,105.586
2022-11-23 22:44,0,3,8,0.56814,0.70778,0.64503,26,0,4,5,1,0,90,1.11346,105.55
2022-11-23 22:45,0,3,8,0.57534,0.70618,0.64705,26,0,4,5,1,0,90,1.11731,105.582
2022-11-23 22:46,0,3,8,0.56913,0.70608,0.63433,26,0,4,5,1,0,90,1.10672,105.561
2022-11-23 22:47,0,3,8,0.58207,0.70635,0.635,26,0,4,5,1,0,90,1.11398,105.604
2022-11-23 22:48,0,3,8,0.56718,0.69926,0.63749,26,0,4,5,1,0,90,1.1032,105.573
2022-11-23 22:49,0,3,8,0.57614,0.70243,0.64046,26,0,4,5,1,0,90,1.11155,105.596
2022-11-23 22:50,0,3,8,0.56378,0.69822,0.63316,26,0,4,5,1,0,90,1.09829,105.564
2022-11-23 22:51,0,3,8,0.57667,0.70279,0.63827,26,0,4,5,1,0,90,1.11079,105.597
2022-11-23 22:52,0,3,8,0.57578,0.69818,0.62273,26,0,4,5,1,0,90,1.09853,105.604
2022-11-23 22:53,0,3,8,0.58154,0.7095,0.6301,26,0,4,5,1,0,90,1.11293,105.592
2022-11-23 22:54,0,3,8,0.58298,0.70262,0.63004,26,0,4,5,1,0,90,1.10927,105.616
2022-11-23 22:55,0,3,8,0.56654,0.7028,0.64011,26,0,4,5,1,0,90,1.10663,105.56
2022-11-23 22:56,0,3,8,0.56421,0.69888,0.63169,26,0,4,5,1,0,90,1.09809,105.564
2022-11-23 22:57,0,3,8,0.58188,0.70163,0.62308,26,0,4,5,1,0,90,1.10413,105.612
2022-11-23 22:58,0,3,8,0.56932,0.70576,0.64418,26,0,4,5,1,0,90,1.11229,105.561
2022-11-23 22:59,0,3,8,0.81744,0.69446,0.84319,26,0,5,5,3,0,90,1.36435,105.577
2022-11-23 23:00,0,3,8,0.82392,0.6968,0.84354,26,0,5,5,3,0,90,1.36965,105.578
2022-11-23 23:01,0,3,8,0.82293,0.69878,0.84747,26,0,5,5,3,0,90,1.37248,105.579
2022-11-23 23:02,0,3,8,0.82657,0.6974,0.84725,26,0,5,5,3,0,90,1.37383,105.57
2022-11-23 23:03,0,3,8,0.82883,0.7026,0.84256,26,0,5,5,3,0,90,1.37496,105.593
2022-11-23 23:04,0,3,8,0.82629,0.69815,0.85031,26,0,5,5,3,0,90,1.37593,105.568
2022-11-23 23:05,0,3,8,0.82752,0.69765,0.83538,26,0,5,5,3,0,90,1.36725,105.589
2022-11-23 23:06,0,3,8,0.82407,0.69371,0.85129,26,0,5,5,3,0,90,1.37296,105.553
2022-11-23 23:07,0,3,8,0.82381,0.69824,0.83467,26,0,5,5,3,0,90,1.36487,105.597
2022-11-23 23:08,0,3,8,0.82625,0.70141,0.84602,26,0,5,5,3,0,90,1.37492,105.586
2022-11-23 23:09,0,3,8,0.81816,0.69603,0.84707,26,0,5,5,3,0,90,1.36798,105.575
2022-11-23 23:10,0,3,8,0.82114,0.69706,0.84259,26,0,5,5,3,0,90,1.36752,105.583
2022-11-23 23:11,0,3,8,0.82908,0.7012,0.84173,26,0,5,5,3,0,90,1.37389,105.589
2022-11-23 23:12,0,3,8,0.82441,0.70033,0.85343,26,0,5,5,3,0,90,1.37785,105.572
2022-11-23 23:13,0,3,8,0.82329,0.69827,0.8483,26,0,5,5,3,0,90,1.37295,105.575
2022-11-23 23:14,0,3,8,0.82114,0.69916,0.85024,26,0,5,5,3,0,90,1.37332,105.577
2022-11-23 23:15,0,3,8,0.82516,0.70254,0.85007,26,0,5,5,3,0,90,1.37734,105.584
2022-11-23 23:16,0,3,8,0.82852,0.70764,0.84741,26,0,5,5,3,0,90,1.38033,105.601
2022-11-23 23:17,0,3,8,0.82889,0.70364,0.854,26,0,5,5,3,0,90,1.38256,105.577
2022-11-23 23:18,0,3,8,0.83107,0.70053,0.84773,26,0,5,5,3,0,90,1.37843,105.575
2022-11-23 23:19,0,3,8,0.82518,0.69887,0.84235,26,0,5,5,3,0,90,1.37073,105.585
2022-11-23 23:20,0,3,8,0.83322,0.70447,0.84464,26,0,5,5,3,0,90,1.37984,105.59
2022-11-23 23:21,0,3,8,0.82464,0.70443,0.85582,26,0,5,5,3,0,90,1.38155,105.581
2022-11-23 23:22,0,3,8,0.82693,0.70183,0.85521,26,0,5,5,3,0,90,1.38122,105.571
2022-11-23 23:23,0,3,8,0.82933,0.70448,0.85142,26,0,5,5,3,0,90,1.38166,105.584
2022-11-23 23:24,0,3,8,0.83243,0.70166,0.84503,26,0,5,5,3,0,90,1.37817,105.581
2022-11-23 23:25,0,3,8,0.83544,0.70828,0.86248,26,0,5,5,3,0,90,1.39409,105.571
2022-11-23 23:26,0,3,8,0.82669,0.70497,0.85079,26,0,5,5,3,0,90,1.37994,105.589
2022-11-23 23:27,0,3,8,0.83268,0.70604,0.85667,26,0,5,5,3,0,90,1.38771,105.577
2022-11-23 23:28,0,3,8,0.83546,0.70649,0.85878,26,0,5,5,3,0,90,1.39091,105.572
2022-11-23 23:29,0,3,8,0.84621,0.70306,0.84563,26,0,2,5,3,0,90,1.38761,105.567
2022-11-23 23:30,0,3,8,0.83341,0.70471,0.84829,26,0,5,5,3,0,90,1.38231,105.585
2022-11-23 23:31,0,3,8,0.82615,0.70902,0.86245,26,0,5,5,3,0,90,1.3889,105.582
2022-11-23 23:32,0,3,8,0.8286,0.70179,0.85855,26,0,5,5,3,0,90,1.38427,105.563
2022-11-23 23:33,0,3,8,0.83106,0.70434,0.8439,26,0,5,5,3,0,90,1.37801,105.594
2022-11-23 23:34,0,3,8,0.83051,0.70083,0.84737,26,0,5,5,3,0,90,1.37802,105.577
2022-11-23 23:35,0,3,8,0.82212,0.70192,0.84158,26,0,5,5,3,0,90,1.36997,105.599
2022-11-23 23:36,0,3,8,0.8328,0.69845,0.85469,26,0,5,5,3,0,90,1.38271,105.554
2022-11-23 23:37,0,3,8,0.82994,0.70127,0.85286,26,0,5,5,3,0,90,1.38129,105.57
2022-11-23 23:38,0,3,8,0.82237,0.69781,0.84374,26,0,5,5,3,0,90,1.36935,105.582
2022-11-23 23:39,0,3,8,0.82069,0.69742,0.85365,26,0,5,5,3,0,90,1.37428,105.565
2022-11-23 23:40,0,3,8,0.82462,0.69993,0.84381,26,0,5,5,3,0,90,1.37183,105.587
2022-11-23 23:41,0,3,8,0.82136,0.69384,0.85022,26,0,5,5,3,0,90,1.37074,105.559
2022-11-23 23:42,0,3,8,0.82695,0.69842,0.8528,26,0,5,5,3,0,90,1.37801,105.564
2022-11-23 23:43,0,3,8,1.14778,0.68507,1.10795,26,0,2,5,5,0,90,1.73617,104.279
2022-11-23 23:44,0,3,8,1.14359,0.68523,1.1105,26,0,2,5,5,0,90,1.73509,104.286
2022-11-23 23:45,0,3,8,1.14003,0.68228,1.10634,26,0,2,5,5,0,90,1.72892,104.281
2022-11-23 23:46,0,3,8,1.14048,0.68183,1.10617,26,0,2,5,5,0,90,1.72893,104.276
2022-11-23 23:47,0,3,8,1.1414,0.68717,1.11432,26,0,2,5,5,0,90,1.73687,104.298
2022-11-23 23:48,0,3,8,1.15637,0.68896,1.12059,26,0,2,5,5,0,90,1.75145,104.259
2022-11-23 23:49,0,3,8,1.15064,0.68759,1.11632,26,0,2,5,5,0,90,1.7444,104.273
2022-11-23 23:50,0,3,8,1.14458,0.68354,1.1085,26,0,2,5,5,0,90,1.7338,104.274
2022-11-23 23:51,0,3,8,1.14182,0.68218,1.09561,26,0,2,5,5,0,90,1.72322,104.299
2022-11-23 23:52,0,3,8,1.1372,0.68411,1.09837,26,0,2,5,5,0,90,1.72269,104.321
2022-11-23 23:53,0,3,8,1.14467,0.68432,1.11551,26,0,2,5,5,0,90,1.73866,104.264
2022-11-23 23:54,0,3,8,1.14964,0.68956,1.11192,26,0,2,5,5,0,90,1.7417,104.301
2022-11-23 23:55,0,3,8,1.14732,0.68841,1.11399,26,0,2,5,5,0,90,1.74104,104.293
2022-11-23 23:56,0,3,8,1.16196,0.68702,1.11253,26,0,2,5,5,0,90,1.74925,104.246
2022-11-23 23:57,0,3,8,1.15258,0.68933,1.12132,26,0,2,5,5,0,90,1.74956,104.271
2022-11-23 23:58,0,3,8,1.15253,0.69049,1.10834,26,0,2,5,5,0,90,1.7417,104.308
2022-11-23 23:59,0,3,8,1.15706,0.69115,1.11658,26,0,2,5,5,0,90,1.75021,104.284
2022-11-24 0:00,0,3,8,1.15163,0.68795,1.11738,26,0,2,5,5,0,90,1.74587,104.271
2022-11-24 0:01,0,3,8,1.15945,0.6861,1.12514,26,0,2,5,5,0,90,1.75528,104.218
2022-11-24 0:02,0,3,8,1.14348,0.69272,1.11635,26,0,2,5,5,0,90,1.74174,104.332
2022-11-24 0:03,0,3,8,1.16426,0.69327,1.11391,26,0,2,5,5,0,90,1.75411,104.287
2022-11-24 0:04,0,3,8,1.15771,0.6972,1.1231,26,0,2,5,5,0,90,1.75719,104.316
2022-11-24 0:05,0,3,8,1.15228,0.69435,1.11876,26,0,2,5,5,0,90,1.74971,104.317
2022-11-24 0:06,0,3,8,1.15273,0.69522,1.12688,26,0,2,5,5,0,90,1.75556,104.305
2022-11-24 0:07,0,3,8,1.14645,0.69434,1.11774,26,0,2,5,5,0,90,1.74522,104.334
2022-11-24 0:08,0,3,8,1.14138,0.69365,1.11899,26,0,2,5,5,0,90,1.74242,104.339
2022-11-24 0:09,0,3,8,1.1435,0.69052,1.11047,26,0,2,5,5,0,90,1.73711,104.328
2022-11-24 0:10,0,3,8,1.14051,0.68752,1.10397,26,0,2,5,5,0,90,1.7298,104.327
2022-11-24 0:11,0,3,8,1.15,0.68983,1.10523,26,0,2,5,5,0,90,1.73779,104.317
2022-11-24 0:12,0,3,8,1.14393,0.69503,1.1217,26,0,2,5,5,0,90,1.74638,104.337
2022-11-24 0:13,0,3,8,1.14471,0.69262,1.11863,26,0,2,5,5,0,90,1.74397,104.323
2022-11-24 0:14,0,3,8,1.14852,0.69226,1.11102,26,0,2,5,5,0,90,1.74146,104.327
2022-11-24 0:15,0,3,8,1.1469,0.69376,1.11536,26,0,2,5,5,0,90,1.74376,104.334
2022-11-24 0:16,0,3,8,1.14102,0.68124,1.10444,26,0,2,5,5,0,90,1.72795,104.274
2022-11-24 0:17,0,3,8,1.13673,0.68289,1.10148,26,0,2,5,5,0,90,1.72388,104.305
2022-11-24 0:18,0,3,8,1.14109,0.68841,1.10899,26,0,2,5,5,0,90,1.73374,104.321
2022-11-24 0:19,0,3,8,1.133,0.68975,1.10719,26,0,2,5,5,0,90,1.72781,104.357
2022-11-24 0:20,0,3,8,1.13089,0.68811,1.09894,26,0,2,5,5,0,90,1.72049,104.368
2022-11-24 0:21,0,3,8,1.12692,0.6847,1.09582,26,0,2,5,5,0,90,1.71452,104.358
2022-11-24 0:22,0,3,8,1.13679,0.68191,1.10128,26,0,2,5,5,0,90,1.7234,104.298
2022-11-24 0:23,0,3,8,1.13214,0.68964,1.10744,26,0,2,5,5,0,90,1.72736,104.357
2022-11-24 0:24,0,3,8,1.13353,0.68042,1.1132,26,0,2,5,5,0,90,1.72832,104.267
2022-11-24 0:25,0,3,8,1.13734,0.68473,1.11383,26,0,2,5,5,0,90,1.73292,104.29
2022-11-24 0:26,0,3,8,1.13824,0.6818,1.10514,26,0,2,5,5,0,90,1.72678,104.284
2022-11-24 0:27,0,3,8,1.1496,0.6875,1.11467,26,0,2,5,5,0,90,1.74262,104.279
2022-11-24 0:28,0,3,8,1.14003,0.68631,1.11193,26,0,2,5,5,0,90,1.73409,104.3
2022-11-24 0:29,0,3,8,1.14127,0.68537,1.11619,26,0,2,5,5,0,90,1.73727,104.28
2022-11-24 0:30,0,3,8,1.44347,0.33374,1.31975,26,0,2,2,6,0,90,1.98412,98.0561
2022-11-24 0:31,0,3,8,1.43696,0.33685,1.3314,26,0,2,2,6,0,90,1.9877,98.1066
2022-11-24 0:32,0,3,8,1.44571,0.33996,1.33431,26,0,2,2,6,0,90,1.99651,98.1374
2022-11-24 0:33,0,3,8,1.45792,0.34045,1.35154,26,0,2,2,6,0,90,2.01695,98.0806
2022-11-24 0:34,0,3,8,1.46752,0.33955,1.33577,26,0,2,2,6,0,90,2.01325,98.0729
2022-11-24 0:35,0,3,8,1.46719,0.34333,1.34657,26,0,2,2,6,0,90,2.02083,98.1219
2022-11-24 0:36,0,3,8,1.45741,0.34272,1.35321,26,0,2,2,6,0,90,2.01809,98.1206
2022-11-24 0:37,0,3,8,1.45206,0.3398,1.34421,26,0,2,2,6,0,90,2.0077,98.0981
2022-11-24 0:38,0,3,8,1.45299,0.34513,1.34554,26,0,2,2,6,0,90,2.01017,98.1923
2022-11-24 0:39,0,3,8,1.46126,0.34506,1.35297,26,0,2,2,6,0,90,2.02111,98.1552
2022-11-24 0:40,0,3,8,1.46851,0.34172,1.35223,26,0,2,2,6,0,90,2.0253,98.0772
2022-11-24 0:41,0,3,8,1.45439,0.34463,1.34316,26,0,2,2,6,0,90,2.0095,98.1846
2022-11-24 0:42,0,3,8,1.45298,0.34597,1.34135,26,0,2,2,6,0,90,2.0075,98.2167
2022-11-24 0:43,0,3,8,1.4493,0.34074,1.33205,26,0,2,2,6,0,90,1.99773,98.1479
2022-11-24 0:44,0,3,8,1.44909,0.34414,1.3369,26,0,2,2,6,0,90,2.0014,98.2017
2022-11-24 0:45,0,3,8,1.44909,0.34517,1.33958,26,0,2,2,6,0,90,2.00337,98.2152
2022-11-24 0:46,0,3,8,1.44432,0.34534,1.339,26,0,2,2,6,0,90,1.99956,98.2314
2022-11-24 0:47,0,3,8,1.44864,0.34692,1.33295,26,0,2,2,6,0,90,1.99892,98.2628
2022-11-24 0:48,0,3,8,1.45561,0.35076,1.34822,26,0,2,2,6,0,90,2.01483,98.2841
2022-11-24 0:49,0,3,8,1.45941,0.34944,1.35406,26,0,2,2,6,0,90,2.02125,98.2382
2022-11-24 0:50,0,3,8,1.47037,0.35381,1.35863,26,0,2,2,6,0,90,2.03299,98.2817
2022-11-24 0:51,0,3,8,1.49735,0.35922,1.37941,26,0,2,2,6,0,90,2.06733,98.2709
2022-11-24 0:52,0,3,8,1.4831,0.35731,1.36896,26,0,2,2,6,0,90,2.04971,98.2926
2022-11-24 0:53,0,3,8,1.48408,0.35515,1.36705,26,0,2,2,6,0,90,2.04877,98.2551
2022-11-24 0:54,0,3,8,1.48431,0.35413,1.3682,26,0,2,2,6,0,90,2.04953,98.2337
2022-11-24 0:55,0,3,8,1.49496,0.35175,1.36919,26,0,2,2,6,0,90,2.0575,98.1627
2022-11-24 0:56,0,3,8,1.49541,0.35136,1.37179,26,0,2,2,6,0,90,2.05949,98.1492
2022-11-24 0:57,0,3,8,1.48942,0.35647,1.37776,26,0,2,2,6,0,90,2.06002,98.2439
2022-11-24 0:58,0,3,8,1.48954,0.35768,1.37571,26,0,2,2,6,0,90,2.05894,98.2697
2022-11-24 0:59,0,3,8,1.49057,0.3546,1.38402,26,0,2,2,6,0,90,2.06472,98.1946
2022-11-24 1:00,0,3,8,1.47305,0.35302,1.36688,26,0,2,2,6,0,90,2.04031,98.2436
2022-11-24 1:01,0,3,8,1.4936,0.35487,1.38859,26,0,2,2,6,0,90,2.07001,98.1828
2022-11-24 1:02,0,3,8,1.48996,0.35653,1.38157,26,0,2,2,6,0,90,2.06297,98.2359
2022-11-24 1:03,0,3,8,1.49014,0.35556,1.37697,26,0,2,2,6,0,90,2.05985,98.2274
2022-11-24 1:04,0,3,8,1.49655,0.35852,1.39156,26,0,2,2,6,0,90,2.07476,98.2353
2022-11-24 1:05,0,3,8,1.49044,0.35538,1.37618,26,0,2,2,6,0,90,2.05951,98.2251
2022-11-24 1:06,0,3,8,1.4944,0.35492,1.38705,26,0,2,2,6,0,90,2.06957,98.185
2022-11-24 1:07,0,3,8,1.49435,0.35476,1.37803,26,0,2,2,6,0,90,2.06347,98.2007
2022-11-24 1:08,0,3,8,1.48555,0.35551,1.3887,26,0,2,2,6,0,90,2.0644,98.2133
2022-11-24 1:09,0,3,8,1.50167,0.35454,1.38334,26,0,2,2,6,0,90,2.07228,98.1684
2022-11-24 1:10,0,3,8,1.4906,0.35491,1.38089,26,0,2,2,6,0,90,2.06269,98.2065
2022-11-24 1:11,0,3,8,1.48643,0.35676,1.37707,26,0,2,2,6,0,90,2.05744,98.2578
2022-11-24 1:12,0,3,8,1.49068,0.35287,1.3758,26,0,2,2,6,0,90,2.059,98.1799
2022-11-24 1:13,0,3,8,1.50608,0.35005,1.37647,26,0,2,2,6,0,90,2.07014,98.0904
2022-11-24 1:14,0,3,8,1.49522,0.35932,1.38185,26,0,2,2,6,0,90,2.06744,98.2728
2022-11-24 1:15,0,3,8,1.51071,0.35946,1.3966,26,0,2,2,6,0,90,2.08853,98.2082
2022-11-24 1:16,0,3,8,1.51956,0.36001,1.39305,26,0,2,2,6,0,90,2.09267,98.2041
2022-11-24 1:17,0,3,8,1.51626,0.35798,1.4066,26,0,2,2,6,0,90,2.09898,98.1485
2022-11-24 1:18,0,3,8,0.68307,0.84179,0.74863,26,0,4,6,2,0,90,1.31744,105.573
2022-11-24 1:19,0,3,8,0.67847,0.83722,0.75029,26,0,4,6,2,0,90,1.31309,105.572
2022-11-24 1:20,0,3,8,0.68077,0.83986,0.75253,26,0,4,6,2,0,90,1.31724,105.572
2022-11-24 1:21,0,3,8,0.68247,0.84484,0.74614,26,0,4,6,2,0,90,1.31767,105.562
2022-11-24 1:22,0,3,8,0.68087,0.83549,0.74959,26,0,4,6,2,0,90,1.31283,105.583
2022-11-24 1:23,0,3,8,0.68331,0.83732,0.75002,26,0,4,6,2,0,90,1.3155,105.585
2022-11-24 1:24,0,3,8,0.67598,0.83291,0.74661,26,0,4,6,2,0,90,1.30695,105.575
2022-11-24 1:25,0,3,8,0.67752,0.8439,0.74858,26,0,4,6,2,0,90,1.31589,105.551
2022-11-24 1:26,0,3,8,0.68144,0.84092,0.74193,26,0,4,6,2,0,90,1.31224,105.568
2022-11-24 1:27,0,3,8,0.68207,0.8379,0.74975,26,0,4,6,2,0,90,1.31508,105.58
2022-11-24 1:28,0,3,8,0.68754,0.8462,0.74815,26,0,4,6,2,0,90,1.32231,105.574
2022-11-24 1:29,0,3,8,0.68023,0.8425,0.75534,26,0,4,6,2,0,90,1.32025,105.564
2022-11-24 1:30,0,3,8,0.68764,0.84647,0.757,26,0,4,6,2,0,90,1.32756,105.576
2022-11-24 1:31,0,3,8,0.68711,0.8444,0.74937,26,0,4,6,2,0,90,1.32162,105.578
2022-11-24 1:32,0,3,8,0.6839,0.8412,0.75185,26,0,4,6,2,0,90,1.31932,105.578
2022-11-24 1:33,0,3,8,0.68086,0.84441,0.75601,26,0,4,6,2,0,90,1.32218,105.561
2022-11-24 1:34,0,3,8,0.68068,0.84571,0.74767,26,0,4,6,2,0,90,1.31817,105.555
2022-11-24 1:35,0,3,8,0.67465,0.83979,0.7532,26,0,4,6,2,0,90,1.31442,105.553
2022-11-24 1:36,0,3,8,0.68466,0.83781,0.75257,26,0,4,6,2,0,90,1.31797,105.588
2022-11-24 1:37,0,3,8,0.68499,0.84462,0.75512,26,0,4,6,2,0,90,1.32393,105.573
2022-11-24 1:38,0,3,8,0.68261,0.84167,0.74837,26,0,4,6,2,0,90,1.31697,105.572
2022-11-24 1:39,0,3,8,0.68634,0.84742,0.75145,26,0,4,6,2,0,90,1.32433,105.569
2022-11-24 1:40,0,3,8,0.68729,0.85429,0.75373,26,0,4,6,2,0,90,1.33052,105.554
2022-11-24 1:41,0,3,8,0.69035,0.84276,0.74739,26,0,4,6,2,0,90,1.32114,105.59
2022-11-24 1:42,0,3,8,0.68433,0.83977,0.75414,26,0,4,6,2,0,90,1.31994,105.583
2022-11-24 1:43,0,3,8,0.68501,0.83672,0.7505,26,0,4,6,2,0,90,1.31628,105.592
2022-11-24 1:44,0,3,8,0.68866,0.84774,0.75444,26,0,4,6,2,0,90,1.32744,105.575
2022-11-24 1:45,0,3,8,0.68419,0.84277,0.75963,26,0,4,6,2,0,90,1.32492,105.576
2022-11-24 1:46,0,3,8,0.6871,0.85089,0.75032,26,0,4,6,2,0,90,1.32631,105.561
2022-11-24 1:47,0,3,8,0.68305,0.83992,0.75338,26,0,4,6,2,0,90,1.31894,105.579
2022-11-24 1:48,0,3,8,0.68139,0.84097,0.75309,26,0,4,6,2,0,90,1.31859,105.571
2022-11-24 1:49,0,3,8,0.67978,0.83907,0.74378,26,0,4,6,2,0,90,1.31124,105.569
2022-11-24 1:50,0,3,8,0.67901,0.84135,0.74266,26,0,4,6,2,0,90,1.31167,105.56
2022-11-24 1:51,0,3,8,0.68335,0.84654,0.74497,26,0,4,6,2,0,90,1.31855,105.56
2022-11-24 1:52,0,3,8,0.68279,0.83711,0.75123,26,0,4,6,2,0,90,1.31579,105.585
2022-11-24 1:53,0,3,8,0.68488,0.84879,0.75575,26,0,4,6,2,0,90,1.3269,105.562
2022-11-24 1:54,0,3,8,0.6837,0.84158,0.75182,26,0,4,6,2,0,90,1.31945,105.576
2022-11-24 1:55,0,3,8,0.68759,0.84328,0.74567,26,0,4,6,2,0,90,1.31906,105.581
2022-11-24 1:56,0,3,8,0.68102,0.84386,0.74739,26,0,4,6,2,0,90,1.317,105.561
2022-11-24 1:57,0,3,8,0.68654,0.83882,0.74349,26,0,4,6,2,0,90,1.31443,105.589
2022-11-24 1:58,0,3,8,0.68392,0.84386,0.75095,26,0,4,6,2,0,90,1.32052,105.571
2022-11-24 1:59,0,3,8,0.68232,0.8434,0.74884,26,0,4,6,2,0,90,1.3182,105.567
2022-11-24 2:00,0,3,8,0.68518,0.83732,0.75028,26,0,4,6,2,0,90,1.31662,105.591
2022-11-24 2:01,0,3,8,0.68748,0.83186,0.74452,26,0,4,6,2,0,90,1.31108,105.609
2022-11-24 2:02,0,3,8,0.67521,0.83472,0.74022,26,0,4,6,2,0,90,1.30407,105.566
2022-11-24 2:03,0,3,8,0.6782,0.83543,0.74264,26,0,4,6,2,0,90,1.30745,105.574
2022-11-24 2:04,0,3,8,0.67325,0.8357,0.74345,26,0,4,6,2,0,90,1.30552,105.558
2022-11-24 2:05,0,3,8,1.52234,0.82032,1.4557,26,0,2,6,6,0,90,2.26042,103.705
2022-11-24 2:06,0,3,8,1.53073,0.8199,1.46069,26,0,2,6,6,0,90,2.26914,103.674
2022-11-24 2:07,0,3,8,1.53938,0.82351,1.47188,26,0,2,6,6,0,90,2.28348,103.661
2022-11-24 2:08,0,3,8,1.542,0.82144,1.4802,26,0,2,6,6,0,90,2.28987,103.624
2022-11-24 2:09,0,3,8,1.54997,0.81806,1.46459,26,0,2,6,6,0,90,2.284,103.608
2022-11-24 2:10,0,3,8,1.54631,0.8223,1.47502,26,0,2,6,6,0,90,2.28975,103.63
2022-11-24 2:11,0,3,8,1.52821,0.82856,1.47421,26,0,2,6,6,0,90,2.2793,103.719
2022-11-24 2:12,0,3,8,1.53733,0.82144,1.4657,26,0,2,6,6,0,90,2.27737,103.661
2022-11-24 2:13,0,3,8,1.53921,0.82996,1.4712,26,0,2,6,6,0,90,2.28526,103.71
2022-11-24 2:14,0,3,8,1.54276,0.82433,1.48213,26,0,2,6,6,0,90,2.29267,103.64
2022-11-24 2:15,0,3,8,1.54715,0.82676,1.47574,26,0,2,6,6,0,90,2.29238,103.66
2022-11-24 2:16,0,3,8,1.54699,0.82668,1.46161,26,0,2,6,6,0,90,2.28317,103.685
2022-11-24 2:17,0,3,8,1.54343,0.8255,1.4667,26,0,2,6,6,0,90,2.2836,103.676
2022-11-24 2:18,0,3,8,1.55282,0.82666,1.4768,26,0,2,6,6,0,90,2.29686,103.645
2022-11-24 2:19,0,3,8,1.55545,0.83265,1.48375,26,0,2,6,6,0,90,2.30526,103.671
2022-11-24 2:20,0,3,8,1.55504,0.82683,1.47745,26,0,2,6,6,0,90,2.29884,103.64
2022-11-24 2:21,0,3,8,1.55006,0.82901,1.47229,26,0,2,6,6,0,90,2.29294,103.677
2022-11-24 2:22,0,3,8,1.5385,0.83385,1.47124,26,0,2,6,6,0,90,2.28623,103.74
2022-11-24 2:23,0,3,8,1.55999,0.83022,1.48402,26,0,2,6,6,0,90,2.30763,103.642
2022-11-24 2:24,0,3,8,1.54504,0.83026,1.475,26,0,2,6,6,0,90,2.29175,103.692
2022-11-24 2:25,0,3,8,1.54573,0.83057,1.47726,26,0,2,6,6,0,90,2.29378,103.689
2022-11-24 2:26,0,3,8,1.5538,0.8253,1.47373,26,0,2,6,6,0,90,2.29506,103.638
2022-11-24 2:27,0,3,8,1.5448,0.83438,1.47407,26,0,2,6,6,0,90,2.29248,103.725
2022-11-24 2:28,0,3,8,1.5542,0.82503,1.48677,26,0,2,6,6,0,90,2.30363,103.611
2022-11-24 2:29,0,3,8,1.56457,0.83712,1.487,26,0,2,6,6,0,90,2.31513,103.678
2022-11-24 2:30,0,3,8,1.5701,0.82876,1.49708,26,0,2,6,6,0,90,2.32235,103.585
2022-11-24 2:31,0,3,8,1.5632,0.83561,1.4845,26,0,2,6,6,0,90,2.31205,103.674
2022-11-24 2:32,0,3,8,1.57131,0.82787,1.48965,26,0,2,6,6,0,90,2.31807,103.589
2022-11-24 2:33,0,3,8,1.54989,0.8319,1.49087,26,0,2,6,6,0,90,2.30584,103.665
2022-11-24 2:34,0,3,8,1.56118,0.8261,1.48477,26,0,2,6,6,0,90,2.30744,103.607
2022-11-24 2:35,0,3,8,1.55795,0.82926,1.4862,26,0,2,6,6,0,90,2.30731,103.636
2022-11-24 2:36,0,3,8,1.57107,0.8325,1.50073,26,0,2,6,6,0,90,2.32669,103.604
2022-11-24 2:37,0,3,8,1.54868,0.82649,1.48208,26,0,2,6,6,0,90,2.2974,103.643
2022-11-24 2:38,0,3,8,1.56048,0.82433,1.4875,26,0,2,6,6,0,90,2.30809,103.59
2022-11-24 2:39,0,3,8,1.55541,0.83117,1.48744,26,0,2,6,6,0,90,2.30708,103.653
2022-11-24 2:40,0,3,8,1.56308,0.82751,1.49497,26,0,2,6,6,0,90,2.3158,103.595
2022-11-24 2:41,0,3,8,1.55995,0.82906,1.49106,26,0,2,6,6,0,90,2.31172,103.621
2022-11-24 2:42,0,3,8,1.54298,0.8286,1.47709,26,0,2,6,6,0,90,2.29111,103.681
2022-11-24 2:43,0,3,8,1.5631,0.83077,1.48723,26,0,2,6,6,0,90,2.31199,103.633
2022-11-24 2:44,0,3,8,1.56512,0.82857,1.48292,26,0,2,6,6,0,90,2.3098,103.62
2022-11-24 2:45,0,3,8,1.56809,0.82706,1.48848,26,0,2,6,6,0,90,2.31485,103.592
2022-11-24 2:46,0,3,8,1.56677,0.82684,1.48697,26,0,2,6,6,0,90,2.3129,103.596
2022-11-24 2:47,0,3,8,1.57081,0.82576,1.4968,26,0,2,6,6,0,90,2.32158,103.561
2022-11-24 2:48,0,3,8,1.5675,0.82821,1.50633,26,0,2,6,6,0,90,2.32637,103.569
2022-11-24 2:49,0,3,8,1.56586,0.83199,1.50068,26,0,2,6,6,0,90,2.32296,103.612
2022-11-24 2:50,0,3,8,1.56989,0.83313,1.49746,26,0,2,6,6,0,90,2.32401,103.617
2022-11-24 2:51,0,3,8,1.58473,0.83097,1.50204,26,0,2,6,6,0,90,2.33624,103.559
2022-11-24 2:52,0,3,8,1.58261,0.82226,1.49865,26,0,2,6,6,0,90,2.32953,103.504
2022-11-24 2:53,0,3,8,1.59269,0.83338,1.52013,26,0,2,6,6,0,90,2.35414,103.527
2022-11-24 2:54,0,3,8,1.61124,0.83554,1.52933,26,0,2,6,6,0,90,2.37341,103.486
