Index,Process,Time,Temp,Current,Date
1,1,오후 4:21:32.0,76.00784573,1.517,2022-09-29
2,1,오후 4:21:37.0,76.11937724,1.481,2022-09-29
3,1,오후 4:21:42.0,73.12181234,1.721,2022-09-29
4,1,오후 4:21:47.0,73.06197574,1.723,2022-09-29
5,1,오후 4:21:52.0,73.08649643,1.656,2022-09-29
6,1,오후 4:21:57.0,75.25677527,1.654,2022-09-29
7,1,오후 4:22:02.0,71.04198315,1.655,2022-09-29
8,1,오후 4:22:07.0,72.31247367,1.704,2022-09-29
9,1,오후 4:22:12.0,72.53366359,1.609,2022-09-29
10,1,오후 4:22:17.0,74.74042367,1.637,2022-09-29
11,1,오후 4:22:22.0,72.0451851,1.642,2022-09-29
12,1,오후 4:22:27.0,74.4724905,1.693,2022-09-29
13,1,오후 4:22:32.0,72.13914228,1.631,2022-09-29
14,1,오후 4:22:37.0,69.66042142,1.687,2022-09-29
15,1,오후 4:22:42.0,72.17766014,1.633,2022-09-29
16,1,오후 4:22:47.0,70.58643441,1.577,2022-09-29
17,1,오후 4:22:52.0,70.87710396,1.634,2022-09-29
18,1,오후 4:22:57.0,72.01353467,1.598,2022-09-29
19,1,오후 4:23:02.1,70.13914228,1.604,2022-09-29
20,1,오후 4:23:07.1,68.66042142,1.63,2022-09-29
21,1,오후 4:23:12.1,70.17766014,1.588,2022-09-29
22,1,오후 4:23:17.1,69.58643441,1.554,2022-09-29
23,1,오후 4:23:22.1,69.87710396,1.589,2022-09-29
24,1,오후 4:23:27.1,70.01353467,1.575,2022-09-29
25,1,오후 4:23:32.1,66.04198315,1.582,2022-09-29
26,1,오후 4:23:37.1,69.31247367,1.585,2022-09-29
27,1,오후 4:23:42.1,67.53366359,1.495,2022-09-29
28,1,오후 4:23:47.1,67.74042367,1.569,2022-09-29
29,1,오후 4:23:52.1,68.0451851,1.528,2022-09-29
30,1,오후 4:23:57.1,69.4724905,1.533,2022-09-29
31,1,오후 4:24:02.1,65.13914228,1.54,2022-09-29
32,1,오후 4:24:07.1,66.66042142,1.573,2022-09-29
33,1,오후 4:24:12.1,68.17766014,1.474,2022-09-29
34,1,오후 4:24:17.1,66.58643441,1.509,2022-09-29
35,1,오후 4:24:22.1,66.87710396,1.543,2022-09-29
36,1,오후 4:24:27.1,67.01353467,1.507,2022-09-29
37,2,오후 4:24:52.4,74.08489761,1.513,2022-09-29
38,2,오후 4:24:57.4,76.47081535,1.517,2022-09-29
39,2,오후 4:25:02.4,75.84317473,1.678,2022-09-29
40,2,오후 4:25:07.5,77.18546554,1.731,2022-09-29
41,2,오후 4:25:12.5,75.55671043,1.717,2022-09-29
42,2,오후 4:25:17.5,77.93957562,1.749,2022-09-29
43,2,오후 4:25:22.5,74.00784573,1.711,2022-09-29
44,2,오후 4:25:27.5,71.11937724,1.766,2022-09-29
45,2,오후 4:25:32.5,71.12181234,1.675,2022-09-29
46,2,오후 4:25:37.5,71.06197574,1.61,2022-09-29
47,2,오후 4:25:42.5,73.08649643,1.61,2022-09-29
48,2,오후 4:25:47.5,72.25677527,1.609,2022-09-29
49,2,오후 4:25:52.5,72.13914228,1.655,2022-09-29
50,2,오후 4:25:57.5,70.66042142,1.636,2022-09-29
51,2,오후 4:26:02.5,70.17766014,1.633,2022-09-29
52,2,오후 4:26:07.5,72.58643441,1.6,2022-09-29
53,2,오후 4:26:12.5,72.87710396,1.589,2022-09-29
54,2,오후 4:26:17.5,71.01353467,1.644,2022-09-29
55,2,오후 4:26:22.5,69.08489761,1.65,2022-09-29
56,2,오후 4:26:27.5,68.47081535,1.607,2022-09-29
57,2,오후 4:26:32.5,69.84317473,1.564,2022-09-29
58,2,오후 4:26:37.6,70.18546554,1.55,2022-09-29
59,2,오후 4:26:42.6,71.55671043,1.581,2022-09-29
60,2,오후 4:26:47.6,70.93957562,1.589,2022-09-29
61,2,오후 4:26:52.6,68.04198315,1.619,2022-09-29
62,2,오후 4:26:57.6,66.31247367,1.606,2022-09-29
63,2,오후 4:27:02.6,68.53366359,1.54,2022-09-29
64,2,오후 4:27:07.6,67.74042367,1.501,2022-09-29
65,2,오후 4:27:12.6,70.0451851,1.551,2022-09-29
66,2,오후 4:27:17.6,68.4724905,1.533,2022-09-29
67,2,오후 4:27:22.6,64.04198315,1.585,2022-09-29
68,2,오후 4:27:27.6,66.31247367,1.55,2022-09-29
69,2,오후 4:27:32.6,64.53366359,1.449,2022-09-29
70,2,오후 4:27:37.6,66.74042367,1.5,2022-09-29
71,2,오후 4:27:42.6,67.0451851,1.46,2022-09-29
72,2,오후 4:27:47.6,68.4724905,1.51,2022-09-29
73,3,오후 4:28:13.7,75.01093857,1.518,2022-09-29
74,3,오후 4:28:18.7,74.19333629,1.55,2022-09-29
75,3,오후 4:28:23.7,74.28386419,1.698,2022-09-29
76,3,오후 4:28:28.7,75.3394548,1.68,2022-09-29
77,3,오후 4:28:33.7,74.49933689,1.682,2022-09-29
78,3,오후 4:28:38.7,76.81608582,1.706,2022-09-29
79,3,오후 4:28:43.7,74.13914228,1.687,2022-09-29
80,3,오후 4:28:48.7,74.66042142,1.74,2022-09-29
81,3,오후 4:28:53.7,73.17766014,1.679,2022-09-29
82,3,오후 4:28:58.7,74.58643441,1.691,2022-09-29
83,3,오후 4:29:03.7,74.87710396,1.657,2022-09-29
84,3,오후 4:29:08.7,76.01353467,1.689,2022-09-29
85,3,오후 4:29:13.7,72.204035,1.696,2022-09-29
86,3,오후 4:29:18.7,70.87178422,1.721,2022-09-29
87,3,오후 4:29:23.8,70.49957941,1.634,2022-09-29
88,3,오후 4:29:28.8,70.86391347,1.605,2022-09-29
89,3,오후 4:29:33.8,73.90814854,1.596,2022-09-29
90,3,오후 4:29:38.8,71.66209656,1.604,2022-09-29
91,3,오후 4:29:43.8,70.00784573,1.673,2022-09-29
92,3,오후 4:29:48.8,71.11937724,1.623,2022-09-29
93,3,오후 4:29:53.8,69.12181234,1.585,2022-09-29
94,3,오후 4:29:58.8,73.94809231,1.749235566,2022-09-29
95,3,오후 4:30:03.8,71.08649643,1.564,2022-09-29
96,3,오후 4:30:08.8,70.25677527,1.541,2022-09-29
97,3,오후 4:30:13.8,74.94473812,1.794328029,2022-09-29
98,3,오후 4:30:18.8,69.87178422,1.591,2022-09-29
99,3,오후 4:30:23.8,67.49957941,1.521,2022-09-29
100,3,오후 4:30:28.8,69.86391347,1.582,2022-09-29
101,3,오후 4:30:33.8,70.90814854,1.528,2022-09-29
102,3,오후 4:30:38.8,70.66209656,1.581,2022-09-29
103,3,오후 4:30:43.8,65.13914228,1.605,2022-09-29
104,3,오후 4:30:48.8,65.66042142,1.6,2022-09-29
105,3,오후 4:30:53.8,68.17766014,1.474,2022-09-29
106,3,오후 4:30:58.8,68.58643441,1.486,2022-09-29
107,3,오후 4:31:03.9,66.87710396,1.543,2022-09-29
108,3,오후 4:31:08.9,68.01353467,1.553,2022-09-29
109,4,오후 4:31:36.5,75.00784573,1.514,2022-09-29
110,4,오후 4:31:41.5,76.11937724,1.539,2022-09-29
111,4,오후 4:31:46.5,74.12181234,1.698,2022-09-29
112,4,오후 4:31:51.5,75.06197574,1.724,2022-09-29
113,4,오후 4:31:56.5,74.08649643,1.678,2022-09-29
114,4,오후 4:32:01.5,74.25677527,1.7,2022-09-29
115,4,오후 4:32:06.5,74.204035,1.678,2022-09-29
116,4,오후 4:32:11.5,74.87178422,1.681,2022-09-29
117,4,오후 4:32:16.5,73.49957941,1.68,2022-09-29
118,4,오후 4:32:21.5,73.86391347,1.695,2022-09-29
119,4,오후 4:32:26.5,73.90814854,1.665,2022-09-29
120,4,오후 4:32:31.5,74.66209656,1.672,2022-09-29
121,4,오후 4:32:36.5,72.01093857,1.674,2022-09-29
122,4,오후 4:32:41.5,71.19333629,1.69,2022-09-29
123,4,오후 4:32:46.5,69.28386419,1.63,2022-09-29
124,4,오후 4:32:51.5,72.3394548,1.612,2022-09-29
125,4,오후 4:32:56.5,71.49933689,1.568,2022-09-29
126,4,오후 4:33:01.6,70.81608582,1.638,2022-09-29
127,4,오후 4:33:06.6,70.08489761,1.619,2022-09-29
128,4,오후 4:33:11.6,71.47081535,1.604,2022-09-29
129,4,오후 4:33:16.6,68.84317473,1.587,2022-09-29
130,4,오후 4:33:21.6,72.18546554,1.618,2022-09-29
131,4,오후 4:33:26.6,72.55671043,1.559,2022-09-29
132,4,오후 4:33:31.6,69.93957562,1.634,2022-09-29
133,4,오후 4:33:36.6,66.204035,1.642,2022-09-29
134,4,오후 4:33:41.6,66.87178422,1.583,2022-09-29
135,4,오후 4:33:46.6,69.49957941,1.498,2022-09-29
136,4,오후 4:33:51.6,68.86391347,1.514,2022-09-29
137,4,오후 4:33:56.6,67.90814854,1.573,2022-09-29
138,4,오후 4:34:01.6,70.66209656,1.559,2022-09-29
139,4,오후 4:34:06.6,64.01093857,1.537,2022-09-29
140,4,오후 4:34:11.6,67.19333629,1.6,2022-09-29
141,4,오후 4:34:16.6,67.28386419,1.448,2022-09-29
142,4,오후 4:34:21.6,66.3394548,1.521,2022-09-29
143,4,오후 4:34:26.6,66.49933689,1.523,2022-09-29
144,4,오후 4:34:31.7,65.81608582,1.501,2022-09-29
145,5,오후 4:34:58.2,76.08489761,1.505,2022-09-29
146,5,오후 4:35:03.2,75.47081535,1.49,2022-09-29
147,5,오후 4:35:08.2,74.84317473,1.723,2022-09-29
148,5,오후 4:35:13.2,74.18546554,1.709,2022-09-29
149,5,오후 4:35:18.2,76.55671043,1.694,2022-09-29
150,5,오후 4:35:23.2,76.93957562,1.679,2022-09-29
151,5,오후 4:35:28.2,74.01093857,1.733,2022-09-29
152,5,오후 4:35:33.2,73.19333629,1.743,2022-09-29
153,5,오후 4:35:38.2,72.28386419,1.676,2022-09-29
154,5,오후 4:35:43.2,71.3394548,1.657,2022-09-29
155,5,오후 4:35:48.2,72.49933689,1.636,2022-09-29
156,5,오후 4:35:53.2,71.81608582,1.615,2022-09-29
157,5,오후 4:35:58.2,69.00784573,1.642,2022-09-29
158,5,오후 4:36:03.2,69.11937724,1.625,2022-09-29
159,5,오후 4:36:08.2,70.12181234,1.562,2022-09-29
160,5,오후 4:36:13.2,70.06197574,1.565,2022-09-29
161,5,오후 4:36:18.2,72.08649643,1.587,2022-09-29
162,5,오후 4:36:23.2,70.25677527,1.586,2022-09-29
163,5,오후 4:36:28.2,70.04198315,1.632,2022-09-29
164,5,오후 4:36:33.2,68.31247367,1.591,2022-09-29
165,5,오후 4:36:38.3,68.53366359,1.586,2022-09-29
166,5,오후 4:36:43.3,70.74042367,1.546,2022-09-29
167,5,오후 4:36:48.3,69.0451851,1.551,2022-09-29
168,5,오후 4:36:53.3,71.4724905,1.601,2022-09-29
169,5,오후 4:36:58.3,66.00784573,1.563,2022-09-29
170,5,오후 4:37:03.3,69.11937724,1.618,2022-09-29
171,5,오후 4:37:08.3,68.12181234,1.494,2022-09-29
172,5,오후 4:37:13.3,69.06197574,1.565,2022-09-29
173,5,오후 4:37:18.3,68.08649643,1.542,2022-09-29
174,5,오후 4:37:23.3,67.25677527,1.563,2022-09-29
175,5,오후 4:37:28.3,67.01093857,1.541,2022-09-29
176,5,오후 4:37:33.3,65.19333629,1.522,2022-09-29
177,5,오후 4:37:38.3,64.28386419,1.517,2022-09-29
178,5,오후 4:37:43.3,67.3394548,1.476,2022-09-29
179,5,오후 4:37:48.3,67.49933689,1.455,2022-09-29
180,5,오후 4:37:53.3,67.81608582,1.524,2022-09-29
181,6,오후 4:38:20.0,73.204035,1.528,2022-09-29
182,6,오후 4:38:25.1,74.87178422,1.535,2022-09-29
183,6,오후 4:38:30.1,77.49957941,1.657,2022-09-29
184,6,오후 4:38:35.1,75.86391347,1.696,2022-09-29
185,6,오후 4:38:40.1,76.90814854,1.755,2022-09-29
186,6,오후 4:38:45.1,75.66209656,1.718,2022-09-29
187,6,오후 4:38:50.1,71.204035,1.741,2022-09-29
188,6,오후 4:38:55.1,72.87178422,1.714,2022-09-29
189,6,오후 4:39:00.1,75.49957941,1.612,2022-09-29
190,6,오후 4:39:05.1,72.86391347,1.65,2022-09-29
191,6,오후 4:39:10.1,74.90814854,1.709,2022-09-29
192,6,오후 4:39:15.1,74.66209656,1.65,2022-09-29
193,6,오후 4:39:20.1,70.01093857,1.696,2022-09-29
194,6,오후 4:39:25.1,70.19333629,1.69,2022-09-29
195,6,오후 4:39:30.1,69.28386419,1.585,2022-09-29
196,6,오후 4:39:35.1,70.3394548,1.588,2022-09-29
197,6,오후 4:39:40.1,71.20532243,1.607513912,2022-09-29
198,6,오후 4:39:45.1,72.81608582,1.592,2022-09-29
199,6,오후 4:39:50.1,69.204035,1.573,2022-09-29
200,6,오후 4:39:55.1,69.87178422,1.648,2022-09-29
201,6,오후 4:40:00.2,71.49957941,1.566,2022-09-29
202,6,오후 4:40:05.2,70.86391347,1.582,2022-09-29
203,6,오후 4:40:10.2,69.90814854,1.618,2022-09-29
204,6,오후 4:40:15.2,69.66209656,1.605,2022-09-29
205,6,오후 4:40:20.2,66.08489761,1.583,2022-09-29
206,6,오후 4:40:25.2,69.47081535,1.577,2022-09-29
207,6,오후 4:40:30.2,66.84317473,1.496,2022-09-29
208,6,오후 4:40:35.2,67.18546554,1.572,2022-09-29
209,6,오후 4:40:40.2,67.55671043,1.513,2022-09-29
210,6,오후 4:40:45.2,79.11054623,1.696192002,2022-09-29
211,6,오후 4:40:50.2,67.00784573,1.529,2022-09-29
212,6,오후 4:40:55.2,64.11937724,1.606,2022-09-29
213,6,오후 4:41:00.2,65.12181234,1.517,2022-09-29
214,6,오후 4:41:05.2,64.06197574,1.451,2022-09-29
215,6,오후 4:41:10.2,65.08649643,1.474,2022-09-29
216,6,오후 4:41:15.2,64.25677527,1.45,2022-09-29
217,7,오후 4:41:42.9,73.01093857,1.473,2022-09-29
218,7,오후 4:41:47.9,74.19333629,1.454,2022-09-29
219,7,오후 4:41:52.9,73.28386419,1.653,2022-09-29
220,7,오후 4:41:57.9,76.3394548,1.68,2022-09-29
221,7,오후 4:42:02.9,74.49933689,1.659,2022-09-29
222,7,오후 4:42:07.9,73.81608582,1.729,2022-09-29
223,7,오후 4:42:12.9,73.08489761,1.687,2022-09-29
224,7,오후 4:42:17.9,71.47081535,1.671,2022-09-29
225,7,오후 4:42:22.9,73.84317473,1.655,2022-09-29
226,7,오후 4:42:27.9,74.18546554,1.618,2022-09-29
227,7,오후 4:42:32.9,73.55671043,1.672,2022-09-29
228,7,오후 4:42:37.9,75.93957562,1.68,2022-09-29
229,7,오후 4:42:42.9,70.204035,1.665,2022-09-29
230,7,오후 4:42:47.9,71.87178422,1.72,2022-09-29
231,7,오후 4:42:52.9,81.82547123,1.818481659,2022-09-29
232,7,오후 4:42:57.9,71.86391347,1.627,2022-09-29
233,7,오후 4:43:02.9,73.90814854,1.619,2022-09-29
234,7,오후 4:43:07.9,72.66209656,1.627,2022-09-29
235,7,오후 4:43:12.9,71.01093857,1.673,2022-09-29
236,7,오후 4:43:17.9,70.19333629,1.645,2022-09-29
237,7,오후 4:43:22.9,75.27565177,1.74597612,2022-09-29
238,7,오후 4:43:28.0,71.3394548,1.589,2022-09-29
239,7,오후 4:43:33.0,68.49933689,1.568,2022-09-29
240,7,오후 4:43:38.0,71.81608582,1.615,2022-09-29
241,7,오후 4:43:43.0,69.204035,1.55,2022-09-29
242,7,오후 4:43:48.0,68.87178422,1.626,2022-09-29
243,7,오후 4:43:53.0,69.49957941,1.567,2022-09-29
244,7,오후 4:43:58.0,67.86391347,1.559,2022-09-29
245,7,오후 4:44:03.0,69.90814854,1.573,2022-09-29
246,7,오후 4:44:08.0,68.66209656,1.536,2022-09-29
247,7,오후 4:44:13.0,66.204035,1.582,2022-09-29
248,7,오후 4:44:18.0,65.87178422,1.554,2022-09-29
249,7,오후 4:44:23.0,65.49957941,1.498,2022-09-29
250,7,오후 4:44:28.0,67.86391347,1.491,2022-09-29
251,7,오후 4:44:33.0,65.90814854,1.482,2022-09-29
252,7,오후 4:44:38.1,67.66209656,1.536,2022-09-29
253,8,오후 4:45:03.3,74.204035,1.491,2022-09-29
254,8,오후 4:45:08.3,75.87178422,1.531,2022-09-29
255,8,오후 4:45:13.3,74.49957941,1.681,2022-09-29
256,8,오후 4:45:18.3,76.86391347,1.718,2022-09-29
257,8,오후 4:45:23.3,74.90814854,1.687,2022-09-29
258,8,오후 4:45:28.3,74.66209656,1.74,2022-09-29
259,8,오후 4:45:33.3,74.204035,1.696,2022-09-29
260,8,오후 4:45:38.3,71.87178422,1.691,2022-09-29
261,8,오후 4:45:43.4,73.49957941,1.68,2022-09-29
262,8,오후 4:45:48.4,74.86391347,1.627,2022-09-29
263,8,오후 4:45:53.4,75.90814854,1.664,2022-09-29
264,8,오후 4:45:58.4,75.66209656,1.695,2022-09-29
265,8,오후 4:46:03.4,71.04198315,1.719,2022-09-29
266,8,오후 4:46:08.4,70.31247367,1.713,2022-09-29
267,8,오후 4:46:13.4,70.53366359,1.609,2022-09-29
268,8,오후 4:46:18.4,69.74042367,1.592,2022-09-29
269,8,오후 4:46:23.4,71.0451851,1.596,2022-09-29
270,8,오후 4:46:28.4,73.4724905,1.579,2022-09-29
271,8,오후 4:46:33.4,71.01093857,1.608,2022-09-29
272,8,오후 4:46:38.4,71.19333629,1.664,2022-09-29
273,8,오후 4:46:43.4,69.28386419,1.608,2022-09-29
274,8,오후 4:46:48.4,71.3394548,1.612,2022-09-29
275,8,오후 4:46:53.4,71.49933689,1.568,2022-09-29
276,8,오후 4:46:58.4,70.81608582,1.615,2022-09-29
277,8,오후 4:47:03.4,66.13914228,1.619,2022-09-29
278,8,오후 4:47:08.4,69.66042142,1.603,2022-09-29
279,8,오후 4:47:13.5,67.17766014,1.497,2022-09-29
280,8,오후 4:47:18.5,69.58643441,1.577,2022-09-29
281,8,오후 4:47:23.5,68.87710396,1.52,2022-09-29
282,8,오후 4:47:28.5,71.01353467,1.575,2022-09-29
283,8,오후 4:47:33.5,65.204035,1.559,2022-09-29
284,8,오후 4:47:38.5,65.87178422,1.608,2022-09-29
285,8,오후 4:47:43.5,66.49957941,1.475,2022-09-29
286,8,오후 4:47:48.5,67.86391347,1.491,2022-09-29
287,8,오후 4:47:53.5,66.90814854,1.505,2022-09-29
288,8,오후 4:47:58.5,66.66209656,1.536,2022-09-29
289,9,오후 4:48:26.0,75.13914228,1.514,2022-09-29
290,9,오후 4:48:31.0,73.66042142,1.509,2022-09-29
291,9,오후 4:48:36.0,75.17766014,1.702,2022-09-29
292,9,오후 4:48:41.0,75.58643441,1.668,2022-09-29
293,9,오후 4:48:46.0,76.87710396,1.703,2022-09-29
294,9,오후 4:48:51.0,78.01353467,1.712,2022-09-29
295,9,오후 4:48:56.0,71.13914228,1.741,2022-09-29
296,9,오후 4:49:01.0,71.66042142,1.767,2022-09-29
297,9,오후 4:49:06.0,72.17766014,1.61,2022-09-29
298,9,오후 4:49:11.0,74.58643441,1.623,2022-09-29
299,9,오후 4:49:16.0,74.87710396,1.634,2022-09-29
300,9,오후 4:49:21.0,73.01353467,1.689,2022-09-29
301,9,오후 4:49:26.1,71.08489761,1.696,2022-09-29
302,9,오후 4:49:31.1,70.47081535,1.653,2022-09-29
303,9,오후 4:49:36.1,70.84317473,1.609,2022-09-29
304,9,오후 4:49:41.1,71.18546554,1.595,2022-09-29
305,9,오후 4:49:46.1,70.55671043,1.604,2022-09-29
306,9,오후 4:49:51.1,72.93957562,1.612,2022-09-29
307,9,오후 4:49:56.1,70.08489761,1.597,2022-09-29
308,9,오후 4:50:01.1,68.47081535,1.652,2022-09-29
309,9,오후 4:50:06.1,70.84317473,1.587,2022-09-29
310,9,오후 4:50:11.1,70.18546554,1.55,2022-09-29
311,9,오후 4:50:16.1,70.55671043,1.604,2022-09-29
312,9,오후 4:50:21.1,70.93957562,1.589,2022-09-29
313,9,오후 4:50:26.1,69.01093857,1.597,2022-09-29
314,9,오후 4:50:31.1,66.19333629,1.606,2022-09-29
315,9,오후 4:50:36.1,66.28386419,1.562,2022-09-29
316,9,오후 4:50:41.1,68.3394548,1.498,2022-09-29
317,9,오후 4:50:46.1,68.49933689,1.5,2022-09-29
318,9,오후 4:50:51.1,68.81608582,1.547,2022-09-29
319,9,오후 4:50:56.1,66.04198315,1.551,2022-09-29
320,9,오후 4:51:01.1,66.31247367,1.557,2022-09-29
321,9,오후 4:51:06.1,65.53366359,1.494,2022-09-29
322,9,오후 4:51:11.1,65.74042367,1.501,2022-09-29
323,9,오후 4:51:16.1,67.0451851,1.483,2022-09-29
324,9,오후 4:51:21.1,66.4724905,1.488,2022-09-29
325,10,오후 4:51:46.6,129.2443952,0.988033036,2022-09-29
326,10,오후 4:51:51.6,122.0353004,0.953348278,2022-09-29
327,10,오후 4:51:56.6,113.9977252,1.291960343,2022-09-29
328,10,오후 4:52:01.6,123.1849186,1.066032165,2022-09-29
329,10,오후 4:52:06.6,133.6860464,1.229071046,2022-09-29
330,10,오후 4:52:11.6,132.4684765,1.182033036,2022-09-29
331,10,오후 4:52:16.6,121.9526841,1.235766186,2022-09-29
332,10,오후 4:52:21.6,109.5944488,1.192348278,2022-09-29
333,10,오후 4:52:26.6,127.9466018,1.080766186,2022-09-29
334,10,오후 4:52:31.6,120.1764333,1.012032165,2022-09-29
335,10,오후 4:52:36.6,125.6426475,1.159766186,2022-09-29
336,10,오후 4:52:41.6,129.5582187,1.117348278,2022-09-29
337,10,오후 4:52:46.6,118.4608261,1.087870531,2022-09-29
338,10,오후 4:52:51.6,116.1687525,1.258071046,2022-09-29
339,10,오후 4:52:56.6,117.2978869,1.083890652,2022-09-29
340,10,오후 4:53:01.7,114.4169256,1.021870531,2022-09-29
341,10,오후 4:53:06.7,115.8512681,1.177960343,2022-09-29
342,10,오후 4:53:11.7,115.8508761,1.034033036,2022-09-29
343,10,오후 4:53:16.7,120.2360557,1.004143316,2022-09-29
344,10,오후 4:53:21.7,113.1752043,1.016348278,2022-09-29
345,10,오후 4:53:26.7,118.5118406,0.983032165,2022-09-29
346,10,오후 4:53:31.7,112.0278204,0.944032165,2022-09-29
347,10,오후 4:53:36.7,114.389108,1.017032165,2022-09-29
348,10,오후 4:53:41.7,119.2584485,0.954032165,2022-09-29
349,10,오후 4:53:46.7,113.4432104,1.011348278,2022-09-29
350,10,오후 4:53:51.7,110.124077,1.021348278,2022-09-29
351,10,오후 4:53:56.7,115.71116,0.894032165,2022-09-29
352,10,오후 4:54:01.7,115.731591,0.938870531,2022-09-29
353,10,오후 4:54:06.7,119.4030228,0.979032165,2022-09-29
354,10,오후 4:54:11.7,114.2141418,0.964032165,2022-09-29
355,10,오후 4:54:16.7,107.3987876,1.095890652,2022-09-29
356,10,오후 4:54:21.7,116.5106307,1.150960343,2022-09-29
357,10,오후 4:54:26.7,113.4851877,1.043960343,2022-09-29
358,10,오후 4:54:31.7,112.2290745,1.126960343,2022-09-29
359,10,오후 4:54:36.7,109.191891,0.998348278,2022-09-29
360,10,오후 4:54:41.7,105.5212958,0.953143316,2022-09-29
361,11,오후 4:55:08.6,124.5926486,0.939348278,2022-09-29
362,11,오후 4:55:13.6,124.0421993,1.103071046,2022-09-29
363,11,오후 4:55:18.6,114.4924573,1.293960343,2022-09-29
364,11,오후 4:55:23.6,128.5135182,1.093032165,2022-09-29
365,11,오후 4:55:28.6,125.3043417,1.082143316,2022-09-29
366,11,오후 4:55:33.6,128.2382989,1.093032165,2022-09-29
367,11,오후 4:55:38.6,115.8486625,1.245071046,2022-09-29
368,11,오후 4:55:43.6,122.6888296,1.131143316,2022-09-29
369,11,오후 4:55:48.6,127.0152435,1.130890652,2022-09-29
370,11,오후 4:55:53.6,120.901728,1.016032165,2022-09-29
371,11,오후 4:55:58.6,123.0705311,1.143766186,2022-09-29
372,11,오후 4:56:03.6,118.8076116,1.114870531,2022-09-29
373,11,오후 4:56:08.6,118.7976102,1.232890652,2022-09-29
374,11,오후 4:56:13.6,115.7585581,1.200071046,2022-09-29
375,11,오후 4:56:18.6,109.8819967,0.961143316,2022-09-29
376,11,오후 4:56:23.6,125.3308481,1.172960343,2022-09-29
377,11,오후 4:56:28.7,123.6315685,1.089033036,2022-09-29
378,11,오후 4:56:33.7,122.0380756,1.171890652,2022-09-29
379,11,오후 4:56:38.7,117.9657356,1.223071046,2022-09-29
380,11,오후 4:56:43.7,123.3771442,1.066032165,2022-09-29
381,11,오후 4:56:48.7,119.3049501,1.082033036,2022-09-29
382,11,오후 4:56:53.7,117.4022467,1.025032165,2022-09-29
383,11,오후 4:56:58.7,113.930888,1.007870531,2022-09-29
384,11,오후 4:57:03.7,116.7893366,1.075033036,2022-09-29
385,11,오후 4:57:08.7,111.0941273,1.030348278,2022-09-29
386,11,오후 4:57:13.7,102.7699077,1.093033036,2022-09-29
387,11,오후 4:57:18.7,116.7986442,1.064890652,2022-09-29
388,11,오후 4:57:23.7,113.8587971,0.984033036,2022-09-29
389,11,오후 4:57:28.7,114.1620757,0.994032165,2022-09-29
390,11,오후 4:57:33.7,107.058116,1.130071046,2022-09-29
391,11,오후 4:57:38.7,106.3686379,1.031766186,2022-09-29
392,11,오후 4:57:43.7,107.2952411,0.972143316,2022-09-29
393,11,오후 4:57:48.7,112.4384366,1.002071046,2022-09-29
394,11,오후 4:57:53.7,105.8314521,1.080960343,2022-09-29
395,11,오후 4:57:58.7,107.4119977,0.953766186,2022-09-29
396,11,오후 4:58:03.7,111.8402408,1.029033036,2022-09-29
397,12,오후 4:58:29.5,73.00784573,1.492,2022-09-29
398,12,오후 4:58:34.5,75.11937724,1.554,2022-09-29
399,12,오후 4:58:39.5,73.12181234,1.653,2022-09-29
400,12,오후 4:58:44.5,73.06197574,1.701,2022-09-29
401,12,오후 4:58:49.5,74.08649643,1.655,2022-09-29
402,12,오후 4:58:54.5,73.25677527,1.654,2022-09-29
403,12,오후 4:58:59.5,72.08489761,1.677,2022-09-29
404,12,오후 4:59:04.5,71.47081535,1.659,2022-09-29
405,12,오후 4:59:09.5,73.84317473,1.632,2022-09-29
406,12,오후 4:59:14.5,75.18546554,1.618,2022-09-29
407,12,오후 4:59:19.5,73.55671043,1.672,2022-09-29
408,12,오후 4:59:24.5,72.93957562,1.703,2022-09-29
409,12,오후 4:59:29.5,72.13914228,1.666,2022-09-29
410,12,오후 4:59:34.5,71.66042142,1.652,2022-09-29
411,12,오후 4:59:39.6,73.17766014,1.633,2022-09-29
412,12,오후 4:59:44.6,71.58643441,1.622,2022-09-29
413,12,오후 4:59:49.6,71.87710396,1.657,2022-09-29
414,12,오후 4:59:54.6,71.01353467,1.62,2022-09-29
415,12,오후 4:59:59.6,69.08489761,1.627,2022-09-29
416,12,오후 5:00:04.6,69.47081535,1.608,2022-09-29
417,12,오후 5:00:09.6,69.84317473,1.564,2022-09-29
418,12,오후 5:00:14.6,71.18546554,1.573,2022-09-29
419,12,오후 5:00:19.6,69.55671043,1.581,2022-09-29
420,12,오후 5:00:24.6,71.93957562,1.612,2022-09-29
421,12,오후 5:00:29.6,68.04198315,1.574,2022-09-29
422,12,오후 5:00:34.6,67.31247367,1.628,2022-09-29
423,12,오후 5:00:39.6,67.53366359,1.54,2022-09-29
424,12,오후 5:00:44.6,69.74042367,1.523,2022-09-29
425,12,오후 5:00:49.6,70.0451851,1.528,2022-09-29
426,12,오후 5:00:54.6,67.4724905,1.579,2022-09-29
427,12,오후 5:00:59.6,66.08489761,1.585,2022-09-29
428,12,오후 5:01:04.6,66.47081535,1.527,2022-09-29
429,12,오후 5:01:09.6,65.84317473,1.496,2022-09-29
430,12,오후 5:01:14.6,65.18546554,1.504,2022-09-29
431,12,오후 5:01:19.6,68.55671043,1.49,2022-09-29
432,12,오후 5:01:24.6,65.93957562,1.475,2022-09-29
433,13,오후 5:01:51.2,82.67948337,1.685316571,2022-09-29
434,13,오후 5:01:56.2,75.66042142,1.492,2022-09-29
435,13,오후 5:02:01.2,74.17766014,1.724,2022-09-29
436,13,오후 5:02:06.2,76.58643441,1.713,2022-09-29
437,13,오후 5:02:11.2,74.87710396,1.68,2022-09-29
438,13,오후 5:02:16.2,77.01353467,1.734,2022-09-29
439,13,오후 5:02:21.2,72.01093857,1.696,2022-09-29
440,13,오후 5:02:26.2,74.19333629,1.744,2022-09-29
441,13,오후 5:02:31.2,73.28386419,1.63,2022-09-29
442,13,오후 5:02:36.2,72.3394548,1.68,2022-09-29
443,13,오후 5:02:41.2,71.49933689,1.659,2022-09-29
444,13,오후 5:02:46.2,73.81608582,1.637,2022-09-29
445,13,오후 5:02:51.2,69.08489761,1.619,2022-09-29
446,13,오후 5:02:56.2,77.65173423,1.81551095,2022-09-29
447,13,오후 5:03:01.2,72.84317473,1.564,2022-09-29
448,13,오후 5:03:06.2,70.18546554,1.618,2022-09-29
449,13,오후 5:03:11.2,73.55671043,1.649,2022-09-29
450,13,오후 5:03:16.3,72.93957562,1.589,2022-09-29
451,13,오후 5:03:21.3,71.00784573,1.666,2022-09-29
452,13,오후 5:03:26.3,70.11937724,1.652,2022-09-29
453,13,오후 5:03:31.3,71.12181234,1.607,2022-09-29
454,13,오후 5:03:36.3,68.06197574,1.588,2022-09-29
455,13,오후 5:03:41.3,68.08649643,1.61,2022-09-29
456,13,오후 5:03:46.3,70.25677527,1.541,2022-09-29
457,13,오후 5:03:51.3,66.00784573,1.541,2022-09-29
458,13,오후 5:03:56.3,66.11937724,1.591,2022-09-29
459,13,오후 5:04:01.3,67.12181234,1.494,2022-09-29
460,13,오후 5:04:06.3,68.06197574,1.496,2022-09-29
461,13,오후 5:04:11.3,69.08649643,1.519,2022-09-29
462,13,오후 5:04:16.3,67.25677527,1.54,2022-09-29
463,13,오후 5:04:21.3,66.00784573,1.563,2022-09-29
464,13,오후 5:04:26.3,64.11937724,1.522,2022-09-29
465,13,오후 5:04:31.3,65.12181234,1.494,2022-09-29
466,13,오후 5:04:36.3,65.06197574,1.451,2022-09-29
467,13,오후 5:04:41.3,65.08649643,1.474,2022-09-29
468,13,오후 5:04:46.3,66.25677527,1.472,2022-09-29
469,14,오후 5:05:11.8,73.204035,1.473,2022-09-29
470,14,오후 5:05:16.8,75.87178422,1.499,2022-09-29
471,14,오후 5:05:21.8,74.49957941,1.657,2022-09-29
472,14,오후 5:05:26.8,74.86391347,1.718,2022-09-29
473,14,오후 5:05:31.8,74.90814854,1.687,2022-09-29
474,14,오후 5:05:36.8,74.66209656,1.695,2022-09-29
475,14,오후 5:05:41.8,72.13914228,1.697,2022-09-29
476,14,오후 5:05:46.8,71.66042142,1.69,2022-09-29
477,14,오후 5:05:51.8,75.17766014,1.633,2022-09-29
478,14,오후 5:05:56.8,75.58643441,1.623,2022-09-29
479,14,오후 5:06:01.8,73.87710396,1.703,2022-09-29
480,14,오후 5:06:06.8,76.01353467,1.711,2022-09-29
481,14,오후 5:06:11.8,69.08489761,1.672,2022-09-29
482,14,오후 5:06:16.8,69.47081535,1.721,2022-09-29
483,14,오후 5:06:21.8,70.84317473,1.564,2022-09-29
484,14,오후 5:06:26.8,73.18546554,1.573,2022-09-29
485,14,오후 5:06:31.8,70.55671043,1.604,2022-09-29
486,14,오후 5:06:36.9,70.93957562,1.657,2022-09-29
487,14,오후 5:06:41.9,68.13914228,1.597,2022-09-29
488,14,오후 5:06:46.9,71.66042142,1.606,2022-09-29
489,14,오후 5:06:51.9,72.17766014,1.542,2022-09-29
490,14,오후 5:06:56.9,72.58643441,1.623,2022-09-29
491,14,오후 5:07:01.9,72.87710396,1.634,2022-09-29
492,14,오후 5:07:06.9,71.01353467,1.643,2022-09-29
493,14,오후 5:07:11.9,69.04198315,1.65,2022-09-29
494,14,오후 5:07:16.9,67.31247367,1.608,2022-09-29
495,14,오후 5:07:21.9,67.53366359,1.563,2022-09-29
496,14,오후 5:07:26.9,66.74042367,1.523,2022-09-29
497,14,오후 5:07:31.9,69.0451851,1.528,2022-09-29
498,14,오후 5:07:36.9,69.4724905,1.511,2022-09-29
499,14,오후 5:07:41.9,67.204035,1.563,2022-09-29
500,14,오후 5:07:46.9,67.87178422,1.573,2022-09-29
501,14,오후 5:07:51.9,66.49957941,1.521,2022-09-29
502,14,오후 5:07:56.9,65.86391347,1.536,2022-09-29
503,14,오후 5:08:01.9,65.90814854,1.505,2022-09-29
504,14,오후 5:08:06.9,65.66209656,1.49,2022-09-29
505,15,오후 5:08:34.1,75.01093857,1.492,2022-09-29
506,15,오후 5:08:39.1,75.19333629,1.486,2022-09-29
507,15,오후 5:08:44.1,85.0118594,1.94436774,2022-09-29
508,15,오후 5:08:49.1,76.3394548,1.702,2022-09-29
509,15,오후 5:08:54.1,75.49933689,1.682,2022-09-29
510,15,오후 5:08:59.1,74.81608582,1.728,2022-09-29
511,15,오후 5:09:04.1,72.13914228,1.709,2022-09-29
512,15,오후 5:09:09.1,71.66042142,1.694,2022-09-29
513,15,오후 5:09:14.1,73.17766014,1.633,2022-09-29
514,15,오후 5:09:19.2,75.58643441,1.622,2022-09-29
515,15,오후 5:09:24.2,74.87710396,1.656,2022-09-29
516,15,오후 5:09:29.2,76.01353467,1.711,2022-09-29
517,15,오후 5:09:34.2,72.01093857,1.696,2022-09-29
518,15,오후 5:09:39.2,70.19333629,1.721,2022-09-29
519,15,오후 5:09:44.2,72.28386419,1.63,2022-09-29
520,15,오후 5:09:49.2,70.3394548,1.589,2022-09-29
521,15,오후 5:09:54.2,70.49933689,1.636,2022-09-29
522,15,오후 5:09:59.2,70.81608582,1.593,2022-09-29
523,15,오후 5:10:04.2,69.13914228,1.596,2022-09-29
524,15,오후 5:10:09.2,68.66042142,1.603,2022-09-29
525,15,오후 5:10:14.2,70.17766014,1.565,2022-09-29
526,15,오후 5:10:19.2,69.58643441,1.554,2022-09-29
527,15,오후 5:10:24.2,70.87710396,1.589,2022-09-29
528,15,오후 5:10:29.2,70.01353467,1.575,2022-09-29
529,15,오후 5:10:34.2,69.08489761,1.605,2022-09-29
530,15,오후 5:10:39.2,69.47081535,1.585,2022-09-29
531,15,오후 5:10:44.2,69.84317473,1.564,2022-09-29
532,15,오후 5:10:49.2,67.18546554,1.572,2022-09-29
533,15,오후 5:10:54.2,70.55671043,1.581,2022-09-29
534,15,오후 5:10:59.3,68.93957562,1.521,2022-09-29
535,15,오후 5:11:04.3,67.00784573,1.597,2022-09-29
536,15,오후 5:11:09.3,67.11937724,1.56,2022-09-29
537,15,오후 5:11:14.3,67.12181234,1.517,2022-09-29
538,15,오후 5:11:19.3,65.06197574,1.519,2022-09-29
539,15,오후 5:11:24.3,67.08649643,1.519,2022-09-29
540,15,오후 5:11:29.3,67.25677527,1.472,2022-09-29
541,16,오후 5:11:56.4,76.04198315,1.519,2022-09-29
542,16,오후 5:12:01.4,76.31247367,1.523,2022-09-29
543,16,오후 5:12:06.4,76.53366359,1.722,2022-09-29
544,16,오후 5:12:11.4,75.74042367,1.728,2022-09-29
545,16,오후 5:12:16.4,75.0451851,1.733,2022-09-29
546,16,오후 5:12:21.4,75.4724905,1.715,2022-09-29
547,16,오후 5:12:26.4,72.04198315,1.7,2022-09-29
548,16,오후 5:12:31.4,72.31247367,1.709,2022-09-29
549,16,오후 5:12:36.4,73.53366359,1.631,2022-09-29
550,16,오후 5:12:41.4,84.55900317,1.877166977,2022-09-29
551,16,오후 5:12:46.4,73.0451851,1.665,2022-09-29
552,16,오후 5:12:51.4,74.4724905,1.669,2022-09-29
553,16,오후 5:12:56.4,82.55739908,1.892868889,2022-09-29
554,16,오후 5:13:01.5,69.66042142,1.686,2022-09-29
555,16,오후 5:13:06.5,72.17766014,1.633,2022-09-29
556,16,오후 5:13:11.5,70.58643441,1.576,2022-09-29
557,16,오후 5:13:16.5,72.87710396,1.634,2022-09-29
558,16,오후 5:13:21.5,72.01353467,1.598,2022-09-29
559,16,오후 5:13:26.5,71.04198315,1.65,2022-09-29
560,16,오후 5:13:31.5,71.31247367,1.63,2022-09-29
561,16,오후 5:13:36.5,70.53366359,1.609,2022-09-29
562,16,오후 5:13:41.5,71.74042367,1.614,2022-09-29
563,16,오후 5:13:46.5,71.0451851,1.597,2022-09-29
564,16,오후 5:13:51.5,70.4724905,1.625,2022-09-29
565,16,오후 5:13:56.5,68.08489761,1.608,2022-09-29
566,16,오후 5:14:01.5,69.47081535,1.596,2022-09-29
567,16,오후 5:14:06.5,67.84317473,1.541,2022-09-29
568,16,오후 5:14:11.5,67.18546554,1.572,2022-09-29
569,16,오후 5:14:16.6,68.55671043,1.535,2022-09-29
570,16,오후 5:14:21.6,68.93957562,1.521,2022-09-29
571,16,오후 5:14:26.6,66.13914228,1.551,2022-09-29
572,16,오후 5:14:31.6,66.66042142,1.561,2022-09-29
573,16,오후 5:14:36.6,68.17766014,1.497,2022-09-29
574,16,오후 5:14:41.6,65.58643441,1.509,2022-09-29
575,16,오후 5:14:46.6,65.87710396,1.543,2022-09-29
576,16,오후 5:14:51.6,66.01353467,1.484,2022-09-29
577,17,오후 5:15:19.4,73.204035,1.491,2022-09-29
578,17,오후 5:15:24.4,74.87178422,1.494,2022-09-29
579,17,오후 5:15:29.4,76.49957941,1.658,2022-09-29
580,17,오후 5:15:34.4,74.86391347,1.695,2022-09-29
581,17,오후 5:15:39.4,75.90814854,1.733,2022-09-29
582,17,오후 5:15:44.4,76.66209656,1.695,2022-09-29
583,17,오후 5:15:49.4,72.08489761,1.719,2022-09-29
584,17,오후 5:15:54.5,72.47081535,1.736,2022-09-29
585,17,오후 5:15:59.5,74.84317473,1.632,2022-09-29
586,17,오후 5:16:04.5,72.18546554,1.641,2022-09-29
587,17,오후 5:16:09.5,72.55671043,1.694,2022-09-29
588,17,오후 5:16:14.5,75.93957562,1.634,2022-09-29
589,17,오후 5:16:19.5,70.08489761,1.643,2022-09-29
590,17,오후 5:16:24.5,72.47081535,1.719,2022-09-29
591,17,오후 5:16:29.5,71.84317473,1.586,2022-09-29
592,17,오후 5:16:34.5,72.18546554,1.641,2022-09-29
593,17,오후 5:16:39.5,71.55671043,1.627,2022-09-29
594,17,오후 5:16:44.5,72.93957562,1.634,2022-09-29
595,17,오후 5:16:49.5,69.01093857,1.62,2022-09-29
596,17,오후 5:16:54.5,71.19333629,1.652,2022-09-29
597,17,오후 5:16:59.5,68.28386419,1.562,2022-09-29
598,17,오후 5:17:04.5,70.3394548,1.612,2022-09-29
599,17,오후 5:17:09.5,71.49933689,1.546,2022-09-29
600,17,오후 5:17:14.5,71.81608582,1.592,2022-09-29
601,17,오후 5:17:19.5,66.04198315,1.619,2022-09-29
602,17,오후 5:17:24.5,67.31247367,1.626,2022-09-29
603,17,오후 5:17:29.5,68.53366359,1.495,2022-09-29
604,17,오후 5:17:34.5,68.74042367,1.523,2022-09-29
605,17,오후 5:17:39.5,70.0451851,1.552,2022-09-29
606,17,오후 5:17:44.5,67.4724905,1.555,2022-09-29
607,17,오후 5:17:49.6,65.01093857,1.585,2022-09-29
608,17,오후 5:17:54.6,64.19333629,1.527,2022-09-29
609,17,오후 5:17:59.6,65.28386419,1.471,2022-09-29
610,17,오후 5:18:04.6,65.3394548,1.452,2022-09-29
611,17,오후 5:18:09.6,64.49933689,1.477,2022-09-29
612,17,오후 5:18:14.6,64.81608582,1.479,2022-09-29
613,18,오후 5:18:41.0,75.01093857,1.46,2022-09-29
614,18,오후 5:18:46.0,74.19333629,1.467,2022-09-29
615,18,오후 5:18:51.0,74.28386419,1.699,2022-09-29
616,18,오후 5:18:56.0,74.3394548,1.68,2022-09-29
617,18,오후 5:19:01.0,76.49933689,1.682,2022-09-29
618,18,오후 5:19:06.0,74.81608582,1.684,2022-09-29
619,18,오후 5:19:11.0,73.04198315,1.733,2022-09-29
620,18,오후 5:19:16.0,73.31247367,1.694,2022-09-29
621,18,오후 5:19:21.0,74.53366359,1.654,2022-09-29
622,18,오후 5:19:26.0,71.74042367,1.66,2022-09-29
623,18,오후 5:19:31.0,72.0451851,1.688,2022-09-29
624,18,오후 5:19:36.0,72.4724905,1.624,2022-09-29
625,18,오후 5:19:41.0,77.19107983,1.771102659,2022-09-29
626,18,오후 5:19:46.0,69.47081535,1.641,2022-09-29
627,18,오후 5:19:51.1,72.84317473,1.609,2022-09-29
628,18,오후 5:19:56.1,70.18546554,1.572,2022-09-29
629,18,오후 5:20:01.1,73.55671043,1.649,2022-09-29
630,18,오후 5:20:06.1,72.93957562,1.589,2022-09-29
631,18,오후 5:20:11.1,71.08489761,1.666,2022-09-29
632,18,오후 5:20:16.1,70.47081535,1.652,2022-09-29
633,18,오후 5:20:21.1,69.84317473,1.609,2022-09-29
634,18,오후 5:20:26.1,71.18546554,1.595,2022-09-29
635,18,오후 5:20:31.1,69.55671043,1.581,2022-09-29
636,18,오후 5:20:36.1,70.93957562,1.612,2022-09-29
637,18,오후 5:20:41.1,67.13914228,1.575,2022-09-29
638,18,오후 5:20:46.1,68.66042142,1.606,2022-09-29
639,18,오후 5:20:51.1,69.17766014,1.52,2022-09-29
640,18,오후 5:20:56.1,70.58643441,1.554,2022-09-29
641,18,오후 5:21:01.1,68.87710396,1.566,2022-09-29
642,18,오후 5:21:06.1,69.01353467,1.598,2022-09-29
643,18,오후 5:21:11.1,67.00784573,1.559,2022-09-29
644,18,오후 5:21:16.1,71.79902199,1.697261469,2022-09-29
645,18,오후 5:21:21.1,67.12181234,1.517,2022-09-29
646,18,오후 5:21:26.2,64.06197574,1.496,2022-09-29
647,18,오후 5:21:31.2,67.08649643,1.519,2022-09-29
648,18,오후 5:21:36.2,65.25677527,1.449,2022-09-29
649,19,오후 5:22:02.9,74.08489761,1.518,2022-09-29
650,19,오후 5:22:07.9,76.47081535,1.476,2022-09-29
651,19,오후 5:22:12.9,74.84317473,1.677,2022-09-29
652,19,오후 5:22:17.9,75.18546554,1.732,2022-09-29
653,19,오후 5:22:22.9,77.55671043,1.695,2022-09-29
654,19,오후 5:22:27.9,77.80364834,1.744803181,2022-09-29
655,19,오후 5:22:33.0,74.00784573,1.757,2022-09-29
656,19,오후 5:22:38.0,73.11937724,1.719,2022-09-29
657,19,오후 5:22:43.0,74.12181234,1.676,2022-09-29
658,19,오후 5:22:48.0,73.06197574,1.655,2022-09-29
659,19,오후 5:22:53.0,71.08649643,1.678,2022-09-29
660,19,오후 5:22:58.0,72.25677527,1.655,2022-09-29
661,19,오후 5:23:03.0,69.08489761,1.609,2022-09-29
662,19,오후 5:23:08.0,70.47081535,1.635,2022-09-29
663,19,오후 5:23:13.0,72.84317473,1.563,2022-09-29
664,19,오후 5:23:18.0,70.18546554,1.595,2022-09-29
665,19,오후 5:23:23.0,70.55671043,1.649,2022-09-29
666,19,오후 5:23:28.0,73.93957562,1.588,2022-09-29
667,19,오후 5:23:33.0,68.13914228,1.597,2022-09-29
668,19,오후 5:23:38.0,70.66042142,1.674,2022-09-29
669,19,오후 5:23:43.0,69.17766014,1.542,2022-09-29
670,19,오후 5:23:48.0,70.58643441,1.6,2022-09-29
671,19,오후 5:23:53.0,71.87710396,1.566,2022-09-29
672,19,오후 5:23:58.0,73.01353467,1.598,2022-09-29
673,19,오후 5:24:03.0,69.204035,1.627,2022-09-29
674,19,오후 5:24:08.0,69.87178422,1.653,2022-09-29
675,19,오후 5:24:13.0,68.49957941,1.566,2022-09-29
676,19,오후 5:24:18.1,69.86391347,1.582,2022-09-29
677,19,오후 5:24:23.1,69.90814854,1.55,2022-09-29
678,19,오후 5:24:28.1,67.66209656,1.581,2022-09-29
679,19,오후 5:24:33.1,64.13914228,1.582,2022-09-29
680,19,오후 5:24:38.1,65.66042142,1.532,2022-09-29
681,19,오후 5:24:43.1,65.17766014,1.452,2022-09-29
682,19,오후 5:24:48.1,66.58643441,1.486,2022-09-29
683,19,오후 5:24:53.1,66.87710396,1.475,2022-09-29
684,19,오후 5:24:58.1,69.01353467,1.507,2022-09-29
685,20,오후 5:25:23.2,74.04198315,1.513,2022-09-29
686,20,오후 5:25:28.2,75.31247367,1.562,2022-09-29
687,20,오후 5:25:33.2,74.53366359,1.677,2022-09-29
688,20,오후 5:25:38.2,75.74042367,1.706,2022-09-29
689,20,오후 5:25:43.2,75.0451851,1.688,2022-09-29
690,20,오후 5:25:48.2,77.4724905,1.716,2022-09-29
691,20,오후 5:25:53.2,71.08489761,1.699,2022-09-29
692,20,오후 5:25:58.2,71.47081535,1.755,2022-09-29
693,20,오후 5:26:03.2,72.84317473,1.61,2022-09-29
694,20,오후 5:26:08.2,73.18546554,1.618,2022-09-29
695,20,오후 5:26:13.2,73.55671043,1.649,2022-09-29
696,20,오후 5:26:18.2,74.93957562,1.657,2022-09-29
697,20,오후 5:26:23.2,70.13914228,1.666,2022-09-29
698,20,오후 5:26:28.2,71.66042142,1.697,2022-09-29
699,20,오후 5:26:33.2,71.17766014,1.587,2022-09-29
700,20,오후 5:26:38.2,73.58643441,1.622,2022-09-29
701,20,오후 5:26:43.2,72.87710396,1.611,2022-09-29
702,20,오후 5:26:48.3,82.53857039,1.857893409,2022-09-29
703,20,오후 5:26:53.3,71.204035,1.65,2022-09-29
704,20,오후 5:26:58.3,68.87178422,1.676,2022-09-29
705,20,오후 5:27:03.3,70.49957941,1.612,2022-09-29
706,20,오후 5:27:08.3,70.86391347,1.559,2022-09-29
707,20,오후 5:27:13.3,70.90814854,1.596,2022-09-29
708,20,오후 5:27:18.3,69.66209656,1.604,2022-09-29
709,20,오후 5:27:23.3,67.204035,1.605,2022-09-29
710,20,오후 5:27:28.3,66.87178422,1.577,2022-09-29
711,20,오후 5:27:33.3,68.49957941,1.521,2022-09-29
712,20,오후 5:27:38.3,69.86391347,1.514,2022-09-29
713,20,오후 5:27:43.3,67.90814854,1.55,2022-09-29
714,20,오후 5:27:48.3,67.66209656,1.581,2022-09-29
715,20,오후 5:27:53.3,64.13914228,1.537,2022-09-29
716,20,오후 5:27:58.3,66.66042142,1.531,2022-09-29
717,20,오후 5:28:03.4,65.17766014,1.451,2022-09-29
718,20,오후 5:28:08.4,66.58643441,1.509,2022-09-29
719,20,오후 5:28:13.4,67.87710396,1.475,2022-09-29
720,20,오후 5:28:18.4,68.01353467,1.507,2022-09-29
721,21,오후 5:28:45.1,75.01093857,1.536,2022-09-29
722,21,오후 5:28:50.1,75.19333629,1.539,2022-09-29
723,21,오후 5:28:55.1,73.28386419,1.698,2022-09-29
724,21,오후 5:29:00.1,74.3394548,1.703,2022-09-29
725,21,오후 5:29:05.1,76.49933689,1.659,2022-09-29
726,21,오후 5:29:10.1,76.81608582,1.683,2022-09-29
727,21,오후 5:29:15.1,73.00784573,1.732,2022-09-29
728,21,오후 5:29:20.2,71.11937724,1.739,2022-09-29
729,21,오후 5:29:25.2,71.12181234,1.653,2022-09-29
730,21,오후 5:29:30.2,71.06197574,1.61,2022-09-29
731,21,오후 5:29:35.2,71.08649643,1.61,2022-09-29
732,21,오후 5:29:40.2,74.25677527,1.609,2022-09-29
733,21,오후 5:29:45.2,69.00784573,1.609,2022-09-29
734,21,오후 5:29:50.2,69.11937724,1.681,2022-09-29
735,21,오후 5:29:55.2,71.12181234,1.562,2022-09-29
736,21,오후 5:30:00.2,71.06197574,1.564,2022-09-29
737,21,오후 5:30:05.2,72.08649643,1.61,2022-09-29
738,21,오후 5:30:10.2,70.25677527,1.609,2022-09-29
739,21,오후 5:30:15.2,70.04198315,1.632,2022-09-29
740,21,오후 5:30:20.2,69.31247367,1.59,2022-09-29
741,21,오후 5:30:25.2,68.53366359,1.586,2022-09-29
742,21,오후 5:30:30.2,71.74042367,1.569,2022-09-29
743,21,오후 5:30:35.2,72.0451851,1.551,2022-09-29
744,21,오후 5:30:40.2,71.4724905,1.624,2022-09-29
745,21,오후 5:30:45.2,69.204035,1.631,2022-09-29
746,21,오후 5:30:50.3,69.87178422,1.618,2022-09-29
747,21,오후 5:30:55.3,69.49957941,1.567,2022-09-29
748,21,오후 5:31:00.3,68.86391347,1.582,2022-09-29
749,21,오후 5:31:05.3,69.90814854,1.574,2022-09-29
750,21,오후 5:31:10.3,70.66209656,1.558,2022-09-29
751,21,오후 5:31:15.3,65.204035,1.582,2022-09-29
752,21,오후 5:31:20.3,67.87178422,1.6,2022-09-29
753,21,오후 5:31:25.3,67.49957941,1.476,2022-09-29
754,21,오후 5:31:30.3,66.86391347,1.536,2022-09-29
755,21,오후 5:31:35.3,68.90814854,1.527,2022-09-29
756,21,오후 5:31:40.3,67.66209656,1.514,2022-09-29
757,22,오후 5:32:07.4,74.01093857,1.559,2022-09-29
758,22,오후 5:32:12.5,74.19333629,1.531,2022-09-29
759,22,오후 5:32:17.5,74.28386419,1.676,2022-09-29
760,22,오후 5:32:22.5,73.3394548,1.68,2022-09-29
761,22,오후 5:32:27.5,73.49933689,1.682,2022-09-29
762,22,오후 5:32:32.5,75.81608582,1.661,2022-09-29
763,22,오후 5:32:37.5,74.00784573,1.664,2022-09-29
764,22,오후 5:32:42.5,73.11937724,1.717,2022-09-29
765,22,오후 5:32:47.5,72.12181234,1.676,2022-09-29
766,22,오후 5:32:52.5,79.59140685,1.829027978,2022-09-29
767,22,오후 5:32:57.5,74.08649643,1.632,2022-09-29
768,22,오후 5:33:02.5,72.25677527,1.632,2022-09-29
769,22,오후 5:33:07.5,69.00784573,1.678,2022-09-29
770,22,오후 5:33:12.5,69.11937724,1.636,2022-09-29
771,22,오후 5:33:17.5,72.12181234,1.562,2022-09-29
772,22,오후 5:33:22.5,70.06197574,1.564,2022-09-29
773,22,오후 5:33:27.5,72.08649643,1.632,2022-09-29
774,22,오후 5:33:32.5,72.25677527,1.586,2022-09-29
775,22,오후 5:33:37.5,71.04198315,1.632,2022-09-29
776,22,오후 5:33:42.5,68.31247367,1.635,2022-09-29
777,22,오후 5:33:47.5,70.53366359,1.608,2022-09-29
778,22,오후 5:33:52.5,70.74042367,1.546,2022-09-29
779,22,오후 5:33:57.5,72.0451851,1.597,2022-09-29
780,22,오후 5:34:02.5,70.4724905,1.602,2022-09-29
781,22,오후 5:34:07.5,68.00784573,1.631,2022-09-29
782,22,오후 5:34:12.6,69.11937724,1.595,2022-09-29
783,22,오후 5:34:17.6,66.12181234,1.539,2022-09-29
784,22,오후 5:34:22.6,66.06197574,1.565,2022-09-29
785,22,오후 5:34:27.6,67.08649643,1.496,2022-09-29
786,22,오후 5:34:32.6,67.25677527,1.495,2022-09-29
787,22,오후 5:34:37.6,66.01093857,1.518,2022-09-29
788,22,오후 5:34:42.6,68.84271692,1.559360212,2022-09-29
789,22,오후 5:34:47.6,65.28386419,1.494,2022-09-29
790,22,오후 5:34:52.6,65.3394548,1.521,2022-09-29
791,22,오후 5:34:57.6,66.49933689,1.477,2022-09-29
792,22,오후 5:35:02.6,67.81608582,1.479,2022-09-29
793,23,오후 5:35:28.5,74.204035,1.505,2022-09-29
794,23,오후 5:35:33.5,73.87178422,1.534,2022-09-29
795,23,오후 5:35:38.6,77.49957941,1.68,2022-09-29
796,23,오후 5:35:43.6,74.86391347,1.672,2022-09-29
797,23,오후 5:35:48.6,75.90814854,1.756,2022-09-29
798,23,오후 5:35:53.6,77.66209656,1.695,2022-09-29
799,23,오후 5:35:58.6,74.08489761,1.718,2022-09-29
800,23,오후 5:36:03.6,73.47081535,1.759,2022-09-29
801,23,오후 5:36:08.6,72.84317473,1.677,2022-09-29
802,23,오후 5:36:13.6,74.18546554,1.663,2022-09-29
803,23,오후 5:36:18.6,74.55671043,1.65,2022-09-29
804,23,오후 5:36:23.6,72.93957562,1.679,2022-09-29
805,23,오후 5:36:28.6,70.00784573,1.688,2022-09-29
806,23,오후 5:36:33.6,72.11937724,1.652,2022-09-29
807,23,오후 5:36:38.6,71.12181234,1.585,2022-09-29
808,23,오후 5:36:43.6,72.06197574,1.633,2022-09-29
809,23,오후 5:36:48.6,69.08649643,1.61,2022-09-29
810,23,오후 5:36:53.6,72.25677527,1.632,2022-09-29
811,23,오후 5:36:58.6,71.04198315,1.563,2022-09-29
812,23,오후 5:37:03.7,68.31247367,1.635,2022-09-29
813,23,오후 5:37:08.7,71.53366359,1.608,2022-09-29
814,23,오후 5:37:13.7,70.74042367,1.546,2022-09-29
815,23,오후 5:37:18.7,72.0451851,1.619,2022-09-29
816,23,오후 5:37:23.7,71.4724905,1.602,2022-09-29
817,23,오후 5:37:28.7,66.08489761,1.631,2022-09-29
818,23,오후 5:37:33.7,67.47081535,1.618,2022-09-29
819,23,오후 5:37:38.7,66.84317473,1.496,2022-09-29
820,23,오후 5:37:43.7,68.18546554,1.527,2022-09-29
821,23,오후 5:37:48.7,69.55671043,1.513,2022-09-29
822,23,오후 5:37:53.7,68.93957562,1.543,2022-09-29
823,23,오후 5:37:58.7,66.01093857,1.574,2022-09-29
824,23,오후 5:38:03.7,65.19333629,1.561,2022-09-29
825,23,오후 5:38:08.7,67.28386419,1.494,2022-09-29
826,23,오후 5:38:13.7,65.3394548,1.475,2022-09-29
827,23,오후 5:38:18.7,65.49933689,1.523,2022-09-29
828,23,오후 5:38:23.7,64.81608582,1.479,2022-09-29
829,24,오후 5:38:51.6,76.13914228,1.482,2022-09-29
830,24,오후 5:38:56.6,74.66042142,1.467,2022-09-29
831,24,오후 5:39:01.6,75.17766014,1.724,2022-09-29
832,24,오후 5:39:06.6,74.58643441,1.691,2022-09-29
833,24,오후 5:39:11.6,76.87710396,1.702,2022-09-29
834,24,오후 5:39:16.6,76.01353467,1.688,2022-09-29
835,24,오후 5:39:21.6,72.00784573,1.741,2022-09-29
836,24,오후 5:39:26.6,71.11937724,1.721,2022-09-29
837,24,오후 5:39:31.6,72.12181234,1.63,2022-09-29
838,24,오후 5:39:36.6,72.06197574,1.61,2022-09-29
839,24,오후 5:39:41.6,73.08649643,1.633,2022-09-29
840,24,오후 5:39:46.6,72.25677527,1.631,2022-09-29
841,24,오후 5:39:51.6,72.204035,1.655,2022-09-29
842,24,오후 5:39:56.6,72.87178422,1.635,2022-09-29
843,24,오후 5:40:01.6,70.49957941,1.635,2022-09-29
844,24,오후 5:40:06.6,72.86391347,1.649,2022-09-29
845,24,오후 5:40:11.6,70.90814854,1.596,2022-09-29
846,24,오후 5:40:16.6,73.66209656,1.65,2022-09-29
847,24,오후 5:40:21.6,70.204035,1.606,2022-09-29
848,24,오후 5:40:26.6,71.87178422,1.668,2022-09-29
849,24,오후 5:40:31.7,70.49957941,1.589,2022-09-29
850,24,오후 5:40:36.7,69.86391347,1.627,2022-09-29
851,24,오후 5:40:41.7,69.90814854,1.596,2022-09-29
852,24,오후 5:40:46.7,70.66209656,1.581,2022-09-29
853,24,오후 5:40:51.7,67.01093857,1.582,2022-09-29
854,24,오후 5:40:56.7,67.19333629,1.6,2022-09-29
855,24,오후 5:41:01.7,68.28386419,1.517,2022-09-29
856,24,오후 5:41:06.7,66.3394548,1.521,2022-09-29
857,24,오후 5:41:11.7,69.49933689,1.545,2022-09-29
858,24,오후 5:41:16.7,68.81608582,1.501,2022-09-29
859,24,오후 5:41:21.7,67.204035,1.573,2022-09-29
860,24,오후 5:41:26.7,64.87178422,1.557,2022-09-29
861,24,오후 5:41:31.7,67.49957941,1.521,2022-09-29
862,24,오후 5:41:36.7,66.86391347,1.468,2022-09-29
863,24,오후 5:41:41.7,67.90814854,1.528,2022-09-29
864,24,오후 5:41:46.7,68.66209656,1.513,2022-09-29
865,25,오후 5:42:14.0,75.08489761,1.537,2022-09-29
866,25,오후 5:42:19.0,74.47081535,1.554,2022-09-29
867,25,오후 5:42:24.0,74.84317473,1.701,2022-09-29
868,25,오후 5:42:29.0,76.18546554,1.686,2022-09-29
869,25,오후 5:42:34.0,76.55671043,1.694,2022-09-29
870,25,오후 5:42:39.0,76.93957562,1.726,2022-09-29
871,25,오후 5:42:44.0,73.204035,1.734,2022-09-29
872,25,오후 5:42:49.0,72.87178422,1.743,2022-09-29
873,25,오후 5:42:54.0,75.49957941,1.658,2022-09-29
874,25,오후 5:42:59.0,74.86391347,1.65,2022-09-29
875,25,오후 5:43:04.0,73.90814854,1.71,2022-09-29
876,25,오후 5:43:09.0,75.66209656,1.695,2022-09-29
877,25,오후 5:43:14.0,71.00784573,1.674,2022-09-29
878,25,오후 5:43:19.0,72.11937724,1.714,2022-09-29
879,25,오후 5:43:24.0,72.12181234,1.607,2022-09-29
880,25,오후 5:43:29.1,79.19417241,1.871433419,2022-09-29
881,25,오후 5:43:34.1,70.08649643,1.633,2022-09-29
882,25,오후 5:43:39.1,71.25677527,1.563,2022-09-29
883,25,오후 5:43:44.1,68.00784573,1.587,2022-09-29
884,25,오후 5:43:49.1,69.11937724,1.613,2022-09-29
885,25,오후 5:43:54.1,70.12181234,1.539,2022-09-29
886,25,오후 5:43:59.1,71.06197574,1.564,2022-09-29
887,25,오후 5:44:04.1,69.08649643,1.588,2022-09-29
888,25,오후 5:44:09.1,71.25677527,1.609,2022-09-29
889,25,오후 5:44:14.1,69.00784573,1.564,2022-09-29
890,25,오후 5:44:19.1,66.11937724,1.613,2022-09-29
891,25,오후 5:44:24.1,68.12181234,1.562,2022-09-29
892,25,오후 5:44:29.1,66.06197574,1.496,2022-09-29
893,25,오후 5:44:34.1,66.08649643,1.542,2022-09-29
894,25,오후 5:44:39.1,66.25677527,1.495,2022-09-29
895,25,오후 5:44:44.1,65.204035,1.495,2022-09-29
896,25,오후 5:44:49.1,66.87178422,1.499,2022-09-29
897,25,오후 5:44:54.1,74.95895772,1.688017902,2022-09-29
898,25,오후 5:44:59.1,67.86391347,1.513,2022-09-29
899,25,오후 5:45:04.1,68.90814854,1.482,2022-09-29
900,25,오후 5:45:09.2,66.66209656,1.536,2022-09-29
901,26,오후 5:45:35.3,73.00784573,1.559,2022-09-29
902,26,오후 5:45:40.3,73.11937724,1.509,2022-09-29
903,26,오후 5:45:45.3,75.12181234,1.653,2022-09-29
904,26,오후 5:45:50.3,76.06197574,1.656,2022-09-29
905,26,오후 5:45:55.3,75.08649643,1.701,2022-09-29
906,26,오후 5:46:00.3,75.25677527,1.722,2022-09-29
907,26,오후 5:46:05.3,71.204035,1.7,2022-09-29
908,26,오후 5:46:10.3,71.87178422,1.704,2022-09-29
909,26,오후 5:46:15.3,73.49957941,1.612,2022-09-29
910,26,오후 5:46:20.4,74.86391347,1.627,2022-09-29
911,26,오후 5:46:25.4,74.90814854,1.664,2022-09-29
912,26,오후 5:46:30.4,73.66209656,1.695,2022-09-29
913,26,오후 5:46:35.4,69.00784573,1.696,2022-09-29
914,26,오후 5:46:40.4,72.11937724,1.667,2022-09-29
915,26,오후 5:46:45.4,69.12181234,1.562,2022-09-29
916,26,오후 5:46:50.4,70.06197574,1.633,2022-09-29
917,26,오후 5:46:55.4,72.08649643,1.565,2022-09-29
918,26,오후 5:47:00.4,71.25677527,1.586,2022-09-29
919,26,오후 5:47:05.4,68.00784573,1.632,2022-09-29
920,26,오후 5:47:10.4,71.11937724,1.614,2022-09-29
921,26,오후 5:47:15.4,71.12181234,1.539,2022-09-29
922,26,오후 5:47:20.4,69.06197574,1.61,2022-09-29
923,26,오후 5:47:25.4,71.08649643,1.61,2022-09-29
924,26,오후 5:47:30.4,68.25677527,1.563,2022-09-29
925,26,오후 5:47:35.4,69.204035,1.61,2022-09-29
926,26,오후 5:47:40.4,67.87178422,1.545,2022-09-29
927,26,오후 5:47:45.5,70.49957941,1.567,2022-09-29
928,26,오후 5:47:50.5,67.86391347,1.536,2022-09-29
929,26,오후 5:47:55.5,67.90814854,1.596,2022-09-29
930,26,오후 5:48:00.5,70.66209656,1.536,2022-09-29
931,26,오후 5:48:05.5,64.204035,1.537,2022-09-29
932,26,오후 5:48:10.5,66.87178422,1.6,2022-09-29
933,26,오후 5:48:15.5,65.49957941,1.453,2022-09-29
934,26,오후 5:48:20.5,66.86391347,1.513,2022-09-29
935,26,오후 5:48:25.5,65.90814854,1.482,2022-09-29
936,26,오후 5:48:30.5,68.66209656,1.513,2022-09-29
937,27,오후 5:48:58.4,76.04198315,1.492,2022-09-29
938,27,오후 5:49:03.4,74.31247367,1.554,2022-09-29
939,27,오후 5:49:08.4,75.53366359,1.721,2022-09-29
940,27,오후 5:49:13.4,74.74042367,1.683,2022-09-29
941,27,오후 5:49:18.4,76.0451851,1.71,2022-09-29
942,27,오후 5:49:23.4,75.4724905,1.692,2022-09-29
943,27,오후 5:49:28.4,74.00784573,1.722,2022-09-29
944,27,오후 5:49:33.4,74.11937724,1.709,2022-09-29
945,27,오후 5:49:38.4,73.12181234,1.675,2022-09-29
946,27,오후 5:49:43.4,74.06197574,1.678,2022-09-29
947,27,오후 5:49:48.4,74.08649643,1.655,2022-09-29
948,27,오후 5:49:53.4,74.25677527,1.677,2022-09-29
949,27,오후 5:49:58.4,70.08489761,1.677,2022-09-29
950,27,오후 5:50:03.4,72.47081535,1.682,2022-09-29
951,27,오후 5:50:08.5,69.84317473,1.586,2022-09-29
952,27,오후 5:50:13.5,70.18546554,1.641,2022-09-29
953,27,오후 5:50:18.5,73.55671043,1.581,2022-09-29
954,27,오후 5:50:23.5,70.93957562,1.589,2022-09-29
955,27,오후 5:50:28.5,68.01093857,1.666,2022-09-29
956,27,오후 5:50:33.5,70.19333629,1.606,2022-09-29
957,27,오후 5:50:38.5,68.28386419,1.539,2022-09-29
958,27,오후 5:50:43.5,70.3394548,1.589,2022-09-29
959,27,오후 5:50:48.5,70.49933689,1.545,2022-09-29
960,27,오후 5:50:53.5,69.81608582,1.593,2022-09-29
961,27,오후 5:50:58.5,76.30326725,1.762758848,2022-09-29
962,27,오후 5:51:03.5,66.47081535,1.58,2022-09-29
963,27,오후 5:51:08.5,67.84317473,1.564,2022-09-29
964,27,오후 5:51:13.5,68.18546554,1.504,2022-09-29
965,27,오후 5:51:18.5,68.55671043,1.536,2022-09-29
966,27,오후 5:51:23.5,68.93957562,1.543,2022-09-29
967,27,오후 5:51:28.6,64.08489761,1.552,2022-09-29
968,27,오후 5:51:33.6,67.47081535,1.561,2022-09-29
969,27,오후 5:51:38.6,64.84317473,1.45,2022-09-29
970,27,오후 5:51:43.6,67.18546554,1.527,2022-09-29
971,27,오후 5:51:48.6,67.55671043,1.467,2022-09-29
972,27,오후 5:51:53.6,66.93957562,1.521,2022-09-29
973,28,오후 5:52:19.0,75.00784573,1.529,2022-09-29
974,28,오후 5:52:24.0,75.11937724,1.515,2022-09-29
975,28,오후 5:52:29.1,73.12181234,1.699,2022-09-29
976,28,오후 5:52:34.1,75.06197574,1.701,2022-09-29
977,28,오후 5:52:39.1,75.08649643,1.656,2022-09-29
978,28,오후 5:52:44.1,73.25677527,1.699,2022-09-29
979,28,오후 5:52:49.1,72.204035,1.7,2022-09-29
980,28,오후 5:52:54.1,72.87178422,1.659,2022-09-29
981,28,오후 5:52:59.1,74.49957941,1.634,2022-09-29
982,28,오후 5:53:04.1,75.86391347,1.65,2022-09-29
983,28,오후 5:53:09.1,75.90814854,1.687,2022-09-29
984,28,오후 5:53:14.1,75.66209656,1.718,2022-09-29
985,28,오후 5:53:19.1,71.13914228,1.719,2022-09-29
986,28,오후 5:53:24.1,71.66042142,1.713,2022-09-29
987,28,오후 5:53:29.1,70.17766014,1.611,2022-09-29
988,28,오후 5:53:34.1,70.58643441,1.622,2022-09-29
989,28,오후 5:53:39.1,75.69054962,1.628004847,2022-09-29
990,28,오후 5:53:44.1,74.01353467,1.598,2022-09-29
991,28,오후 5:53:49.1,68.01093857,1.673,2022-09-29
992,28,오후 5:53:54.1,71.19333629,1.676,2022-09-29
993,28,오후 5:53:59.1,71.28386419,1.539,2022-09-29
994,28,오후 5:54:04.1,69.3394548,1.612,2022-09-29
995,28,오후 5:54:09.1,70.49933689,1.614,2022-09-29
996,28,오후 5:54:14.1,71.81608582,1.57,2022-09-29
997,28,오후 5:54:19.2,66.13914228,1.596,2022-09-29
998,28,오후 5:54:24.2,68.66042142,1.625,2022-09-29
999,28,오후 5:54:29.2,68.17766014,1.497,2022-09-29
1000,28,오후 5:54:34.2,67.58643441,1.554,2022-09-29
1001,28,오후 5:54:39.2,70.87710396,1.543,2022-09-29
1002,28,오후 5:54:44.2,70.01353467,1.529,2022-09-29
1003,28,오후 5:54:49.2,65.00784573,1.604,2022-09-29
1004,28,오후 5:54:54.2,65.11937724,1.585,2022-09-29
1005,28,오후 5:54:59.2,66.12181234,1.471,2022-09-29
1006,28,오후 5:55:04.2,64.06197574,1.474,2022-09-29
1007,28,오후 5:55:09.2,64.08649643,1.497,2022-09-29
1008,28,오후 5:55:14.2,64.25677527,1.45,2022-09-29
1009,29,오후 5:55:40.8,76.01093857,1.45,2022-09-29
1010,29,오후 5:55:45.8,76.19333629,1.454,2022-09-29
1011,29,오후 5:55:50.8,76.28386419,1.721,2022-09-29
1012,29,오후 5:55:55.8,76.3394548,1.725,2022-09-29
1013,29,오후 5:56:00.8,75.49933689,1.727,2022-09-29
1014,29,오후 5:56:05.8,75.81608582,1.728,2022-09-29
1015,29,오후 5:56:10.8,74.204035,1.709,2022-09-29
1016,29,오후 5:56:15.8,73.87178422,1.717,2022-09-29
1017,29,오후 5:56:20.8,72.49957941,1.681,2022-09-29
1018,29,오후 5:56:25.8,73.86391347,1.673,2022-09-29
1019,29,오후 5:56:30.8,74.90814854,1.641,2022-09-29
1020,29,오후 5:56:35.8,73.66209656,1.672,2022-09-29
1021,29,오후 5:56:40.8,69.00784573,1.696,2022-09-29
1022,29,오후 5:56:45.8,69.11937724,1.668,2022-09-29
1023,29,오후 5:56:50.8,70.12181234,1.562,2022-09-29
1024,29,오후 5:56:55.8,71.06197574,1.565,2022-09-29
1025,29,오후 5:57:00.8,71.08649643,1.587,2022-09-29
1026,29,오후 5:57:05.8,72.25677527,1.609,2022-09-29
1027,29,오후 5:57:10.8,68.00784573,1.609,2022-09-29
1028,29,오후 5:57:15.8,71.11937724,1.636,2022-09-29
1029,29,오후 5:57:20.9,69.12181234,1.539,2022-09-29
1030,29,오후 5:57:25.9,71.06197574,1.61,2022-09-29
1031,29,오후 5:57:30.9,69.08649643,1.565,2022-09-29
1032,29,오후 5:57:35.9,68.25677527,1.608,2022-09-29
1033,29,오후 5:57:40.9,67.76264584,1.602391178,2022-09-29
1034,29,오후 5:57:45.9,69.66042142,1.545,2022-09-29
1035,29,오후 5:57:50.9,68.17766014,1.497,2022-09-29
1036,29,오후 5:57:55.9,69.58643441,1.577,2022-09-29
1037,29,오후 5:58:00.9,70.87710396,1.543,2022-09-29
1038,29,오후 5:58:05.9,69.01353467,1.575,2022-09-29
1039,29,오후 5:58:10.9,66.13914228,1.604,2022-09-29
1040,29,오후 5:58:15.9,64.66042142,1.562,2022-09-29
1041,29,오후 5:58:20.9,66.17766014,1.497,2022-09-29
1042,29,오후 5:58:25.9,67.58643441,1.463,2022-09-29
1043,29,오후 5:58:30.9,68.87710396,1.497,2022-09-29
1044,29,오후 5:58:35.9,67.01353467,1.53,2022-09-29
1045,30,오후 5:59:01.4,74.00784573,1.559,2022-09-29
1046,30,오후 5:59:06.4,74.11937724,1.517,2022-09-29
1047,30,오후 5:59:11.4,74.12181234,1.676,2022-09-29
1048,30,오후 5:59:16.4,74.06197574,1.679,2022-09-29
1049,30,오후 5:59:21.4,73.08649643,1.678,2022-09-29
1050,30,오후 5:59:26.4,74.25677527,1.676,2022-09-29
1051,30,오후 5:59:31.4,71.08489761,1.654,2022-09-29
1052,30,오후 5:59:36.4,74.47081535,1.681,2022-09-29
1053,30,오후 5:59:41.4,71.84317473,1.609,2022-09-29
1054,30,오후 5:59:46.4,75.18546554,1.686,2022-09-29
1055,30,오후 5:59:51.4,72.55671043,1.627,2022-09-29
1056,30,오후 5:59:56.4,73.93957562,1.702,2022-09-29
1057,30,오후 6:00:01.4,72.13914228,1.643,2022-09-29
1058,30,오후 6:00:06.5,72.66042142,1.675,2022-09-29
1059,30,오후 6:00:11.5,72.17766014,1.633,2022-09-29
1060,30,오후 6:00:16.5,73.58643441,1.645,2022-09-29
1061,30,오후 6:00:21.5,70.87710396,1.634,2022-09-29
1062,30,오후 6:00:26.5,74.01353467,1.666,2022-09-29
1063,30,오후 6:00:31.5,68.00784573,1.605,2022-09-29
1064,30,오후 6:00:36.5,71.11937724,1.676,2022-09-29
1065,30,오후 6:00:41.5,71.12181234,1.54,2022-09-29
1066,30,오후 6:00:46.5,68.06197574,1.61,2022-09-29
1067,30,오후 6:00:51.5,69.08649643,1.61,2022-09-29
1068,30,오후 6:00:56.5,70.25677527,1.541,2022-09-29
1069,30,오후 6:01:01.5,69.13914228,1.564,2022-09-29
1070,30,오후 6:01:06.5,66.66042142,1.59,2022-09-29
1071,30,오후 6:01:11.5,68.17766014,1.565,2022-09-29
1072,30,오후 6:01:16.5,70.58643441,1.508,2022-09-29
1073,30,오후 6:01:21.5,70.87710396,1.543,2022-09-29
1074,30,오후 6:01:26.5,68.01353467,1.598,2022-09-29
1075,30,오후 6:01:31.5,65.08489761,1.604,2022-09-29
1076,30,오후 6:01:36.5,67.47081535,1.539,2022-09-29
1077,30,오후 6:01:41.6,64.84317473,1.473,2022-09-29
1078,30,오후 6:01:46.6,68.18546554,1.527,2022-09-29
1079,30,오후 6:01:51.6,68.55671043,1.467,2022-09-29
1080,30,오후 6:01:56.6,66.93957562,1.544,2022-09-29
1081,31,오후 6:02:22.4,74.13914228,1.552,2022-09-29
1082,31,오후 6:02:27.4,76.66042142,1.515,2022-09-29
1083,31,오후 6:02:32.4,77.17766014,1.679,2022-09-29
1084,31,오후 6:02:37.4,75.58643441,1.736,2022-09-29
1085,31,오후 6:02:42.4,84.90964612,1.929536158,2022-09-29
1086,31,오후 6:02:47.4,77.01353467,1.712,2022-09-29
1087,31,오후 6:02:52.5,72.00784573,1.741,2022-09-29
1088,31,오후 6:02:57.5,74.11937724,1.744,2022-09-29
1089,31,오후 6:03:02.5,74.12181234,1.63,2022-09-29
1090,31,오후 6:03:07.5,72.06197574,1.679,2022-09-29
1091,31,오후 6:03:12.5,73.08649643,1.679,2022-09-29
1092,31,오후 6:03:17.5,71.25677527,1.632,2022-09-29
1093,31,오후 6:03:22.5,69.04198315,1.655,2022-09-29
1094,31,오후 6:03:27.5,72.31247367,1.613,2022-09-29
1095,31,오후 6:03:32.5,71.53366359,1.563,2022-09-29
1096,31,오후 6:03:37.5,69.74042367,1.637,2022-09-29
1097,31,오후 6:03:42.5,73.0451851,1.62,2022-09-29
1098,31,오후 6:03:47.5,71.4724905,1.578,2022-09-29
1099,31,오후 6:03:52.5,70.204035,1.654,2022-09-29
1100,31,오후 6:03:57.5,71.87178422,1.618,2022-09-29
1101,31,오후 6:04:02.5,69.49957941,1.589,2022-09-29
1102,31,오후 6:04:07.5,71.86391347,1.627,2022-09-29
1103,31,오후 6:04:12.5,69.90814854,1.573,2022-09-29
1104,31,오후 6:04:17.5,72.66209656,1.627,2022-09-29
1105,31,오후 6:04:22.5,68.04198315,1.582,2022-09-29
1106,31,오후 6:04:27.6,69.31247367,1.645,2022-09-29
1107,31,오후 6:04:32.6,67.53366359,1.54,2022-09-29
1108,31,오후 6:04:37.6,66.74042367,1.569,2022-09-29
1109,31,오후 6:04:42.6,70.0451851,1.528,2022-09-29
1110,31,오후 6:04:47.6,69.4724905,1.511,2022-09-29
1111,31,오후 6:04:52.6,66.00784573,1.585,2022-09-29
1112,31,오후 6:04:57.6,64.11937724,1.572,2022-09-29
1113,31,오후 6:05:02.6,66.12181234,1.494,2022-09-29
1114,31,오후 6:05:07.6,67.6835851,1.48661739,2022-09-29
1115,31,오후 6:05:12.6,67.08649643,1.496,2022-09-29
1116,31,오후 6:05:17.6,66.25677527,1.495,2022-09-29
1117,32,오후 6:05:44.5,75.204035,1.519,2022-09-29
1118,32,오후 6:05:49.5,76.87178422,1.5,2022-09-29
1119,32,오후 6:05:54.5,77.49957941,1.702,2022-09-29
1120,32,오후 6:05:59.5,77.86391347,1.741,2022-09-29
1121,32,오후 6:06:04.5,74.90814854,1.755,2022-09-29
1122,32,오후 6:06:09.5,76.66209656,1.764,2022-09-29
1123,32,오후 6:06:14.5,73.08489761,1.696,2022-09-29
1124,32,오후 6:06:19.5,74.47081535,1.736,2022-09-29
1125,32,오후 6:06:24.5,72.84317473,1.655,2022-09-29
1126,32,오후 6:06:29.5,72.18546554,1.686,2022-09-29
1127,32,오후 6:06:34.5,72.55671043,1.649,2022-09-29
1128,32,오후 6:06:39.5,74.93957562,1.634,2022-09-29
1129,32,오후 6:06:44.5,72.00784573,1.643,2022-09-29
1130,32,오후 6:06:49.5,72.11937724,1.697,2022-09-29
1131,32,오후 6:06:54.5,72.12181234,1.63,2022-09-29
1132,32,오후 6:06:59.5,72.06197574,1.633,2022-09-29
1133,32,오후 6:07:04.6,72.08649643,1.633,2022-09-29
1134,32,오후 6:07:09.6,69.25677527,1.631,2022-09-29
1135,32,오후 6:07:14.6,68.13914228,1.632,2022-09-29
1136,32,오후 6:07:19.6,71.66042142,1.567,2022-09-29
1137,32,오후 6:07:24.6,69.17766014,1.543,2022-09-29
1138,32,오후 6:07:29.6,71.58643441,1.622,2022-09-29
1139,32,오후 6:07:34.6,71.87710396,1.566,2022-09-29
1140,32,오후 6:07:39.6,70.01353467,1.621,2022-09-29
1141,32,오후 6:07:44.6,68.04198315,1.627,2022-09-29
1142,32,오후 6:07:49.6,66.31247367,1.585,2022-09-29
1143,32,오후 6:07:54.6,67.53366359,1.54,2022-09-29
1144,32,오후 6:07:59.6,66.74042367,1.501,2022-09-29
1145,32,오후 6:08:04.6,67.0451851,1.529,2022-09-29
1146,32,오후 6:08:09.6,69.4724905,1.51,2022-09-29
1147,32,오후 6:08:14.6,65.00784573,1.518,2022-09-29
1148,32,오후 6:08:19.6,65.11937724,1.573,2022-09-29
1149,32,오후 6:08:24.6,66.12181234,1.471,2022-09-29
1150,32,오후 6:08:29.6,65.06197574,1.473,2022-09-29
1151,32,오후 6:08:34.6,65.08649643,1.497,2022-09-29
1152,32,오후 6:08:39.6,64.25677527,1.472,2022-09-29
1153,33,오후 6:09:05.6,76.01093857,1.473,2022-09-29
1154,33,오후 6:09:10.6,75.19333629,1.454,2022-09-29
1155,33,오후 6:09:15.6,75.28386419,1.721,2022-09-29
1156,33,오후 6:09:20.6,73.3394548,1.703,2022-09-29
1157,33,오후 6:09:25.6,76.49933689,1.705,2022-09-29
1158,33,오후 6:09:30.6,74.81608582,1.66,2022-09-29
1159,33,오후 6:09:35.6,73.04198315,1.732,2022-09-29
1160,33,오후 6:09:40.6,73.31247367,1.694,2022-09-29
1161,33,오후 6:09:45.6,73.53366359,1.654,2022-09-29
1162,33,오후 6:09:50.6,80.11762217,1.803559651,2022-09-29
1163,33,오후 6:09:55.7,75.0451851,1.665,2022-09-29
1164,33,오후 6:10:00.7,72.4724905,1.67,2022-09-29
1165,33,오후 6:10:05.7,71.08489761,1.699,2022-09-29
1166,33,오후 6:10:10.7,71.47081535,1.641,2022-09-29
1167,33,오후 6:10:15.7,71.84317473,1.609,2022-09-29
1168,33,오후 6:10:20.7,72.18546554,1.618,2022-09-29
1169,33,오후 6:10:25.7,71.55671043,1.627,2022-09-29
1170,33,오후 6:10:30.7,73.93957562,1.634,2022-09-29
1171,33,오후 6:10:35.7,71.13914228,1.62,2022-09-29
1172,33,오후 6:10:40.7,71.66042142,1.675,2022-09-29
1173,33,오후 6:10:45.7,70.17766014,1.61,2022-09-29
1174,33,오후 6:10:50.7,69.58643441,1.623,2022-09-29
1175,33,오후 6:10:55.7,69.87710396,1.589,2022-09-29
1176,33,오후 6:11:00.7,71.01353467,1.575,2022-09-29
1177,33,오후 6:11:05.7,69.13914228,1.581,2022-09-29
1178,33,오후 6:11:10.7,66.66042142,1.607,2022-09-29
1179,33,오후 6:11:15.8,67.17766014,1.565,2022-09-29
1180,33,오후 6:11:20.8,67.58643441,1.509,2022-09-29
1181,33,오후 6:11:25.8,67.87710396,1.521,2022-09-29
1182,33,오후 6:11:30.8,71.01353467,1.53,2022-09-29
1183,33,오후 6:11:35.8,67.00784573,1.536,2022-09-29
1184,33,오후 6:11:40.8,65.11937724,1.607,2022-09-29
1185,33,오후 6:11:45.8,64.12181234,1.517,2022-09-29
1186,33,오후 6:11:50.8,66.06197574,1.474,2022-09-29
1187,33,오후 6:11:55.8,69.59151701,1.575640686,2022-09-29
1188,33,오후 6:12:00.8,67.25677527,1.495,2022-09-29
1189,34,오후 6:12:28.1,74.08489761,1.45,2022-09-29
1190,34,오후 6:12:33.1,73.47081535,1.522,2022-09-29
1191,34,오후 6:12:38.1,75.84317473,1.677,2022-09-29
1192,34,오후 6:12:43.1,77.18546554,1.664,2022-09-29
1193,34,오후 6:12:48.1,77.55671043,1.717,2022-09-29
1194,34,오후 6:12:53.1,74.93957562,1.748,2022-09-29
1195,34,오후 6:12:58.1,71.00784573,1.756,2022-09-29
1196,34,오후 6:13:03.1,71.11937724,1.697,2022-09-29
1197,34,오후 6:13:08.1,74.12181234,1.608,2022-09-29
1198,34,오후 6:13:13.1,72.06197574,1.61,2022-09-29
1199,34,오후 6:13:18.1,73.08649643,1.679,2022-09-29
1200,34,오후 6:13:23.1,71.25677527,1.631,2022-09-29
1201,34,오후 6:13:28.1,70.204035,1.654,2022-09-29
1202,34,오후 6:13:33.1,82.25142946,1.845947713,2022-09-29
1203,34,오후 6:13:38.1,70.49957941,1.589,2022-09-29
1204,34,오후 6:13:43.1,73.86391347,1.627,2022-09-29
1205,34,오후 6:13:48.1,73.90814854,1.596,2022-09-29
1206,34,오후 6:13:53.2,73.66209656,1.672,2022-09-29
1207,34,오후 6:13:58.2,69.204035,1.674,2022-09-29
1208,34,오후 6:14:03.2,69.87178422,1.668,2022-09-29
1209,34,오후 6:14:08.2,71.49957941,1.567,2022-09-29
1210,34,오후 6:14:13.2,69.86391347,1.582,2022-09-29
1211,34,오후 6:14:18.2,70.90814854,1.618,2022-09-29
1212,34,오후 6:14:23.2,70.66209656,1.581,2022-09-29
1213,34,오후 6:14:28.2,67.08489761,1.605,2022-09-29
1214,34,오후 6:14:33.2,66.47081535,1.599,2022-09-29
1215,34,오후 6:14:38.2,68.84317473,1.518,2022-09-29
1216,34,오후 6:14:43.2,69.18546554,1.505,2022-09-29
1217,34,오후 6:14:48.2,69.55671043,1.559,2022-09-29
1218,34,오후 6:14:53.2,67.93957562,1.566,2022-09-29
1219,34,오후 6:14:58.2,67.04198315,1.575,2022-09-29
1220,34,오후 6:15:03.2,66.31247367,1.538,2022-09-29
1221,34,오후 6:15:08.2,67.53366359,1.517,2022-09-29
1222,34,오후 6:15:13.2,67.74042367,1.501,2022-09-29
1223,34,오후 6:15:18.2,67.0451851,1.528,2022-09-29
1224,34,오후 6:15:23.3,65.4724905,1.533,2022-09-29
1225,35,오후 6:15:50.4,76.04198315,1.517,2022-09-29
1226,35,오후 6:15:55.4,76.31247367,1.482,2022-09-29
1227,35,오후 6:16:00.4,83.11860886,1.920343608,2022-09-29
1228,35,오후 6:16:05.4,76.74042367,1.728,2022-09-29
1229,35,오후 6:16:10.4,74.0451851,1.688,2022-09-29
1230,35,오후 6:16:15.4,77.4724905,1.738,2022-09-29
1231,35,오후 6:16:20.4,71.00784573,1.676,2022-09-29
1232,35,오후 6:16:25.4,72.11937724,1.754,2022-09-29
1233,35,오후 6:16:30.5,71.12181234,1.608,2022-09-29
1234,35,오후 6:16:35.5,73.06197574,1.633,2022-09-29
1235,35,오후 6:16:40.5,74.08649643,1.61,2022-09-29
1236,35,오후 6:16:45.5,73.25677527,1.654,2022-09-29
1237,35,오후 6:16:50.5,69.13914228,1.678,2022-09-29
1238,35,오후 6:16:55.5,71.66042142,1.659,2022-09-29
1239,35,오후 6:17:00.5,73.17766014,1.565,2022-09-29
1240,35,오후 6:17:05.5,71.58643441,1.622,2022-09-29
1241,35,오후 6:17:10.5,70.87710396,1.657,2022-09-29
1242,35,오후 6:17:15.5,71.01353467,1.621,2022-09-29
1243,35,오후 6:17:20.5,69.204035,1.604,2022-09-29
1244,35,오후 6:17:25.5,70.87178422,1.607,2022-09-29
1245,35,오후 6:17:30.5,72.49957941,1.567,2022-09-29
1246,35,오후 6:17:35.5,72.86391347,1.605,2022-09-29
1247,35,오후 6:17:40.5,72.90814854,1.641,2022-09-29
1248,35,오후 6:17:45.5,72.66209656,1.65,2022-09-29
1249,35,오후 6:17:50.5,67.04198315,1.651,2022-09-29
1250,35,오후 6:17:55.5,67.31247367,1.645,2022-09-29
1251,35,오후 6:18:00.5,67.53366359,1.518,2022-09-29
1252,35,오후 6:18:05.6,68.74042367,1.523,2022-09-29
1253,35,오후 6:18:10.6,68.0451851,1.529,2022-09-29
1254,35,오후 6:18:15.6,68.4724905,1.556,2022-09-29
1255,35,오후 6:18:20.6,67.01093857,1.54,2022-09-29
1256,35,오후 6:18:25.6,67.19333629,1.55,2022-09-29
1257,35,오후 6:18:30.6,65.28386419,1.517,2022-09-29
1258,35,오후 6:18:35.6,66.3394548,1.521,2022-09-29
1259,35,오후 6:18:40.6,66.49933689,1.478,2022-09-29
1260,35,오후 6:18:45.6,67.81608582,1.501,2022-09-29
1261,36,오후 6:19:12.8,76.204035,1.505,2022-09-29
1262,36,오후 6:19:17.8,74.87178422,1.535,2022-09-29
1263,36,오후 6:19:22.8,74.49957941,1.726,2022-09-29
1264,36,오후 6:19:27.8,74.86391347,1.695,2022-09-29
1265,36,오후 6:19:32.8,76.90814854,1.687,2022-09-29
1266,36,오후 6:19:37.8,76.66209656,1.695,2022-09-29
1267,36,오후 6:19:42.8,72.13914228,1.742,2022-09-29
1268,36,오후 6:19:47.8,73.66042142,1.736,2022-09-29
1269,36,오후 6:19:52.8,72.17766014,1.633,2022-09-29
1270,36,오후 6:19:57.8,73.58643441,1.668,2022-09-29
1271,36,오후 6:20:02.8,73.87710396,1.634,2022-09-29
1272,36,오후 6:20:07.8,76.01353467,1.666,2022-09-29
1273,36,오후 6:20:12.8,72.13914228,1.673,2022-09-29
1274,36,오후 6:20:17.8,72.66042142,1.721,2022-09-29
1275,36,오후 6:20:22.8,72.17766014,1.633,2022-09-29
1276,36,오후 6:20:27.8,73.58643441,1.645,2022-09-29
1277,36,오후 6:20:32.8,70.87710396,1.635,2022-09-29
1278,36,오후 6:20:37.8,73.01353467,1.666,2022-09-29
1279,36,오후 6:20:42.8,69.08489761,1.604,2022-09-29
1280,36,오후 6:20:47.8,69.47081535,1.653,2022-09-29
1281,36,오후 6:20:52.9,71.84317473,1.564,2022-09-29
1282,36,오후 6:20:57.9,69.18546554,1.573,2022-09-29
1283,36,오후 6:21:02.9,69.55671043,1.627,2022-09-29
1284,36,오후 6:21:07.9,72.93957562,1.566,2022-09-29
1285,36,오후 6:21:12.9,69.01093857,1.575,2022-09-29
1286,36,오후 6:21:17.9,68.19333629,1.651,2022-09-29
1287,36,오후 6:21:22.9,69.28386419,1.562,2022-09-29
1288,36,오후 6:21:27.9,69.3394548,1.543,2022-09-29
1289,36,오후 6:21:32.9,68.49933689,1.568,2022-09-29
1290,36,오후 6:21:37.9,68.81608582,1.569,2022-09-29
1291,36,오후 6:21:42.9,66.04198315,1.55,2022-09-29
1292,36,오후 6:21:47.9,65.31247367,1.558,2022-09-29
1293,36,오후 6:21:52.9,67.53366359,1.495,2022-09-29
1294,36,오후 6:21:57.9,67.74042367,1.478,2022-09-29
1295,36,오후 6:22:02.9,68.0451851,1.528,2022-09-29
1296,36,오후 6:22:07.9,65.4724905,1.533,2022-09-29
1297,37,오후 6:22:33.1,75.04198315,1.54,2022-09-29
1298,37,오후 6:22:38.1,75.31247367,1.482,2022-09-29
1299,37,오후 6:22:43.1,75.53366359,1.699,2022-09-29
1300,37,오후 6:22:48.1,75.74042367,1.706,2022-09-29
1301,37,오후 6:22:53.1,75.0451851,1.711,2022-09-29
1302,37,오후 6:22:58.1,75.4724905,1.715,2022-09-29
1303,37,오후 6:23:03.1,72.13914228,1.7,2022-09-29
1304,37,오후 6:23:08.1,72.66042142,1.709,2022-09-29
1305,37,오후 6:23:13.1,74.17766014,1.633,2022-09-29
1306,37,오후 6:23:18.1,75.58643441,1.645,2022-09-29
1307,37,오후 6:23:23.1,75.87710396,1.679,2022-09-29
1308,37,오후 6:23:28.2,74.01353467,1.712,2022-09-29
1309,37,오후 6:23:33.2,71.04198315,1.718,2022-09-29
1310,37,오후 6:23:38.2,70.31247367,1.676,2022-09-29
1311,37,오후 6:23:43.2,69.53366359,1.608,2022-09-29
1312,37,오후 6:23:48.2,70.74042367,1.592,2022-09-29
1313,37,오후 6:23:53.2,73.0451851,1.574,2022-09-29
1314,37,오후 6:23:58.2,73.4724905,1.602,2022-09-29
1315,37,오후 6:24:03.2,71.13914228,1.654,2022-09-29
1316,37,오후 6:24:08.2,69.66042142,1.664,2022-09-29
1317,37,오후 6:24:13.2,71.17766014,1.61,2022-09-29
1318,37,오후 6:24:18.2,70.58643441,1.577,2022-09-29
1319,37,오후 6:24:23.2,71.87710396,1.612,2022-09-29
1320,37,오후 6:24:28.2,71.01353467,1.598,2022-09-29
1321,37,오후 6:24:33.2,69.204035,1.627,2022-09-29
1322,37,오후 6:24:38.2,69.87178422,1.608,2022-09-29
1323,37,오후 6:24:43.2,67.49957941,1.566,2022-09-29
1324,37,오후 6:24:48.2,70.86391347,1.581,2022-09-29
1325,37,오후 6:24:53.2,70.90814854,1.527,2022-09-29
1326,37,오후 6:24:58.2,67.66209656,1.604,2022-09-29
1327,37,오후 6:25:03.2,66.08489761,1.605,2022-09-29
1328,37,오후 6:25:08.2,66.47081535,1.531,2022-09-29
1329,37,오후 6:25:13.2,66.84317473,1.496,2022-09-29
1330,37,오후 6:25:18.2,68.18546554,1.504,2022-09-29
1331,37,오후 6:25:23.3,68.55671043,1.513,2022-09-29
1332,37,오후 6:25:28.3,67.93957562,1.544,2022-09-29
1333,38,오후 6:25:55.0,73.13914228,1.552,2022-09-29
1334,38,오후 6:26:00.0,74.66042142,1.538,2022-09-29
1335,38,오후 6:26:05.0,77.17766014,1.656,2022-09-29
1336,38,오후 6:26:10.0,74.58643441,1.691,2022-09-29
1337,38,오후 6:26:15.0,74.87710396,1.748,2022-09-29
1338,38,오후 6:26:20.0,75.01353467,1.688,2022-09-29
1339,38,오후 6:26:25.0,74.204035,1.695,2022-09-29
1340,38,오후 6:26:30.0,73.87178422,1.699,2022-09-29
1341,38,오후 6:26:35.0,75.49957941,1.68,2022-09-29
1342,38,오후 6:26:40.0,73.86391347,1.672,2022-09-29
1343,38,오후 6:26:45.0,84.6514099,1.906961423,2022-09-29
1344,38,오후 6:26:50.0,74.66209656,1.672,2022-09-29
1345,38,오후 6:26:55.1,72.08489761,1.718,2022-09-29
1346,38,오후 6:27:00.1,72.47081535,1.691,2022-09-29
1347,38,오후 6:27:05.1,72.84317473,1.632,2022-09-29
1348,38,오후 6:27:10.1,71.18546554,1.641,2022-09-29
1349,38,오후 6:27:15.1,71.55671043,1.649,2022-09-29
1350,38,오후 6:27:20.1,73.93957562,1.611,2022-09-29
1351,38,오후 6:27:25.1,69.00784573,1.62,2022-09-29
1352,38,오후 6:27:30.1,68.11937724,1.674,2022-09-29
1353,38,오후 6:27:35.1,68.12181234,1.562,2022-09-29
1354,38,오후 6:27:40.1,70.06197574,1.542,2022-09-29
1355,38,오후 6:27:45.1,70.08649643,1.542,2022-09-29
1356,38,오후 6:27:50.1,71.25677527,1.586,2022-09-29
1357,38,오후 6:27:55.1,68.204035,1.586,2022-09-29
1358,38,오후 6:28:00.1,68.87178422,1.613,2022-09-29
1359,38,오후 6:28:05.1,68.49957941,1.544,2022-09-29
1360,38,오후 6:28:10.1,69.86391347,1.559,2022-09-29
1361,38,오후 6:28:15.1,67.90814854,1.55,2022-09-29
1362,38,오후 6:28:20.1,70.66209656,1.582,2022-09-29
1363,38,오후 6:28:25.1,67.08489761,1.537,2022-09-29
1364,38,오후 6:28:30.1,64.47081535,1.599,2022-09-29
1365,38,오후 6:28:35.2,66.84317473,1.518,2022-09-29
1366,38,오후 6:28:40.2,65.18546554,1.459,2022-09-29
1367,38,오후 6:28:45.2,68.55671043,1.512,2022-09-29
1368,38,오후 6:28:50.2,68.93957562,1.475,2022-09-29
1369,39,오후 6:29:16.8,76.04198315,1.552,2022-09-29
1370,39,오후 6:29:21.8,75.31247367,1.56,2022-09-29
1371,39,오후 6:29:26.8,73.53366359,1.722,2022-09-29
1372,39,오후 6:29:31.8,75.74042367,1.705,2022-09-29
1373,39,오후 6:29:36.8,77.0451851,1.665,2022-09-29
1374,39,오후 6:29:41.8,76.4724905,1.716,2022-09-29
1375,39,오후 6:29:46.9,72.08489761,1.745,2022-09-29
1376,39,오후 6:29:51.9,72.47081535,1.732,2022-09-29
1377,39,오후 6:29:56.9,71.84317473,1.632,2022-09-29
1378,39,오후 6:30:01.9,75.18546554,1.641,2022-09-29
1379,39,오후 6:30:06.9,75.55671043,1.627,2022-09-29
1380,39,오후 6:30:11.9,75.93957562,1.703,2022-09-29
1381,39,오후 6:30:16.9,72.00784573,1.711,2022-09-29
1382,39,오후 6:30:21.9,69.11937724,1.719,2022-09-29
1383,39,오후 6:30:26.9,72.12181234,1.63,2022-09-29
1384,39,오후 6:30:31.9,72.06197574,1.565,2022-09-29
1385,39,오후 6:30:36.9,70.08649643,1.633,2022-09-29
1386,39,오후 6:30:41.9,72.25677527,1.631,2022-09-29
1387,39,오후 6:30:46.9,69.01093857,1.587,2022-09-29
1388,39,오후 6:30:51.9,71.19333629,1.636,2022-09-29
1389,39,오후 6:30:56.9,71.28386419,1.562,2022-09-29
1390,39,오후 6:31:01.9,70.3394548,1.612,2022-09-29
1391,39,오후 6:31:06.9,69.49933689,1.614,2022-09-29
1392,39,오후 6:31:11.9,68.81608582,1.592,2022-09-29
1393,39,오후 6:31:16.9,68.08489761,1.573,2022-09-29
1394,39,오후 6:31:21.9,67.47081535,1.557,2022-09-29
1395,39,오후 6:31:27.0,67.84317473,1.541,2022-09-29
1396,39,오후 6:31:32.0,68.18546554,1.527,2022-09-29
1397,39,오후 6:31:37.0,67.55671043,1.535,2022-09-29
1398,39,오후 6:31:42.0,70.93957562,1.544,2022-09-29
1399,39,오후 6:31:47.0,66.01093857,1.529,2022-09-29
1400,39,오후 6:31:52.0,66.19333629,1.606,2022-09-29
1401,39,오후 6:31:57.0,66.28386419,1.494,2022-09-29
1402,39,오후 6:32:02.0,65.3394548,1.498,2022-09-29
1403,39,오후 6:32:07.0,66.49933689,1.5,2022-09-29
1404,39,오후 6:32:12.0,64.81608582,1.479,2022-09-29
1405,40,오후 6:32:38.7,75.04198315,1.505,2022-09-29
1406,40,오후 6:32:43.7,75.31247367,1.467,2022-09-29
1407,40,오후 6:32:48.7,76.53366359,1.699,2022-09-29
1408,40,오후 6:32:53.7,73.74042367,1.705,2022-09-29
1409,40,오후 6:32:58.8,74.0451851,1.733,2022-09-29
1410,40,오후 6:33:03.8,74.4724905,1.67,2022-09-29
1411,40,오후 6:33:08.8,81.65049673,1.921888732,2022-09-29
1412,40,오후 6:33:13.8,73.87178422,1.686,2022-09-29
1413,40,오후 6:33:18.8,75.49957941,1.612,2022-09-29
1414,40,오후 6:33:23.8,73.86391347,1.673,2022-09-29
1415,40,오후 6:33:28.8,74.90814854,1.71,2022-09-29
1416,40,오후 6:33:33.8,73.66209656,1.673,2022-09-29
1417,40,오후 6:33:38.8,70.01093857,1.697,2022-09-29
1418,40,오후 6:33:43.8,71.19333629,1.668,2022-09-29
1419,40,오후 6:33:48.8,72.28386419,1.585,2022-09-29
1420,40,오후 6:33:53.8,69.3394548,1.611,2022-09-29
1421,40,오후 6:33:58.8,71.49933689,1.637,2022-09-29
1422,40,오후 6:34:03.8,72.81608582,1.569,2022-09-29
1423,40,오후 6:34:08.8,68.04198315,1.618,2022-09-29
1424,40,오후 6:34:13.8,70.31247367,1.648,2022-09-29
1425,40,오후 6:34:18.9,68.53366359,1.54,2022-09-29
1426,40,오후 6:34:23.9,68.74042367,1.591,2022-09-29
1427,40,오후 6:34:28.9,71.0451851,1.552,2022-09-29
1428,40,오후 6:34:33.9,72.4724905,1.556,2022-09-29
1429,40,오후 6:34:38.9,67.08489761,1.608,2022-09-29
1430,40,오후 6:34:43.9,66.47081535,1.641,2022-09-29
1431,40,오후 6:34:48.9,69.84317473,1.518,2022-09-29
1432,40,오후 6:34:53.9,69.18546554,1.504,2022-09-29
1433,40,오후 6:34:58.9,68.55671043,1.581,2022-09-29
1434,40,오후 6:35:03.9,68.93957562,1.566,2022-09-29
1435,40,오후 6:35:08.9,66.01093857,1.552,2022-09-29
1436,40,오후 6:35:13.9,64.19333629,1.561,2022-09-29
1437,40,오후 6:35:18.9,67.28386419,1.494,2022-09-29
1438,40,오후 6:35:23.9,64.3394548,1.453,2022-09-29
1439,40,오후 6:35:28.9,66.49933689,1.523,2022-09-29
1440,40,오후 6:35:33.9,65.81608582,1.456,2022-09-29
1441,41,오후 6:35:59.4,73.01093857,1.505,2022-09-29
1442,41,오후 6:36:04.4,75.19333629,1.489,2022-09-29
1443,41,오후 6:36:09.4,73.28386419,1.653,2022-09-29
1444,41,오후 6:36:14.4,76.3394548,1.703,2022-09-29
1445,41,오후 6:36:19.4,74.49933689,1.659,2022-09-29
1446,41,오후 6:36:24.4,75.81608582,1.729,2022-09-29
1447,41,오후 6:36:29.4,72.08489761,1.687,2022-09-29
1448,41,오후 6:36:34.4,71.47081535,1.717,2022-09-29
1449,41,오후 6:36:39.4,73.84317473,1.631,2022-09-29
1450,41,오후 6:36:44.4,74.18546554,1.618,2022-09-29
1451,41,오후 6:36:49.4,75.55671043,1.671,2022-09-29
1452,41,오후 6:36:54.4,72.93957562,1.68,2022-09-29
1453,41,오후 6:36:59.4,79.4054666,1.908076605,2022-09-29
1454,41,오후 6:37:04.4,69.87178422,1.651,2022-09-29
1455,41,오후 6:37:09.5,71.49957941,1.612,2022-09-29
1456,41,오후 6:37:14.5,72.86391347,1.582,2022-09-29
1457,41,오후 6:37:19.5,70.90814854,1.619,2022-09-29
1458,41,오후 6:37:24.5,72.66209656,1.65,2022-09-29
1459,41,오후 6:37:29.5,71.00784573,1.605,2022-09-29
1460,41,오후 6:37:34.5,70.11937724,1.645,2022-09-29
1461,41,오후 6:37:39.5,71.12181234,1.608,2022-09-29
1462,41,오후 6:37:44.5,68.06197574,1.587,2022-09-29
1463,41,오후 6:37:49.5,71.08649643,1.61,2022-09-29
1464,41,오후 6:37:54.5,70.25677527,1.54,2022-09-29
1465,41,오후 6:37:59.5,67.01093857,1.609,2022-09-29
1466,41,오후 6:38:04.5,66.19333629,1.591,2022-09-29
1467,41,오후 6:38:09.5,69.28386419,1.517,2022-09-29
1468,41,오후 6:38:14.5,67.3394548,1.498,2022-09-29
1469,41,오후 6:38:19.5,67.49933689,1.568,2022-09-29
1470,41,오후 6:38:24.5,66.81608582,1.524,2022-09-29
1471,41,오후 6:38:29.5,65.00784573,1.527,2022-09-29
1472,41,오후 6:38:34.6,67.11937724,1.512,2022-09-29
1473,41,오후 6:38:39.6,67.12181234,1.471,2022-09-29
1474,41,오후 6:38:44.6,65.06197574,1.519,2022-09-29
1475,41,오후 6:38:49.6,64.08649643,1.519,2022-09-29
1476,41,오후 6:38:54.6,67.25677527,1.472,2022-09-29
1477,42,오후 6:39:22.2,73.04198315,1.45,2022-09-29
1478,42,오후 6:39:27.2,76.31247367,1.522,2022-09-29
1479,42,오후 6:39:32.2,74.53366359,1.654,2022-09-29
1480,42,오후 6:39:37.2,74.74042367,1.728,2022-09-29
1481,42,오후 6:39:42.2,75.0451851,1.688,2022-09-29
1482,42,오후 6:39:47.2,76.4724905,1.692,2022-09-29
1483,42,오후 6:39:52.2,73.204035,1.7,2022-09-29
1484,42,오후 6:39:57.2,71.87178422,1.732,2022-09-29
1485,42,오후 6:40:02.2,73.49957941,1.657,2022-09-29
1486,42,오후 6:40:07.3,75.86391347,1.627,2022-09-29
1487,42,오후 6:40:12.3,73.90814854,1.664,2022-09-29
1488,42,오후 6:40:17.3,72.66209656,1.718,2022-09-29
1489,42,오후 6:40:22.3,72.01093857,1.674,2022-09-29
1490,42,오후 6:40:27.3,69.19333629,1.645,2022-09-29
1491,42,오후 6:40:32.3,71.28386419,1.631,2022-09-29
1492,42,오후 6:40:37.3,71.3394548,1.566,2022-09-29
1493,42,오후 6:40:42.3,69.49933689,1.613,2022-09-29
1494,42,오후 6:40:47.3,71.81608582,1.615,2022-09-29
1495,42,오후 6:40:52.3,68.204035,1.573,2022-09-29
1496,42,오후 6:40:57.3,71.87178422,1.626,2022-09-29
1497,42,오후 6:41:02.3,71.49957941,1.544,2022-09-29
1498,42,오후 6:41:07.3,70.86391347,1.627,2022-09-29
1499,42,오후 6:41:12.3,71.90814854,1.619,2022-09-29
1500,42,오후 6:41:17.3,71.66209656,1.605,2022-09-29
1501,42,오후 6:41:22.3,66.204035,1.628,2022-09-29
1502,42,오후 6:41:27.3,67.87178422,1.622,2022-09-29
1503,42,오후 6:41:32.3,70.49957941,1.498,2022-09-29
1504,42,오후 6:41:37.3,67.86391347,1.536,2022-09-29
1505,42,오후 6:41:42.3,68.90814854,1.596,2022-09-29
1506,42,오후 6:41:47.4,67.66209656,1.536,2022-09-29
1507,42,오후 6:41:52.4,66.01093857,1.56,2022-09-29
1508,42,오후 6:41:57.4,67.19333629,1.531,2022-09-29
1509,42,오후 6:42:02.4,64.28386419,1.494,2022-09-29
1510,42,오후 6:42:07.4,64.3394548,1.521,2022-09-29
1511,42,오후 6:42:12.4,64.49933689,1.455,2022-09-29
1512,42,오후 6:42:17.4,65.81608582,1.456,2022-09-29
1513,43,오후 6:42:45.3,74.08489761,1.459,2022-09-29
1514,43,오후 6:42:50.3,75.47081535,1.489,2022-09-29
1515,43,오후 6:42:55.3,75.84317473,1.678,2022-09-29
1516,43,오후 6:43:00.3,75.18546554,1.709,2022-09-29
1517,43,오후 6:43:05.3,76.55671043,1.717,2022-09-29
1518,43,오후 6:43:10.3,75.93957562,1.702,2022-09-29
1519,43,오후 6:43:15.3,71.08489761,1.733,2022-09-29
1520,43,오후 6:43:20.3,72.47081535,1.72,2022-09-29
1521,43,오후 6:43:25.3,74.84317473,1.609,2022-09-29
1522,43,오후 6:43:30.4,74.18546554,1.641,2022-09-29
1523,43,오후 6:43:35.4,72.55671043,1.694,2022-09-29
1524,43,오후 6:43:40.4,72.93957562,1.68,2022-09-29
1525,43,오후 6:43:45.4,76.25586885,1.814669666,2022-09-29
1526,43,오후 6:43:50.4,69.31247367,1.652,2022-09-29
1527,43,오후 6:43:55.4,71.53366359,1.563,2022-09-29
1528,43,오후 6:44:00.4,72.74042367,1.569,2022-09-29
1529,43,오후 6:44:05.4,71.0451851,1.619,2022-09-29
1530,43,오후 6:44:10.4,70.4724905,1.647,2022-09-29
1531,43,오후 6:44:15.4,69.00784573,1.608,2022-09-29
1532,43,오후 6:44:20.4,71.11937724,1.595,2022-09-29
1533,43,오후 6:44:25.4,71.12181234,1.562,2022-09-29
1534,43,오후 6:44:30.4,71.78177225,1.64952033,2022-09-29
1535,43,오후 6:44:35.4,70.08649643,1.61,2022-09-29
1536,43,오후 6:44:40.4,70.25677527,1.586,2022-09-29
1537,43,오후 6:44:45.4,66.13914228,1.586,2022-09-29
1538,43,오후 6:44:50.4,67.66042142,1.591,2022-09-29
1539,43,오후 6:44:55.4,67.17766014,1.496,2022-09-29
1540,43,오후 6:45:00.4,68.58643441,1.531,2022-09-29
1541,43,오후 6:45:05.5,70.87710396,1.521,2022-09-29
1542,43,오후 6:45:10.5,70.01353467,1.552,2022-09-29
1543,43,오후 6:45:15.5,65.13914228,1.604,2022-09-29
1544,43,오후 6:45:20.5,65.66042142,1.585,2022-09-29
1545,43,오후 6:45:25.5,65.17766014,1.474,2022-09-29
1546,43,오후 6:45:30.5,67.58643441,1.486,2022-09-29
1547,43,오후 6:45:35.5,65.87710396,1.475,2022-09-29
1548,43,오후 6:45:40.5,66.01353467,1.53,2022-09-29
