Index,Process,Time,Temp,Current,Date,Label
1,1,오후 4:24:03.0,75.13914228,1.61,2022-09-06,0
2,1,오후 4:24:08.0,76.66042142,1.53,2022-09-06,0
3,1,오후 4:24:13.0,77.17766014,1.701,2022-09-06,0
4,1,오후 4:24:18.0,76.58643441,1.736,2022-09-06,0
5,1,오후 4:24:23.0,77.87710396,1.748,2022-09-06,0
6,1,오후 4:24:28.0,76.01353467,1.734,2022-09-06,0
7,1,오후 4:24:33.0,71.00784573,1.763,2022-09-06,0
8,1,오후 4:24:38.0,71.11937724,1.721,2022-09-06,0
9,1,오후 4:24:43.0,74.12181234,1.608,2022-09-06,0
10,1,오후 4:24:48.0,74.06197574,1.61,2022-09-06,0
11,1,오후 4:24:53.0,71.08649643,1.678,2022-09-06,0
12,1,오후 4:24:58.0,73.25677527,1.677,2022-09-06,0
13,1,오후 4:25:03.0,69.00784573,1.609,2022-09-06,0
14,1,오후 4:25:08.0,71.11937724,1.658,2022-09-06,0
15,1,오후 4:25:13.0,72.12181234,1.562,2022-09-06,0
16,1,오후 4:25:18.0,71.06197574,1.61,2022-09-06,0
17,1,오후 4:25:23.0,70.08649643,1.632,2022-09-06,0
18,1,오후 4:25:28.0,71.25677527,1.609,2022-09-06,0
19,1,오후 4:25:33.0,69.08489761,1.587,2022-09-06,0
20,1,오후 4:25:38.1,74.39228908,1.752495011,2022-09-06,0
21,1,오후 4:25:43.1,68.84317473,1.563,2022-09-06,0
22,1,오후 4:25:48.1,69.18546554,1.55,2022-09-06,0
23,1,오후 4:25:53.1,70.55671043,1.559,2022-09-06,0
24,1,오후 4:25:58.1,69.93957562,1.566,2022-09-06,0
25,1,오후 4:26:03.1,69.13914228,1.597,2022-09-06,0
26,1,오후 4:26:08.1,68.66042142,1.583,2022-09-06,0
27,1,오후 4:26:13.1,70.17766014,1.565,2022-09-06,0
28,1,오후 4:26:18.1,67.58643441,1.554,2022-09-06,0
29,1,오후 4:26:23.1,68.87710396,1.589,2022-09-06,0
30,1,오후 4:26:28.1,69.01353467,1.53,2022-09-06,0
31,1,오후 4:26:33.1,66.04198315,1.559,2022-09-06,0
32,1,오후 4:26:38.1,66.31247367,1.562,2022-09-06,0
33,1,오후 4:26:43.1,65.53366359,1.494,2022-09-06,0
34,1,오후 4:26:48.1,66.74042367,1.501,2022-09-06,0
35,1,오후 4:26:53.1,68.0451851,1.483,2022-09-06,0
36,1,오후 4:26:58.1,67.4724905,1.51,2022-09-06,0
37,2,오후 4:27:25.2,75.204035,1.54,2022-09-06,0
38,2,오후 4:27:30.2,76.87178422,1.527,2022-09-06,0
39,2,오후 4:27:35.2,76.49957941,1.703,2022-09-06,0
40,2,오후 4:27:40.2,74.86391347,1.741,2022-09-06,0
41,2,오후 4:27:45.2,77.90814854,1.732,2022-09-06,0
42,2,오후 4:27:50.2,76.66209656,1.696,2022-09-06,0
43,2,오후 4:27:55.2,71.01093857,1.765,2022-09-06,0
44,2,오후 4:28:00.2,74.19333629,1.736,2022-09-06,0
45,2,오후 4:28:05.2,71.28386419,1.607,2022-09-06,0
46,2,오후 4:28:10.2,71.3394548,1.68,2022-09-06,0
47,2,오후 4:28:15.2,72.49933689,1.613,2022-09-06,0
48,2,오후 4:28:20.2,74.81608582,1.615,2022-09-06,0
49,2,오후 4:28:25.2,69.04198315,1.641,2022-09-06,0
50,2,오후 4:28:30.2,71.31247367,1.694,2022-09-06,0
51,2,오후 4:28:35.3,70.53366359,1.563,2022-09-06,0
52,2,오후 4:28:40.3,71.74042367,1.615,2022-09-06,0
53,2,오후 4:28:45.3,72.0451851,1.597,2022-09-06,0
54,2,오후 4:28:50.3,72.4724905,1.624,2022-09-06,0
55,2,오후 4:28:55.3,71.00784573,1.631,2022-09-06,0
56,2,오후 4:29:00.3,71.11937724,1.641,2022-09-06,0
57,2,오후 4:29:05.3,70.12181234,1.608,2022-09-06,0
58,2,오후 4:29:10.3,68.06197574,1.61,2022-09-06,0
59,2,오후 4:29:15.3,70.08649643,1.587,2022-09-06,0
60,2,오후 4:29:20.3,71.25677527,1.541,2022-09-06,0
61,2,오후 4:29:25.3,66.204035,1.586,2022-09-06,0
62,2,오후 4:29:30.3,69.87178422,1.613,2022-09-06,0
63,2,오후 4:29:35.3,70.49957941,1.498,2022-09-06,0
64,2,오후 4:29:40.3,67.86391347,1.582,2022-09-06,0
65,2,오후 4:29:45.3,70.90814854,1.596,2022-09-06,0
66,2,오후 4:29:50.3,67.66209656,1.536,2022-09-06,0
67,2,오후 4:29:55.3,64.204035,1.605,2022-09-06,0
68,2,오후 4:30:00.3,67.87178422,1.531,2022-09-06,0
69,2,오후 4:30:05.3,67.49957941,1.453,2022-09-06,0
70,2,오후 4:30:10.3,66.86391347,1.536,2022-09-06,0
71,2,오후 4:30:15.3,67.90814854,1.528,2022-09-06,0
72,2,오후 4:30:20.4,66.66209656,1.513,2022-09-06,0
73,3,오후 4:30:46.2,75.204035,1.537,2022-09-06,0
74,3,오후 4:30:51.2,75.87178422,1.509,2022-09-06,0
75,3,오후 4:30:56.2,77.49957941,1.702,2022-09-06,0
76,3,오후 4:31:01.2,76.86391347,1.718,2022-09-06,0
77,3,오후 4:31:06.2,75.90814854,1.755,2022-09-06,0
78,3,오후 4:31:11.2,76.66209656,1.741,2022-09-06,0
79,3,오후 4:31:16.3,71.01093857,1.719,2022-09-06,0
80,3,오후 4:31:21.3,73.19333629,1.736,2022-09-06,0
81,3,오후 4:31:26.3,72.28386419,1.608,2022-09-06,0
82,3,오후 4:31:31.3,74.3394548,1.657,2022-09-06,0
83,3,오후 4:31:36.3,73.49933689,1.636,2022-09-06,0
84,3,오후 4:31:41.3,73.81608582,1.683,2022-09-06,0
85,3,오후 4:31:46.3,71.00784573,1.664,2022-09-06,0
86,3,오후 4:31:51.3,70.11937724,1.671,2022-09-06,0
87,3,오후 4:31:56.3,69.12181234,1.607,2022-09-06,0
88,3,오후 4:32:01.3,71.06197574,1.587,2022-09-06,0
89,3,오후 4:32:06.3,69.08649643,1.565,2022-09-06,0
90,3,오후 4:32:11.3,70.25677527,1.609,2022-09-06,0
91,3,오후 4:32:16.3,68.13914228,1.564,2022-09-06,0
92,3,오후 4:32:21.3,68.66042142,1.591,2022-09-06,0
93,3,오후 4:32:26.3,72.17766014,1.542,2022-09-06,0
94,3,오후 4:32:31.3,69.58643441,1.554,2022-09-06,0
95,3,오후 4:32:36.3,71.87710396,1.634,2022-09-06,0
96,3,오후 4:32:41.3,70.01353467,1.575,2022-09-06,0
97,3,오후 4:32:46.3,68.13914228,1.627,2022-09-06,0
98,3,오후 4:32:51.3,66.66042142,1.585,2022-09-06,0
99,3,오후 4:32:56.4,68.17766014,1.542,2022-09-06,0
100,3,오후 4:33:01.4,67.58643441,1.509,2022-09-06,0
101,3,오후 4:33:06.4,67.87710396,1.543,2022-09-06,0
102,3,오후 4:33:11.4,69.01353467,1.53,2022-09-06,0
103,3,오후 4:33:16.4,64.04198315,1.536,2022-09-06,0
104,3,오후 4:33:21.4,67.31247367,1.562,2022-09-06,0
105,3,오후 4:33:26.4,67.53366359,1.449,2022-09-06,0
106,3,오후 4:33:31.4,65.74042367,1.523,2022-09-06,0
107,3,오후 4:33:36.4,65.0451851,1.529,2022-09-06,0
108,3,오후 4:33:41.4,66.4724905,1.487,2022-09-06,0
109,4,오후 4:34:06.9,75.13914228,1.472,2022-09-06,0
110,4,오후 4:34:11.9,75.66042142,1.504,2022-09-06,0
111,4,오후 4:34:16.9,77.17766014,1.701,2022-09-06,0
112,4,오후 4:34:21.9,77.58643441,1.713,2022-09-06,0
113,4,오후 4:34:26.9,76.87710396,1.748,2022-09-06,0
114,4,오후 4:34:31.9,75.01353467,1.757,2022-09-06,0
115,4,오후 4:34:36.9,72.00784573,1.741,2022-09-06,0
116,4,오후 4:34:41.9,71.11937724,1.699,2022-09-06,0
117,4,오후 4:34:46.9,71.12181234,1.631,2022-09-06,0
118,4,오후 4:34:51.9,74.06197574,1.61,2022-09-06,0
119,4,오후 4:34:56.9,72.08649643,1.61,2022-09-06,0
120,4,오후 4:35:01.9,73.25677527,1.677,2022-09-06,0
121,4,오후 4:35:06.9,70.01093857,1.632,2022-09-06,0
122,4,오후 4:35:11.9,69.19333629,1.659,2022-09-06,0
123,4,오후 4:35:16.9,70.28386419,1.584,2022-09-06,0
124,4,오후 4:35:21.9,72.3394548,1.567,2022-09-06,0
125,4,오후 4:35:27.0,71.49933689,1.591,2022-09-06,0
126,4,오후 4:35:32.0,71.81608582,1.638,2022-09-06,0
127,4,오후 4:35:37.0,69.13914228,1.618,2022-09-06,0
128,4,오후 4:35:42.0,68.66042142,1.626,2022-09-06,0
129,4,오후 4:35:47.0,71.17766014,1.565,2022-09-06,0
130,4,오후 4:35:52.0,71.58643441,1.554,2022-09-06,0
131,4,오후 4:35:57.0,71.87710396,1.612,2022-09-06,0
132,4,오후 4:36:02.0,70.01353467,1.621,2022-09-06,0
133,4,오후 4:36:07.0,69.204035,1.627,2022-09-06,0
134,4,오후 4:36:12.0,67.87178422,1.585,2022-09-06,0
135,4,오후 4:36:17.0,70.49957941,1.567,2022-09-06,0
136,4,오후 4:36:22.0,69.86391347,1.536,2022-09-06,0
137,4,오후 4:36:27.0,68.90814854,1.596,2022-09-06,0
138,4,오후 4:36:32.0,70.66209656,1.581,2022-09-06,0
139,4,오후 4:36:37.0,74.54880088,1.78887018,2022-09-06,0
140,4,오후 4:36:42.0,67.19333629,1.6,2022-09-06,0
141,4,오후 4:36:47.0,65.28386419,1.471,2022-09-06,0
142,4,오후 4:36:52.0,67.3394548,1.52,2022-09-06,0
143,4,오후 4:36:57.0,67.49933689,1.478,2022-09-06,0
144,4,오후 4:37:02.0,65.81608582,1.524,2022-09-06,0
145,5,오후 4:37:28.3,75.13914228,1.527,2022-09-06,0
146,5,오후 4:37:33.3,74.66042142,1.49,2022-09-06,0
147,5,오후 4:37:38.3,75.17766014,1.702,2022-09-06,0
148,5,오후 4:37:43.3,77.58643441,1.69,2022-09-06,0
149,5,오후 4:37:48.3,74.87710396,1.702,2022-09-06,0
150,5,오후 4:37:53.3,83.65375251,1.959374982,2022-09-06,0
151,5,오후 4:37:58.3,74.204035,1.696,2022-09-06,0
152,5,오후 4:38:03.3,73.87178422,1.699,2022-09-06,0
153,5,오후 4:38:08.3,72.49957941,1.68,2022-09-06,0
154,5,오후 4:38:13.3,74.86391347,1.673,2022-09-06,0
155,5,오후 4:38:18.3,75.90814854,1.641,2022-09-06,0
156,5,오후 4:38:23.3,73.66209656,1.695,2022-09-06,0
157,5,오후 4:38:28.3,69.00784573,1.719,2022-09-06,0
158,5,오후 4:38:33.3,72.11937724,1.667,2022-09-06,0
159,5,오후 4:38:38.3,70.12181234,1.562,2022-09-06,0
160,5,오후 4:38:43.3,71.06197574,1.633,2022-09-06,0
161,5,오후 4:38:48.3,72.08649643,1.588,2022-09-06,0
162,5,오후 4:38:53.3,70.25677527,1.609,2022-09-06,0
163,5,오후 4:38:58.3,70.00784573,1.632,2022-09-06,0
164,5,오후 4:39:03.3,69.11937724,1.59,2022-09-06,0
165,5,오후 4:39:08.3,69.12181234,1.584,2022-09-06,0
166,5,오후 4:39:13.3,71.06197574,1.565,2022-09-06,0
167,5,오후 4:39:18.4,70.08649643,1.564,2022-09-06,0
168,5,오후 4:39:23.4,71.25677527,1.609,2022-09-06,0
169,5,오후 4:39:28.4,66.204035,1.587,2022-09-06,0
170,5,오후 4:39:33.4,68.87178422,1.613,2022-09-06,0
171,5,오후 4:39:38.4,68.49957941,1.498,2022-09-06,0
172,5,오후 4:39:43.4,67.86391347,1.559,2022-09-06,0
173,5,오후 4:39:48.4,69.90814854,1.55,2022-09-06,0
174,5,오후 4:39:53.4,70.66209656,1.536,2022-09-06,0
175,5,오후 4:39:58.4,65.08489761,1.582,2022-09-06,0
176,5,오후 4:40:03.4,65.47081535,1.599,2022-09-06,0
177,5,오후 4:40:08.4,64.84317473,1.473,2022-09-06,0
178,5,오후 4:40:13.4,67.18546554,1.482,2022-09-06,0
179,5,오후 4:40:18.4,68.55671043,1.467,2022-09-06,0
180,5,오후 4:40:23.4,65.93957562,1.521,2022-09-06,0
181,6,오후 4:40:50.2,75.04198315,1.552,2022-09-06,0
182,6,오후 4:40:55.2,75.31247367,1.492,2022-09-06,0
183,6,오후 4:41:00.2,76.53366359,1.699,2022-09-06,0
184,6,오후 4:41:05.2,73.74042367,1.705,2022-09-06,0
185,6,오후 4:41:10.2,77.0451851,1.733,2022-09-06,0
186,6,오후 4:41:15.2,76.4724905,1.67,2022-09-06,0
187,6,오후 4:41:20.2,71.04198315,1.745,2022-09-06,0
188,6,오후 4:41:25.2,72.31247367,1.732,2022-09-06,0
189,6,오후 4:41:30.2,72.53366359,1.608,2022-09-06,0
190,6,오후 4:41:35.2,72.74042367,1.637,2022-09-06,0
191,6,오후 4:41:40.2,74.0451851,1.642,2022-09-06,0
192,6,오후 4:41:45.2,73.4724905,1.646,2022-09-06,0
193,6,오후 4:41:50.2,71.00784573,1.677,2022-09-06,0
194,6,오후 4:41:55.3,72.11937724,1.664,2022-09-06,0
195,6,오후 4:42:00.3,72.12181234,1.608,2022-09-06,0
196,6,오후 4:42:05.3,72.06197574,1.632,2022-09-06,0
197,6,오후 4:42:10.3,72.08649643,1.633,2022-09-06,0
198,6,오후 4:42:15.3,70.25677527,1.631,2022-09-06,0
199,6,오후 4:42:20.3,68.04198315,1.632,2022-09-06,0
200,6,오후 4:42:25.3,70.31247367,1.591,2022-09-06,0
201,6,오후 4:42:30.3,71.53366359,1.54,2022-09-06,0
202,6,오후 4:42:35.3,71.74042367,1.591,2022-09-06,0
203,6,오후 4:42:40.3,71.0451851,1.619,2022-09-06,0
204,6,오후 4:42:45.3,69.4724905,1.624,2022-09-06,0
205,6,오후 4:42:50.3,66.00784573,1.609,2022-09-06,0
206,6,오후 4:42:55.3,68.11937724,1.572,2022-09-06,0
207,6,오후 4:43:00.3,66.12181234,1.494,2022-09-06,0
208,6,오후 4:43:05.3,66.06197574,1.542,2022-09-06,0
209,6,오후 4:43:10.3,66.08649643,1.496,2022-09-06,0
210,6,오후 4:43:15.3,69.25677527,1.495,2022-09-06,0
211,6,오후 4:43:20.3,64.01093857,1.496,2022-09-06,0
212,6,오후 4:43:25.3,64.19333629,1.567,2022-09-06,0
213,6,오후 4:43:30.4,65.28386419,1.448,2022-09-06,0
214,6,오후 4:43:35.4,67.3394548,1.452,2022-09-06,0
215,6,오후 4:43:40.4,65.49933689,1.478,2022-09-06,0
216,6,오후 4:43:45.4,64.81608582,1.524,2022-09-06,0
217,7,오후 4:44:13.2,75.04198315,1.482,2022-09-06,0
218,7,오후 4:44:18.2,73.31247367,1.466,2022-09-06,0
219,7,오후 4:44:23.2,76.53366359,1.699,2022-09-06,0
220,7,오후 4:44:28.2,73.74042367,1.66,2022-09-06,0
221,7,오후 4:44:33.2,74.0451851,1.734,2022-09-06,0
222,7,오후 4:44:38.2,74.4724905,1.67,2022-09-06,0
223,7,오후 4:44:43.2,72.13914228,1.676,2022-09-06,0
224,7,오후 4:44:48.2,73.66042142,1.686,2022-09-06,0
225,7,오후 4:44:53.3,74.17766014,1.633,2022-09-06,0
226,7,오후 4:44:58.3,73.58643441,1.668,2022-09-06,0
227,7,오후 4:45:03.3,73.87710396,1.68,2022-09-06,0
228,7,오후 4:45:08.3,76.01353467,1.666,2022-09-06,0
229,7,오후 4:45:13.3,71.04198315,1.673,2022-09-06,0
230,7,오후 4:45:18.3,71.31247367,1.721,2022-09-06,0
231,7,오후 4:45:23.3,70.53366359,1.608,2022-09-06,0
232,7,오후 4:45:28.3,71.74042367,1.614,2022-09-06,0
233,7,오후 4:45:33.3,70.0451851,1.596,2022-09-06,0
234,7,오후 4:45:38.3,75.2760042,1.663863985,2022-09-06,0
235,7,오후 4:45:43.3,68.01093857,1.585,2022-09-06,0
236,7,오후 4:45:48.3,69.19333629,1.663,2022-09-06,0
237,7,오후 4:45:53.3,69.28386419,1.539,2022-09-06,0
238,7,오후 4:45:58.3,68.3394548,1.566,2022-09-06,0
239,7,오후 4:46:03.3,71.49933689,1.568,2022-09-06,0
240,7,오후 4:46:08.4,70.81608582,1.547,2022-09-06,0
241,7,오후 4:46:13.4,67.204035,1.618,2022-09-06,0
242,7,오후 4:46:18.4,69.87178422,1.603,2022-09-06,0
243,7,오후 4:46:23.4,69.49957941,1.521,2022-09-06,0
244,7,오후 4:46:28.4,67.86391347,1.582,2022-09-06,0
245,7,오후 4:46:33.4,69.90814854,1.573,2022-09-06,0
246,7,오후 4:46:38.4,69.66209656,1.536,2022-09-06,0
247,7,오후 4:46:43.4,67.01093857,1.582,2022-09-06,0
248,7,오후 4:46:48.4,64.19333629,1.577,2022-09-06,0
249,7,오후 4:46:53.4,65.28386419,1.517,2022-09-06,0
250,7,오후 4:46:58.4,66.3394548,1.452,2022-09-06,0
251,7,오후 4:47:03.4,67.49933689,1.478,2022-09-06,0
252,7,오후 4:47:08.4,65.81608582,1.501,2022-09-06,0
253,8,오후 4:47:34.8,76.01093857,1.528,2022-09-06,0
254,8,오후 4:47:39.8,74.19333629,1.489,2022-09-06,0
255,8,오후 4:47:44.8,74.28386419,1.721,2022-09-06,0
256,8,오후 4:47:49.8,75.3394548,1.68,2022-09-06,0
257,8,오후 4:47:54.9,75.49933689,1.682,2022-09-06,0
258,8,오후 4:47:59.9,74.81608582,1.706,2022-09-06,0
259,8,오후 4:48:04.9,71.13914228,1.71,2022-09-06,0
260,8,오후 4:48:09.9,73.66042142,1.694,2022-09-06,0
261,8,오후 4:48:14.9,72.17766014,1.611,2022-09-06,0
262,8,오후 4:48:19.9,74.58643441,1.668,2022-09-06,0
263,8,오후 4:48:24.9,74.87710396,1.634,2022-09-06,0
264,8,오후 4:48:29.9,80.41435228,1.835067621,2022-09-06,0
265,8,오후 4:48:34.9,71.08489761,1.696,2022-09-06,0
266,8,오후 4:48:39.9,69.47081535,1.676,2022-09-06,0
267,8,오후 4:48:44.9,69.84317473,1.609,2022-09-06,0
268,8,오후 4:48:49.9,73.18546554,1.572,2022-09-06,0
269,8,오후 4:48:54.9,71.55671043,1.581,2022-09-06,0
270,8,오후 4:48:59.9,72.93957562,1.657,2022-09-06,0
271,8,오후 4:49:04.9,71.204035,1.62,2022-09-06,0
272,8,오후 4:49:09.9,70.87178422,1.651,2022-09-06,0
273,8,오후 4:49:14.9,71.49957941,1.612,2022-09-06,0
274,8,오후 4:49:19.9,69.86391347,1.604,2022-09-06,0
275,8,오후 4:49:24.9,71.90814854,1.619,2022-09-06,0
276,8,오후 4:49:29.9,69.66209656,1.581,2022-09-06,0
277,8,오후 4:49:34.9,69.04198315,1.628,2022-09-06,0
278,8,오후 4:49:40.0,67.31247367,1.577,2022-09-06,0
279,8,오후 4:49:45.0,66.53366359,1.563,2022-09-06,0
280,8,오후 4:49:50.0,67.74042367,1.523,2022-09-06,0
281,8,오후 4:49:55.0,67.0451851,1.506,2022-09-06,0
282,8,오후 4:50:00.0,69.4724905,1.534,2022-09-06,0
283,8,오후 4:50:05.0,67.01093857,1.518,2022-09-06,0
284,8,오후 4:50:10.0,66.19333629,1.572,2022-09-06,0
285,8,오후 4:50:15.0,67.28386419,1.516,2022-09-06,0
286,8,오후 4:50:20.0,65.3394548,1.498,2022-09-06,0
287,8,오후 4:50:25.0,66.49933689,1.523,2022-09-06,0
288,8,오후 4:50:30.0,67.81608582,1.479,2022-09-06,0
289,9,오후 4:50:56.8,76.00784573,1.505,2022-09-06,0
290,9,오후 4:51:01.8,73.11937724,1.535,2022-09-06,0
291,9,오후 4:51:06.8,73.12181234,1.721,2022-09-06,0
292,9,오후 4:51:11.8,73.06197574,1.656,2022-09-06,0
293,9,오후 4:51:16.8,75.08649643,1.656,2022-09-06,0
294,9,오후 4:51:21.8,74.25677527,1.654,2022-09-06,0
295,9,오후 4:51:26.8,73.08489761,1.7,2022-09-06,0
296,9,오후 4:51:31.8,74.47081535,1.681,2022-09-06,0
297,9,오후 4:51:36.8,72.84317473,1.655,2022-09-06,0
298,9,오후 4:51:41.8,72.18546554,1.687,2022-09-06,0
299,9,오후 4:51:46.8,73.55671043,1.649,2022-09-06,0
300,9,오후 4:51:51.8,73.93957562,1.634,2022-09-06,0
301,9,오후 4:51:56.8,71.204035,1.666,2022-09-06,0
302,9,오후 4:52:01.8,69.87178422,1.674,2022-09-06,0
303,9,오후 4:52:06.9,72.49957941,1.612,2022-09-06,0
304,9,오후 4:52:11.9,70.86391347,1.582,2022-09-06,0
305,9,오후 4:52:16.9,73.90814854,1.642,2022-09-06,0
306,9,오후 4:52:21.9,70.66209656,1.604,2022-09-06,0
307,9,오후 4:52:26.9,70.204035,1.673,2022-09-06,0
308,9,오후 4:52:31.9,70.87178422,1.6,2022-09-06,0
309,9,오후 4:52:36.9,70.49957941,1.59,2022-09-06,0
310,9,오후 4:52:41.9,70.86391347,1.605,2022-09-06,0
311,9,오후 4:52:46.9,72.90814854,1.596,2022-09-06,0
312,9,오후 4:52:51.9,70.66209656,1.604,2022-09-06,0
313,9,오후 4:52:56.9,66.204035,1.651,2022-09-06,0
314,9,오후 4:53:01.9,66.87178422,1.599,2022-09-06,0
315,9,오후 4:53:06.9,69.49957941,1.498,2022-09-06,0
316,9,오후 4:53:11.9,70.86391347,1.514,2022-09-06,0
317,9,오후 4:53:16.9,69.90814854,1.574,2022-09-06,0
318,9,오후 4:53:21.9,70.66209656,1.604,2022-09-06,0
319,9,오후 4:53:26.9,65.00784573,1.583,2022-09-06,0
320,9,오후 4:53:31.9,65.11937724,1.599,2022-09-06,0
321,9,오후 4:53:36.9,67.12181234,1.471,2022-09-06,0
322,9,오후 4:53:41.9,67.06197574,1.473,2022-09-06,0
323,9,오후 4:53:46.9,65.08649643,1.519,2022-09-06,0
324,9,오후 4:53:51.9,67.25677527,1.518,2022-09-06,0
325,10,오후 4:54:17.4,74.08489761,1.473,2022-09-06,0
326,10,오후 4:54:22.4,75.47081535,1.522,2022-09-06,0
327,10,오후 4:54:27.4,76.84317473,1.677,2022-09-06,0
328,10,오후 4:54:32.4,76.18546554,1.709,2022-09-06,0
329,10,오후 4:54:37.4,74.55671043,1.74,2022-09-06,0
330,10,오후 4:54:42.4,75.93957562,1.725,2022-09-06,0
331,10,오후 4:54:47.4,74.04198315,1.688,2022-09-06,0
332,10,오후 4:54:52.4,73.31247367,1.72,2022-09-06,0
333,10,오후 4:54:57.4,72.53366359,1.677,2022-09-06,0
334,10,오후 4:55:02.4,71.74042367,1.659,2022-09-06,0
335,10,오후 4:55:07.4,72.0451851,1.643,2022-09-06,0
336,10,오후 4:55:12.4,74.4724905,1.624,2022-09-06,0
337,10,오후 4:55:17.4,72.08489761,1.632,2022-09-06,0
338,10,오후 4:55:22.4,70.47081535,1.686,2022-09-06,0
339,10,오후 4:55:27.4,72.84317473,1.632,2022-09-06,0
340,10,오후 4:55:32.4,73.18546554,1.595,2022-09-06,0
341,10,오후 4:55:37.4,71.55671043,1.65,2022-09-06,0
342,10,오후 4:55:42.4,71.93957562,1.657,2022-09-06,0
343,10,오후 4:55:47.4,70.01093857,1.62,2022-09-06,0
344,10,오후 4:55:52.5,71.19333629,1.629,2022-09-06,0
345,10,오후 4:55:57.5,68.28386419,1.585,2022-09-06,0
346,10,오후 4:56:02.5,69.3394548,1.611,2022-09-06,0
347,10,오후 4:56:07.5,68.49933689,1.546,2022-09-06,0
348,10,오후 4:56:12.5,68.81608582,1.57,2022-09-06,0
349,10,오후 4:56:17.5,69.08489761,1.55,2022-09-06,0
350,10,오후 4:56:22.5,68.47081535,1.558,2022-09-06,0
351,10,오후 4:56:27.5,66.84317473,1.563,2022-09-06,0
352,10,오후 4:56:32.5,69.18546554,1.55,2022-09-06,0
353,10,오후 4:56:37.5,70.55671043,1.513,2022-09-06,0
354,10,오후 4:56:42.5,68.93957562,1.566,2022-09-06,0
355,10,오후 4:56:47.5,66.00784573,1.597,2022-09-06,0
356,10,오후 4:56:52.5,67.11937724,1.56,2022-09-06,0
357,10,오후 4:56:57.5,66.12181234,1.493,2022-09-06,0
358,10,오후 4:57:02.5,66.06197574,1.519,2022-09-06,0
359,10,오후 4:57:07.5,66.08649643,1.496,2022-09-06,0
360,10,오후 4:57:12.5,64.25677527,1.495,2022-09-06,0
361,11,오후 4:57:38.8,73.08489761,1.496,2022-09-06,0
362,11,오후 4:57:43.8,75.47081535,1.454,2022-09-06,0
363,11,오후 4:57:48.8,76.84317473,1.655,2022-09-06,0
364,11,오후 4:57:53.8,75.18546554,1.709,2022-09-06,0
365,11,오후 4:57:58.8,74.55671043,1.74,2022-09-06,0
366,11,오후 4:58:03.8,77.93957562,1.703,2022-09-06,0
367,11,오후 4:58:08.8,74.13914228,1.689,2022-09-06,0
368,11,오후 4:58:13.8,73.66042142,1.766,2022-09-06,0
369,11,오후 4:58:18.8,74.17766014,1.679,2022-09-06,0
370,11,오후 4:58:23.8,74.58643441,1.668,2022-09-06,0
371,11,오후 4:58:28.8,72.87710396,1.679,2022-09-06,0
372,11,오후 4:58:33.8,76.01353467,1.689,2022-09-06,0
373,11,오후 4:58:38.8,70.04198315,1.65,2022-09-06,0
374,11,오후 4:58:43.8,71.31247367,1.722,2022-09-06,0
375,11,오후 4:58:48.8,71.53366359,1.585,2022-09-06,0
376,11,오후 4:58:53.8,70.74042367,1.614,2022-09-06,0
377,11,오후 4:58:58.8,72.0451851,1.619,2022-09-06,0
378,11,오후 4:59:03.8,73.4724905,1.601,2022-09-06,0
379,11,오후 4:59:08.9,68.01093857,1.631,2022-09-06,0
380,11,오후 4:59:13.9,70.19333629,1.663,2022-09-06,0
381,11,오후 4:59:18.9,70.28386419,1.539,2022-09-06,0
382,11,오후 4:59:23.9,69.3394548,1.589,2022-09-06,0
383,11,오후 4:59:28.9,68.49933689,1.591,2022-09-06,0
384,11,오후 4:59:33.9,69.81608582,1.569,2022-09-06,0
385,11,오후 4:59:38.9,68.08489761,1.55,2022-09-06,0
386,11,오후 4:59:43.9,67.47081535,1.58,2022-09-06,0
387,11,오후 4:59:48.9,69.84317473,1.541,2022-09-06,0
388,11,오후 4:59:53.9,69.18546554,1.527,2022-09-06,0
389,11,오후 4:59:58.9,70.55671043,1.581,2022-09-06,0
390,11,오후 5:00:03.9,68.93957562,1.566,2022-09-06,0
391,11,오후 5:00:08.9,66.08489761,1.597,2022-09-06,0
392,11,오후 5:00:13.9,65.47081535,1.56,2022-09-06,0
393,11,오후 5:00:18.9,67.84317473,1.495,2022-09-06,0
394,11,오후 5:00:23.9,65.18546554,1.481,2022-09-06,0
395,11,오후 5:00:28.9,68.55671043,1.535,2022-09-06,0
396,11,오후 5:00:33.9,67.93957562,1.475,2022-09-06,0
397,12,오후 5:01:01.3,74.04198315,1.552,2022-09-06,0
398,12,오후 5:01:06.3,74.31247367,1.538,2022-09-06,0
399,12,오후 5:01:11.3,74.53366359,1.676,2022-09-06,0
400,12,오후 5:01:16.3,75.74042367,1.682,2022-09-06,0
401,12,오후 5:01:21.3,76.0451851,1.687,2022-09-06,0
402,12,오후 5:01:26.3,74.4724905,1.715,2022-09-06,0
403,12,오후 5:01:31.3,74.204035,1.722,2022-09-06,0
404,12,오후 5:01:36.3,72.87178422,1.686,2022-09-06,0
405,12,오후 5:01:41.3,72.49957941,1.68,2022-09-06,0
406,12,오후 5:01:46.3,73.86391347,1.65,2022-09-06,0
407,12,오후 5:01:51.3,74.90814854,1.641,2022-09-06,0
408,12,오후 5:01:56.3,72.66209656,1.672,2022-09-06,0
409,12,오후 5:02:01.3,69.204035,1.696,2022-09-06,0
410,12,오후 5:02:06.3,69.87178422,1.645,2022-09-06,0
411,12,오후 5:02:11.4,72.49957941,1.566,2022-09-06,0
412,12,오후 5:02:16.4,70.86391347,1.582,2022-09-06,0
413,12,오후 5:02:21.4,73.90814854,1.642,2022-09-06,0
414,12,오후 5:02:26.4,70.66209656,1.604,2022-09-06,0
415,12,오후 5:02:31.4,71.04198315,1.673,2022-09-06,0
416,12,오후 5:02:36.4,70.31247367,1.6,2022-09-06,0
417,12,오후 5:02:41.4,70.53366359,1.609,2022-09-06,0
418,12,오후 5:02:46.4,69.74042367,1.592,2022-09-06,0
419,12,오후 5:02:51.4,72.0451851,1.597,2022-09-06,0
420,12,오후 5:02:56.4,70.4724905,1.579,2022-09-06,0
421,12,오후 5:03:01.4,68.13914228,1.631,2022-09-06,0
422,12,오후 5:03:06.4,69.66042142,1.595,2022-09-06,0
423,12,오후 5:03:11.4,68.17766014,1.542,2022-09-06,0
424,12,오후 5:03:16.4,69.58643441,1.577,2022-09-06,0
425,12,오후 5:03:21.4,80.12888944,1.769376082,2022-09-06,0
426,12,오후 5:03:26.4,70.01353467,1.575,2022-09-06,0
427,12,오후 5:03:31.4,66.204035,1.582,2022-09-06,0
428,12,오후 5:03:36.4,67.87178422,1.585,2022-09-06,0
429,12,오후 5:03:41.4,68.49957941,1.498,2022-09-06,0
430,12,오후 5:03:46.4,66.86391347,1.536,2022-09-06,0
431,12,오후 5:03:51.4,68.90814854,1.551,2022-09-06,0
432,12,오후 5:03:56.4,65.66209656,1.513,2022-09-06,0
433,13,오후 5:04:22.1,74.204035,1.559,2022-09-06,0
434,13,오후 5:04:27.1,75.87178422,1.486,2022-09-06,0
435,13,오후 5:04:32.1,77.49957941,1.68,2022-09-06,0
436,13,오후 5:04:37.1,77.86391347,1.718,2022-09-06,0
437,13,오후 5:04:42.1,74.90814854,1.755,2022-09-06,0
438,13,오후 5:04:47.1,84.67217357,1.947207925,2022-09-06,0
439,13,오후 5:04:52.1,73.04198315,1.696,2022-09-06,0
440,13,오후 5:04:57.1,71.31247367,1.737,2022-09-06,0
441,13,오후 5:05:02.1,74.53366359,1.654,2022-09-06,0
442,13,오후 5:05:07.1,71.74042367,1.614,2022-09-06,0
443,13,오후 5:05:12.1,73.0451851,1.688,2022-09-06,0
444,13,오후 5:05:17.1,72.4724905,1.624,2022-09-06,0
445,13,오후 5:05:22.1,70.00784573,1.654,2022-09-06,0
446,13,오후 5:05:27.1,69.11937724,1.641,2022-09-06,0
447,13,오후 5:05:32.1,71.12181234,1.584,2022-09-06,0
448,13,오후 5:05:37.2,70.06197574,1.564,2022-09-06,0
449,13,오후 5:05:42.2,70.08649643,1.61,2022-09-06,0
450,13,오후 5:05:47.2,72.25677527,1.586,2022-09-06,0
451,13,오후 5:05:52.2,68.13914228,1.586,2022-09-06,0
452,13,오후 5:05:57.2,68.66042142,1.636,2022-09-06,0
453,13,오후 5:06:02.2,69.17766014,1.542,2022-09-06,0
454,13,오후 5:06:07.2,70.58643441,1.554,2022-09-06,0
455,13,오후 5:06:12.2,69.87710396,1.566,2022-09-06,0
456,13,오후 5:06:17.2,73.01353467,1.598,2022-09-06,0
457,13,오후 5:06:22.2,69.01093857,1.582,2022-09-06,0
458,13,오후 5:06:27.2,68.19333629,1.653,2022-09-06,0
459,13,오후 5:06:32.2,66.28386419,1.562,2022-09-06,0
460,13,오후 5:06:37.2,68.3394548,1.543,2022-09-06,0
461,13,오후 5:06:42.2,67.49933689,1.5,2022-09-06,0
462,13,오후 5:06:47.2,66.81608582,1.546,2022-09-06,0
463,13,오후 5:06:52.2,65.01093857,1.528,2022-09-06,0
464,13,오후 5:06:57.2,64.19333629,1.512,2022-09-06,0
465,13,오후 5:07:02.2,65.28386419,1.471,2022-09-06,0
466,13,오후 5:07:07.2,66.3394548,1.452,2022-09-06,0
467,13,오후 5:07:12.3,64.49933689,1.477,2022-09-06,0
468,13,오후 5:07:17.3,64.81608582,1.501,2022-09-06,0
469,14,오후 5:07:44.1,75.01093857,1.46,2022-09-06,0
470,14,오후 5:07:49.1,76.19333629,1.467,2022-09-06,0
471,14,오후 5:07:54.1,76.28386419,1.698,2022-09-06,0
472,14,오후 5:07:59.1,73.3394548,1.725,2022-09-06,0
473,14,오후 5:08:04.1,76.49933689,1.728,2022-09-06,0
474,14,오후 5:08:09.1,73.81608582,1.66,2022-09-06,0
475,14,오후 5:08:14.1,72.204035,1.732,2022-09-06,0
476,14,오후 5:08:19.1,72.87178422,1.672,2022-09-06,0
477,14,오후 5:08:24.1,74.49957941,1.635,2022-09-06,0
478,14,오후 5:08:29.1,75.86391347,1.65,2022-09-06,0
479,14,오후 5:08:34.1,75.90814854,1.687,2022-09-06,0
480,14,오후 5:08:39.1,75.66209656,1.718,2022-09-06,0
481,14,오후 5:08:44.1,72.00784573,1.719,2022-09-06,0
482,14,오후 5:08:49.1,72.11937724,1.714,2022-09-06,0
483,14,오후 5:08:54.1,69.12181234,1.63,2022-09-06,0
484,14,오후 5:08:59.1,72.06197574,1.633,2022-09-06,0
485,14,오후 5:09:04.1,70.08649643,1.565,2022-09-06,0
486,14,오후 5:09:09.1,70.25677527,1.631,2022-09-06,0
487,14,오후 5:09:14.1,68.04198315,1.586,2022-09-06,0
488,14,오후 5:09:19.1,69.31247367,1.59,2022-09-06,0
489,14,오후 5:09:24.1,68.53366359,1.54,2022-09-06,0
490,14,오후 5:09:29.1,69.74042367,1.569,2022-09-06,0
491,14,오후 5:09:34.1,78.11313791,1.729647466,2022-09-06,0
492,14,오후 5:09:39.2,71.4724905,1.579,2022-09-06,0
493,14,오후 5:09:44.2,66.00784573,1.586,2022-09-06,0
494,14,오후 5:09:49.2,68.11937724,1.618,2022-09-06,0
495,14,오후 5:09:54.2,67.12181234,1.494,2022-09-06,0
496,14,오후 5:09:59.2,67.06197574,1.542,2022-09-06,0
497,14,오후 5:10:04.2,69.08649643,1.519,2022-09-06,0
498,14,오후 5:10:09.2,66.25677527,1.518,2022-09-06,0
499,14,오후 5:10:14.2,67.04198315,1.564,2022-09-06,0
500,14,오후 5:10:19.2,67.31247367,1.499,2022-09-06,0
501,14,오후 5:10:24.2,64.53366359,1.517,2022-09-06,0
502,14,오후 5:10:29.2,64.74042367,1.524,2022-09-06,0
503,14,오후 5:10:34.2,67.0451851,1.46,2022-09-06,0
504,14,오후 5:10:39.2,67.4724905,1.465,2022-09-06,0
505,15,오후 5:11:04.7,75.13914228,1.517,2022-09-06,0
506,15,오후 5:11:09.7,76.66042142,1.527,2022-09-06,0
507,15,오후 5:11:14.7,77.17766014,1.702,2022-09-06,0
508,15,오후 5:11:19.7,75.58643441,1.736,2022-09-06,0
509,15,오후 5:11:24.7,74.87710396,1.748,2022-09-06,0
510,15,오후 5:11:29.7,76.01353467,1.712,2022-09-06,0
511,15,오후 5:11:34.7,74.00784573,1.695,2022-09-06,0
512,15,오후 5:11:39.7,73.11937724,1.722,2022-09-06,0
513,15,오후 5:11:44.7,73.12181234,1.676,2022-09-06,0
514,15,오후 5:11:49.7,72.06197574,1.656,2022-09-06,0
515,15,오후 5:11:54.7,72.08649643,1.656,2022-09-06,0
516,15,오후 5:11:59.7,74.25677527,1.631,2022-09-06,0
517,15,오후 5:12:04.7,69.01093857,1.632,2022-09-06,0
518,15,오후 5:12:09.7,69.19333629,1.681,2022-09-06,0
519,15,오후 5:12:14.7,72.28386419,1.562,2022-09-06,0
520,15,오후 5:12:19.8,69.3394548,1.567,2022-09-06,0
521,15,오후 5:12:24.8,71.49933689,1.636,2022-09-06,0
522,15,오후 5:12:29.8,72.81608582,1.57,2022-09-06,0
523,15,오후 5:12:34.8,68.08489761,1.618,2022-09-06,0
524,15,오후 5:12:39.8,70.47081535,1.649,2022-09-06,0
525,15,오후 5:12:44.8,69.84317473,1.541,2022-09-06,0
526,15,오후 5:12:49.8,72.18546554,1.595,2022-09-06,0
527,15,오후 5:12:54.8,71.55671043,1.581,2022-09-06,0
528,15,오후 5:12:59.8,71.93957562,1.634,2022-09-06,0
529,15,오후 5:13:04.8,66.08489761,1.62,2022-09-06,0
530,15,오후 5:13:09.8,66.47081535,1.629,2022-09-06,0
531,15,오후 5:13:14.8,68.84317473,1.496,2022-09-06,0
532,15,오후 5:13:19.8,68.18546554,1.504,2022-09-06,0
533,15,오후 5:13:24.8,69.55671043,1.558,2022-09-06,0
534,15,오후 5:13:29.8,68.93957562,1.543,2022-09-06,0
535,15,오후 5:13:34.8,65.04198315,1.575,2022-09-06,0
536,15,오후 5:13:39.8,65.31247367,1.561,2022-09-06,0
537,15,오후 5:13:44.8,65.53366359,1.472,2022-09-06,0
538,15,오후 5:13:49.9,65.74042367,1.478,2022-09-06,0
539,15,오후 5:13:54.9,68.0451851,1.483,2022-09-06,0
540,15,오후 5:13:59.9,67.4724905,1.487,2022-09-06,0
541,16,오후 5:14:25.7,75.13914228,1.54,2022-09-06,0
542,16,오후 5:14:30.7,74.66042142,1.527,2022-09-06,0
543,16,오후 5:14:35.7,74.17766014,1.701,2022-09-06,0
544,16,오후 5:14:40.7,75.58643441,1.69,2022-09-06,0
545,16,오후 5:14:45.7,77.87710396,1.68,2022-09-06,0
546,16,오후 5:14:50.7,76.01353467,1.711,2022-09-06,0
547,16,오후 5:14:55.7,73.204035,1.763,2022-09-06,0
548,16,오후 5:15:00.7,74.87178422,1.721,2022-09-06,0
549,16,오후 5:15:05.7,73.49957941,1.658,2022-09-06,0
550,16,오후 5:15:10.7,74.86391347,1.696,2022-09-06,0
551,16,오후 5:15:15.7,73.90814854,1.664,2022-09-06,0
552,16,오후 5:15:20.8,74.66209656,1.695,2022-09-06,0
553,16,오후 5:15:25.8,70.01093857,1.673,2022-09-06,0
554,16,오후 5:15:30.8,72.19333629,1.691,2022-09-06,0
555,16,오후 5:15:35.8,70.28386419,1.585,2022-09-06,0
556,16,오후 5:15:40.8,69.3394548,1.634,2022-09-06,0
557,16,오후 5:15:45.8,70.49933689,1.591,2022-09-06,0
558,16,오후 5:15:50.8,69.81608582,1.57,2022-09-06,0
559,16,오후 5:15:55.8,68.01093857,1.596,2022-09-06,0
560,16,오후 5:16:00.8,68.19333629,1.581,2022-09-06,0
561,16,오후 5:16:05.8,70.28386419,1.539,2022-09-06,0
562,16,오후 5:16:10.8,69.3394548,1.543,2022-09-06,0
563,16,오후 5:16:15.8,71.49933689,1.591,2022-09-06,0
564,16,오후 5:16:20.8,68.81608582,1.569,2022-09-06,0
565,16,오후 5:16:25.8,66.08489761,1.619,2022-09-06,0
566,16,오후 5:16:30.8,73.26654843,1.69183197,2022-09-06,0
567,16,오후 5:16:35.8,67.84317473,1.496,2022-09-06,0
568,16,오후 5:16:40.8,70.18546554,1.527,2022-09-06,0
569,16,오후 5:16:45.8,67.55671043,1.535,2022-09-06,0
570,16,오후 5:16:50.8,70.93957562,1.589,2022-09-06,0
571,16,오후 5:16:55.9,64.08489761,1.529,2022-09-06,0
572,16,오후 5:17:00.9,66.47081535,1.606,2022-09-06,0
573,16,오후 5:17:05.9,64.84317473,1.45,2022-09-06,0
574,16,오후 5:17:10.9,68.18546554,1.504,2022-09-06,0
575,16,오후 5:17:15.9,67.55671043,1.468,2022-09-06,0
576,16,오후 5:17:20.9,67.93957562,1.543,2022-09-06,0
577,17,오후 5:17:46.2,76.204035,1.529,2022-09-06,0
578,17,오후 5:17:51.2,75.87178422,1.538,2022-09-06,0
579,17,오후 5:17:56.2,74.49957941,1.726,2022-09-06,0
580,17,오후 5:18:01.2,76.86391347,1.718,2022-09-06,0
581,17,오후 5:18:06.2,77.90814854,1.687,2022-09-06,0
582,17,오후 5:18:11.2,77.66209656,1.741,2022-09-06,0
583,17,오후 5:18:16.2,71.01093857,1.764,2022-09-06,0
584,17,오후 5:18:21.2,74.19333629,1.759,2022-09-06,0
585,17,오후 5:18:26.2,71.28386419,1.607,2022-09-06,0
586,17,오후 5:18:31.2,74.3394548,1.68,2022-09-06,0
587,17,오후 5:18:36.2,74.49933689,1.614,2022-09-06,0
588,17,오후 5:18:41.2,71.81608582,1.683,2022-09-06,0
589,17,오후 5:18:46.2,70.204035,1.687,2022-09-06,0
590,17,오후 5:18:51.2,71.87178422,1.626,2022-09-06,0
591,17,오후 5:18:56.2,72.49957941,1.59,2022-09-06,0
592,17,오후 5:19:01.2,70.86391347,1.627,2022-09-06,0
593,17,오후 5:19:06.2,71.90814854,1.642,2022-09-06,0
594,17,오후 5:19:11.3,71.66209656,1.604,2022-09-06,0
595,17,오후 5:19:16.3,68.01093857,1.628,2022-09-06,0
596,17,오후 5:19:21.3,71.19333629,1.622,2022-09-06,0
597,17,오후 5:19:26.3,68.28386419,1.539,2022-09-06,0
598,17,오후 5:19:31.3,68.3394548,1.612,2022-09-06,0
599,17,오후 5:19:36.3,69.49933689,1.545,2022-09-06,0
600,17,오후 5:19:41.3,71.81608582,1.547,2022-09-06,0
601,17,오후 5:19:46.3,69.08489761,1.573,2022-09-06,0
602,17,오후 5:19:51.3,67.47081535,1.626,2022-09-06,0
603,17,오후 5:19:56.3,69.84317473,1.564,2022-09-06,0
604,17,오후 5:20:01.3,67.18546554,1.527,2022-09-06,0
605,17,오후 5:20:06.3,67.55671043,1.581,2022-09-06,0
606,17,오후 5:20:11.3,70.93957562,1.521,2022-09-06,0
607,17,오후 5:20:16.3,67.08489761,1.529,2022-09-06,0
608,17,오후 5:20:21.3,66.47081535,1.606,2022-09-06,0
609,17,오후 5:20:26.3,64.84317473,1.518,2022-09-06,0
610,17,오후 5:20:31.3,66.18546554,1.504,2022-09-06,0
611,17,오후 5:20:36.3,67.55671043,1.467,2022-09-06,0
612,17,오후 5:20:41.3,65.93957562,1.498,2022-09-06,0
613,18,오후 5:21:09.2,74.204035,1.529,2022-09-06,0
614,18,오후 5:21:14.2,75.87178422,1.492,2022-09-06,0
615,18,오후 5:21:19.2,76.49957941,1.68,2022-09-06,0
616,18,오후 5:21:24.2,77.86391347,1.718,2022-09-06,0
617,18,오후 5:21:29.2,74.90814854,1.733,2022-09-06,0
618,18,오후 5:21:34.2,75.66209656,1.763,2022-09-06,0
619,18,오후 5:21:39.2,72.01093857,1.696,2022-09-06,0
620,18,오후 5:21:44.2,72.19333629,1.714,2022-09-06,0
621,18,오후 5:21:49.2,82.04545041,1.800311355,2022-09-06,0
622,18,오후 5:21:54.2,72.3394548,1.634,2022-09-06,0
623,18,오후 5:21:59.2,71.49933689,1.682,2022-09-06,0
624,18,오후 5:22:04.2,74.81608582,1.638,2022-09-06,0
625,18,오후 5:22:09.2,70.01093857,1.619,2022-09-06,0
626,18,오후 5:22:14.2,71.19333629,1.695,2022-09-06,0
627,18,오후 5:22:19.2,69.28386419,1.585,2022-09-06,0
628,18,오후 5:22:24.3,72.3394548,1.611,2022-09-06,0
629,18,오후 5:22:29.3,69.49933689,1.568,2022-09-06,0
630,18,오후 5:22:34.3,70.81608582,1.638,2022-09-06,0
631,18,오후 5:22:39.3,71.01093857,1.573,2022-09-06,0
632,18,오후 5:22:44.3,68.19333629,1.604,2022-09-06,0
633,18,오후 5:22:49.3,71.28386419,1.607,2022-09-06,0
634,18,오후 5:22:54.3,68.3394548,1.544,2022-09-06,0
635,18,오후 5:22:59.3,69.49933689,1.614,2022-09-06,0
636,18,오후 5:23:04.3,71.81608582,1.547,2022-09-06,0
637,18,오후 5:23:09.3,69.204035,1.573,2022-09-06,0
638,18,오후 5:23:14.3,70.56236536,1.665913078,2022-09-06,0
639,18,오후 5:23:19.3,70.49957941,1.566,2022-09-06,0
640,18,오후 5:23:24.3,70.86391347,1.559,2022-09-06,0
641,18,오후 5:23:29.3,69.90814854,1.596,2022-09-06,0
642,18,오후 5:23:34.3,68.66209656,1.604,2022-09-06,0
643,18,오후 5:23:39.3,64.13914228,1.582,2022-09-06,0
644,18,오후 5:23:44.3,65.66042142,1.554,2022-09-06,0
645,18,오후 5:23:49.3,67.17766014,1.452,2022-09-06,0
646,18,오후 5:23:54.3,67.58643441,1.486,2022-09-06,0
647,18,오후 5:23:59.3,68.87710396,1.52,2022-09-06,0
648,18,오후 5:24:04.3,67.01353467,1.53,2022-09-06,0
649,19,오후 5:24:29.7,76.13914228,1.559,2022-09-06,0
650,19,오후 5:24:34.7,74.66042142,1.517,2022-09-06,0
651,19,오후 5:24:39.7,75.17766014,1.724,2022-09-06,0
652,19,오후 5:24:44.7,74.58643441,1.691,2022-09-06,0
653,19,오후 5:24:49.7,76.87710396,1.702,2022-09-06,0
654,19,오후 5:24:54.7,77.01353467,1.689,2022-09-06,0
655,19,오후 5:24:59.7,73.13914228,1.741,2022-09-06,0
656,19,오후 5:25:04.7,74.66042142,1.744,2022-09-06,0
657,19,오후 5:25:09.7,74.17766014,1.655,2022-09-06,0
658,19,오후 5:25:14.7,73.58643441,1.691,2022-09-06,0
659,19,오후 5:25:19.7,75.87710396,1.68,2022-09-06,0
660,19,오후 5:25:24.7,75.01353467,1.666,2022-09-06,0
661,19,오후 5:25:29.7,72.204035,1.719,2022-09-06,0
662,19,오후 5:25:34.7,72.87178422,1.699,2022-09-06,0
663,19,오후 5:25:39.7,73.49957941,1.635,2022-09-06,0
664,19,오후 5:25:44.7,71.86391347,1.65,2022-09-06,0
665,19,오후 5:25:49.7,70.90814854,1.664,2022-09-06,0
666,19,오후 5:25:54.7,73.66209656,1.627,2022-09-06,0
667,19,오후 5:25:59.8,71.00784573,1.606,2022-09-06,0
668,19,오후 5:26:04.8,70.11937724,1.668,2022-09-06,0
669,19,오후 5:26:09.8,69.12181234,1.607,2022-09-06,0
670,19,오후 5:26:14.8,68.06197574,1.587,2022-09-06,0
671,19,오후 5:26:19.8,70.08649643,1.564,2022-09-06,0
672,19,오후 5:26:24.8,71.25677527,1.54,2022-09-06,0
673,19,오후 5:26:29.8,66.04198315,1.587,2022-09-06,0
674,19,오후 5:26:34.8,67.31247367,1.613,2022-09-06,0
675,19,오후 5:26:39.8,66.53366359,1.494,2022-09-06,0
676,19,오후 5:26:44.8,66.74042367,1.523,2022-09-06,0
677,19,오후 5:26:49.8,68.0451851,1.506,2022-09-06,0
678,19,오후 5:26:54.8,70.4724905,1.511,2022-09-06,0
679,19,오후 5:26:59.8,64.00784573,1.54,2022-09-06,0
680,19,오후 5:27:04.8,65.11937724,1.596,2022-09-06,0
681,19,오후 5:27:09.8,64.12181234,1.448,2022-09-06,0
682,19,오후 5:27:14.8,66.06197574,1.473,2022-09-06,0
683,19,오후 5:27:19.8,65.08649643,1.451,2022-09-06,0
684,19,오후 5:27:24.8,67.25677527,1.495,2022-09-06,0
685,20,오후 5:27:51.3,123.9273367,0.920348278,2022-09-06,1
686,20,오후 5:27:56.3,122.7384386,0.917143316,2022-09-06,1
687,20,오후 5:28:01.3,121.8252971,1.193033036,2022-09-06,1
688,20,오후 5:28:06.3,117.936232,1.100143316,2022-09-06,1
689,20,오후 5:28:11.3,125.5622776,1.113348278,2022-09-06,1
690,20,오후 5:28:16.3,125.0374064,1.186348278,2022-09-06,1
691,20,오후 5:28:21.4,120.5098971,1.140143316,2022-09-06,1
692,20,오후 5:28:26.4,116.2195483,1.143870531,2022-09-06,1
693,20,오후 5:28:31.4,116.5175921,1.065870531,2022-09-06,1
694,20,오후 5:28:36.4,121.6782297,1.164071046,2022-09-06,1
695,20,오후 5:28:41.4,115.3309551,1.053870531,2022-09-06,1
696,20,오후 5:28:46.4,119.6756499,1.118033036,2022-09-06,1
697,20,오후 5:28:51.4,107.8909779,1.170033036,2022-09-06,1
698,20,오후 5:28:56.4,107.3803682,1.059143316,2022-09-06,1
699,20,오후 5:29:01.4,122.948125,0.984143316,2022-09-06,1
700,20,오후 5:29:06.4,115.4266698,1.030348278,2022-09-06,1
701,20,오후 5:29:11.4,115.5606105,1.098870531,2022-09-06,1
702,20,오후 5:29:16.4,120.3813474,1.075766186,2022-09-06,1
703,20,오후 5:29:21.4,111.1536557,1.076033036,2022-09-06,1
704,20,오후 5:29:26.4,117.4152864,1.235960343,2022-09-06,1
705,20,오후 5:29:31.4,124.7041689,0.942032165,2022-09-06,1
706,20,오후 5:29:36.4,120.2120269,1.002032165,2022-09-06,1
707,20,오후 5:29:41.4,125.1561966,1.190071046,2022-09-06,1
708,20,오후 5:29:46.5,107.058116,1.022143316,2022-09-06,1
709,20,오후 5:29:51.5,106.2544293,1.200071046,2022-09-06,1
710,20,오후 5:29:56.5,111.8375122,1.011870531,2022-09-06,1
711,20,오후 5:30:01.5,112.9518549,1.155960343,2022-09-06,1
712,20,오후 5:30:06.5,103.8681965,0.949143316,2022-09-06,1
713,20,오후 5:30:11.5,118.2363911,0.991348278,2022-09-06,1
714,20,오후 5:30:16.5,104.5245728,0.928032165,2022-09-06,1
715,20,오후 5:30:21.5,109.2598335,1.149960343,2022-09-06,1
716,20,오후 5:30:26.5,100.3735277,0.973870531,2022-09-06,1
717,20,오후 5:30:31.5,106.7444934,0.988766186,2022-09-06,1
718,20,오후 5:30:36.5,112.2274729,0.876032165,2022-09-06,1
719,20,오후 5:30:41.5,111.0756516,0.878143316,2022-09-06,1
720,20,오후 5:30:46.5,109.9614411,1.054890652,2022-09-06,1
721,21,오후 5:31:13.0,119.1081077,0.988033036,2022-09-06,1
722,21,오후 5:31:18.0,127.8387148,0.975348278,2022-09-06,1
723,21,오후 5:31:23.0,118.0941419,1.204071046,2022-09-06,1
724,21,오후 5:31:28.0,130.7821319,1.157033036,2022-09-06,1
725,21,오후 5:31:33.0,123.1364768,1.211766186,2022-09-06,1
726,21,오후 5:31:38.0,129.124696,1.173348278,2022-09-06,1
727,21,오후 5:31:43.0,122.2708207,1.260071046,2022-09-06,1
728,21,오후 5:31:48.0,122.9000093,1.236766186,2022-09-06,1
729,21,오후 5:31:53.0,121.9736116,1.057348278,2022-09-06,1
730,21,오후 5:31:58.0,110.9360804,1.253960343,2022-09-06,1
731,21,오후 5:32:03.0,123.0705311,1.243071046,2022-09-06,1
732,21,오후 5:32:08.0,127.0296852,1.030143316,2022-09-06,1
733,21,오후 5:32:13.0,114.3272468,1.232890652,2022-09-06,1
734,21,오후 5:32:18.0,109.2976944,1.115143316,2022-09-06,1
735,21,오후 5:32:23.0,122.3343166,1.111071046,2022-09-06,1
736,21,오후 5:32:28.0,116.0736538,1.131890652,2022-09-06,1
737,21,오후 5:32:33.1,114.4575497,1.200960343,2022-09-06,1
738,21,오후 5:32:38.1,112.8088831,1.107890652,2022-09-06,1
739,21,오후 5:32:43.1,116.0428234,1.085890652,2022-09-06,1
740,21,오후 5:32:48.1,121.6605158,1.038766186,2022-09-06,1
741,21,오후 5:32:53.1,116.5244788,1.059348278,2022-09-06,1
742,21,오후 5:32:58.1,118.5392537,1.075033036,2022-09-06,1
743,21,오후 5:33:03.1,118.7564216,1.140890652,2022-09-06,1
744,21,오후 5:33:08.1,118.2016598,1.194960343,2022-09-06,1
745,21,오후 5:33:13.1,109.1457147,1.085870531,2022-09-06,1
746,21,오후 5:33:18.1,107.7562418,1.071766186,2022-09-06,1
747,21,오후 5:33:23.1,110.6067941,0.988033036,2022-09-06,1
748,21,오후 5:33:28.1,112.1794743,0.891143316,2022-09-06,1
749,21,오후 5:33:33.1,110.5477186,1.018890652,2022-09-06,1
750,21,오후 5:33:38.1,109.5511835,0.989033036,2022-09-06,1
751,21,오후 5:33:43.1,111.2313131,0.930870531,2022-09-06,1
752,21,오후 5:33:48.1,112.0949309,0.917143316,2022-09-06,1
753,21,오후 5:33:53.1,114.0457612,0.967348278,2022-09-06,1
754,21,오후 5:33:58.1,106.8304492,0.965870531,2022-09-06,1
755,21,오후 5:34:03.1,114.1106433,1.133960343,2022-09-06,1
756,21,오후 5:34:08.1,109.2134704,0.879143316,2022-09-06,1
757,22,오후 5:34:34.0,120.6032679,1.007348278,2022-09-06,1
758,22,오후 5:34:39.0,122.6351396,1.106960343,2022-09-06,1
759,22,오후 5:34:44.0,113.0080183,1.125348278,2022-09-06,1
760,22,오후 5:34:49.0,131.9987072,1.250960343,2022-09-06,1
761,22,오후 5:34:54.0,127.2063459,1.255960343,2022-09-06,1
762,22,오후 5:34:59.0,114.4508265,1.209033036,2022-09-06,1
763,22,오후 5:35:04.0,109.1787536,1.156870531,2022-09-06,1
764,22,오후 5:35:09.0,119.4150065,1.081143316,2022-09-06,1
765,22,오후 5:35:14.0,123.0051401,1.129890652,2022-09-06,1
766,22,오후 5:35:19.0,116.8543732,1.094870531,2022-09-06,1
767,22,오후 5:35:24.0,122.1880264,1.136033036,2022-09-06,1
768,22,오후 5:35:29.1,127.8415904,1.058870531,2022-09-06,1
769,22,오후 5:35:34.1,120.4182188,1.174890652,2022-09-06,1
770,22,오후 5:35:39.1,120.6100606,1.157766186,2022-09-06,1
771,22,오후 5:35:44.1,117.4755981,0.980143316,2022-09-06,1
772,22,오후 5:35:49.1,106.1358382,1.136071046,2022-09-06,1
773,22,오후 5:35:54.1,122.2735708,1.081348278,2022-09-06,1
774,22,오후 5:35:59.1,107.9720302,1.011348278,2022-09-06,1
775,22,오후 5:36:04.1,113.7617002,1.199960343,2022-09-06,1
776,22,오후 5:36:09.1,115.8427819,1.024870531,2022-09-06,1
777,22,오후 5:36:14.1,117.829515,0.974870531,2022-09-06,1
778,22,오후 5:36:19.1,114.1204337,1.131890652,2022-09-06,1
779,22,오후 5:36:24.1,116.1142779,1.081766186,2022-09-06,1
780,22,오후 5:36:29.1,114.1781029,1.020870531,2022-09-06,1
781,22,오후 5:36:34.1,111.3388227,0.984032165,2022-09-06,1
782,22,오후 5:36:39.1,118.2272591,0.979870531,2022-09-06,1
783,22,오후 5:36:44.1,109.946675,1.111960343,2022-09-06,1
784,22,오후 5:36:49.1,104.2946319,1.030033036,2022-09-06,1
785,22,오후 5:36:54.1,112.3011654,1.076071046,2022-09-06,1
786,22,오후 5:36:59.1,115.0979403,1.007033036,2022-09-06,1
787,22,오후 5:37:04.1,109.418176,0.993870531,2022-09-06,1
788,22,오후 5:37:09.1,112.9403556,1.048348278,2022-09-06,1
789,22,오후 5:37:14.1,115.5501086,0.954870531,2022-09-06,1
790,22,오후 5:37:19.1,110.3156263,0.934348278,2022-09-06,1
791,22,오후 5:37:24.2,108.932756,1.069071046,2022-09-06,1
792,22,오후 5:37:29.2,118.4705919,0.905032165,2022-09-06,1
793,23,오후 5:37:55.8,74.00784573,1.513,2022-09-06,0
794,23,오후 5:38:00.8,75.11937724,1.562,2022-09-06,0
795,23,오후 5:38:05.8,76.96581159,1.717140418,2022-09-06,0
796,23,오후 5:38:10.9,73.06197574,1.701,2022-09-06,0
797,23,오후 5:38:15.9,75.08649643,1.701,2022-09-06,0
798,23,오후 5:38:20.9,76.25677527,1.654,2022-09-06,0
799,23,오후 5:38:25.9,74.08489761,1.7,2022-09-06,0
800,23,오후 5:38:30.9,71.47081535,1.727,2022-09-06,0
801,23,오후 5:38:35.9,72.84317473,1.677,2022-09-06,0
802,23,오후 5:38:40.9,74.18546554,1.618,2022-09-06,0
803,23,오후 5:38:45.9,72.55671043,1.649,2022-09-06,0
804,23,오후 5:38:50.9,72.93957562,1.68,2022-09-06,0
805,23,오후 5:38:55.9,70.04198315,1.642,2022-09-06,0
806,23,오후 5:39:00.9,69.31247367,1.651,2022-09-06,0
807,23,오후 5:39:05.9,71.53366359,1.585,2022-09-06,0
808,23,오후 5:39:10.9,71.74042367,1.569,2022-09-06,0
809,23,오후 5:39:15.9,72.0451851,1.619,2022-09-06,0
810,23,오후 5:39:20.9,72.4724905,1.624,2022-09-06,0
811,23,오후 5:39:25.9,70.204035,1.631,2022-09-06,0
812,23,오후 5:39:30.9,71.87178422,1.64,2022-09-06,0
813,23,오후 5:39:35.9,72.49957941,1.589,2022-09-06,0
814,23,오후 5:39:40.9,69.86391347,1.627,2022-09-06,0
815,23,오후 5:39:45.9,69.90814854,1.642,2022-09-06,0
816,23,오후 5:39:51.0,69.66209656,1.582,2022-09-06,0
817,23,오후 5:39:56.0,69.204035,1.583,2022-09-06,0
818,23,오후 5:40:01.0,66.87178422,1.577,2022-09-06,0
819,23,오후 5:40:06.0,67.49957941,1.567,2022-09-06,0
820,23,오후 5:40:11.0,67.86391347,1.513,2022-09-06,0
821,23,오후 5:40:16.0,67.90814854,1.528,2022-09-06,0
822,23,오후 5:40:21.0,67.66209656,1.536,2022-09-06,0
823,23,오후 5:40:26.0,66.00784573,1.537,2022-09-06,0
824,23,오후 5:40:31.0,64.11937724,1.531,2022-09-06,0
825,23,오후 5:40:36.0,64.12181234,1.494,2022-09-06,0
826,23,오후 5:40:41.0,65.06197574,1.45,2022-09-06,0
827,23,오후 5:40:46.0,64.08649643,1.451,2022-09-06,0
828,23,오후 5:40:51.0,66.25677527,1.472,2022-09-06,0
829,24,오후 5:41:18.4,73.01093857,1.45,2022-09-06,0
830,24,오후 5:41:23.4,74.19333629,1.499,2022-09-06,0
831,24,오후 5:41:28.4,74.28386419,1.653,2022-09-06,0
832,24,오후 5:41:33.4,74.3394548,1.68,2022-09-06,0
833,24,오후 5:41:38.4,75.49933689,1.682,2022-09-06,0
834,24,오후 5:41:43.4,73.81608582,1.683,2022-09-06,0
835,24,오후 5:41:48.4,71.01093857,1.71,2022-09-06,0
836,24,오후 5:41:53.4,71.19333629,1.671,2022-09-06,0
837,24,오후 5:41:58.4,73.28386419,1.608,2022-09-06,0
838,24,오후 5:42:03.4,73.3394548,1.612,2022-09-06,0
839,24,오후 5:42:08.4,71.49933689,1.66,2022-09-06,0
840,24,오후 5:42:13.4,71.81608582,1.66,2022-09-06,0
841,24,오후 5:42:18.4,69.01093857,1.619,2022-09-06,0
842,24,오후 5:42:23.5,72.19333629,1.625,2022-09-06,0
843,24,오후 5:42:28.5,71.28386419,1.562,2022-09-06,0
844,24,오후 5:42:33.5,72.3394548,1.634,2022-09-06,0
845,24,오후 5:42:38.5,71.49933689,1.613,2022-09-06,0
846,24,오후 5:42:43.5,72.81608582,1.637,2022-09-06,0
847,24,오후 5:42:48.5,71.00784573,1.619,2022-09-06,0
848,24,오후 5:42:53.5,69.11937724,1.648,2022-09-06,0
849,24,오후 5:42:58.5,70.12181234,1.608,2022-09-06,0
850,24,오후 5:43:03.5,69.06197574,1.564,2022-09-06,0
851,24,오후 5:43:08.5,68.08649643,1.588,2022-09-06,0
852,24,오후 5:43:13.5,71.25677527,1.563,2022-09-06,0
853,24,오후 5:43:18.5,69.204035,1.541,2022-09-06,0
854,24,오후 5:43:23.5,67.87178422,1.613,2022-09-06,0
855,24,오후 5:43:28.5,69.49957941,1.566,2022-09-06,0
856,24,오후 5:43:33.5,69.86391347,1.536,2022-09-06,0
857,24,오후 5:43:38.5,70.90814854,1.573,2022-09-06,0
858,24,오후 5:43:43.5,69.66209656,1.581,2022-09-06,0
859,24,오후 5:43:48.5,66.08489761,1.605,2022-09-06,0
860,24,오후 5:43:53.5,66.47081535,1.577,2022-09-06,0
861,24,오후 5:43:58.5,65.84317473,1.496,2022-09-06,0
862,24,오후 5:44:03.6,66.18546554,1.504,2022-09-06,0
863,24,오후 5:44:08.6,67.55671043,1.49,2022-09-06,0
864,24,오후 5:44:13.6,68.93957562,1.498,2022-09-06,0
865,25,오후 5:44:40.5,74.01093857,1.529,2022-09-06,0
866,25,오후 5:44:45.5,74.19333629,1.561,2022-09-06,0
867,25,오후 5:44:50.5,76.28386419,1.676,2022-09-06,0
868,25,오후 5:44:55.5,76.3394548,1.68,2022-09-06,0
869,25,오후 5:45:00.5,74.49933689,1.727,2022-09-06,0
870,25,오후 5:45:05.6,75.81608582,1.729,2022-09-06,0
871,25,오후 5:45:10.6,71.00784573,1.687,2022-09-06,0
872,25,오후 5:45:15.6,72.11937724,1.717,2022-09-06,0
873,25,오후 5:45:20.6,72.12181234,1.607,2022-09-06,0
874,25,오후 5:45:25.6,73.06197574,1.632,2022-09-06,0
875,25,오후 5:45:30.6,71.08649643,1.633,2022-09-06,0
876,25,오후 5:45:35.6,72.25677527,1.655,2022-09-06,0
877,25,오후 5:45:40.6,69.04198315,1.609,2022-09-06,0
878,25,오후 5:45:45.6,70.31247367,1.636,2022-09-06,0
879,25,오후 5:45:50.6,69.53366359,1.563,2022-09-06,0
880,25,오후 5:45:55.6,72.74042367,1.592,2022-09-06,0
881,25,오후 5:46:00.6,73.0451851,1.573,2022-09-06,0
882,25,오후 5:46:05.6,73.4724905,1.647,2022-09-06,0
883,25,오후 5:46:10.6,71.01093857,1.654,2022-09-06,0
884,25,오후 5:46:15.6,71.19333629,1.663,2022-09-06,0
885,25,오후 5:46:20.6,68.28386419,1.607,2022-09-06,0
886,25,오후 5:46:25.6,71.3394548,1.612,2022-09-06,0
887,25,오후 5:46:30.7,68.49933689,1.545,2022-09-06,0
888,25,오후 5:46:35.7,68.81608582,1.615,2022-09-06,0
889,25,오후 5:46:40.7,66.00784573,1.55,2022-09-06,0
890,25,오후 5:46:45.7,68.11937724,1.558,2022-09-06,0
891,25,오후 5:46:50.7,69.12181234,1.494,2022-09-06,0
892,25,오후 5:46:55.7,66.06197574,1.542,2022-09-06,0
893,25,오후 5:47:00.7,67.08649643,1.565,2022-09-06,0
894,25,오후 5:47:05.7,66.25677527,1.495,2022-09-06,0
895,25,오후 5:47:10.7,67.00784573,1.518,2022-09-06,0
896,25,오후 5:47:15.7,67.11937724,1.499,2022-09-06,0
897,25,오후 5:47:20.7,64.12181234,1.516,2022-09-06,0
898,25,오후 5:47:25.7,67.06197574,1.519,2022-09-06,0
899,25,오후 5:47:30.7,65.08649643,1.451,2022-09-06,0
900,25,오후 5:47:35.7,65.25677527,1.518,2022-09-06,0
901,26,오후 5:48:03.5,76.204035,1.473,2022-09-06,0
902,26,오후 5:48:08.5,74.87178422,1.477,2022-09-06,0
903,26,오후 5:48:13.5,77.49957941,1.726,2022-09-06,0
904,26,오후 5:48:18.5,74.86391347,1.695,2022-09-06,0
905,26,오후 5:48:23.5,75.90814854,1.756,2022-09-06,0
906,26,오후 5:48:28.5,76.66209656,1.695,2022-09-06,0
907,26,오후 5:48:33.5,74.00784573,1.719,2022-09-06,0
908,26,오후 5:48:38.5,71.11937724,1.736,2022-09-06,0
909,26,오후 5:48:43.5,74.12181234,1.676,2022-09-06,0
910,26,오후 5:48:48.5,72.06197574,1.61,2022-09-06,0
911,26,오후 5:48:53.5,72.08649643,1.678,2022-09-06,0
912,26,오후 5:48:58.5,72.25677527,1.632,2022-09-06,0
913,26,오후 5:49:03.5,70.13914228,1.632,2022-09-06,0
914,26,오후 5:49:08.6,70.66042142,1.636,2022-09-06,0
915,26,오후 5:49:13.6,71.17766014,1.587,2022-09-06,0
916,26,오후 5:49:18.6,71.58643441,1.599,2022-09-06,0
917,26,오후 5:49:23.6,72.87710396,1.612,2022-09-06,0
918,26,오후 5:49:28.6,73.01353467,1.62,2022-09-06,0
919,26,오후 5:49:33.6,68.204035,1.65,2022-09-06,0
920,26,오후 5:49:38.6,71.87178422,1.653,2022-09-06,0
921,26,오후 5:49:43.6,72.49957941,1.544,2022-09-06,0
922,26,오후 5:49:48.6,71.86391347,1.627,2022-09-06,0
923,26,오후 5:49:53.6,71.90814854,1.641,2022-09-06,0
924,26,오후 5:49:58.6,71.66209656,1.627,2022-09-06,0
925,26,오후 5:50:03.6,67.00784573,1.628,2022-09-06,0
926,26,오후 5:50:08.6,67.11937724,1.623,2022-09-06,0
927,26,오후 5:50:13.6,69.12181234,1.517,2022-09-06,0
928,26,오후 5:50:18.6,69.06197574,1.519,2022-09-06,0
929,26,오후 5:50:23.6,67.08649643,1.564,2022-09-06,0
930,26,오후 5:50:28.6,67.25677527,1.564,2022-09-06,0
931,26,오후 5:50:33.6,66.00784573,1.518,2022-09-06,0
932,26,오후 5:50:38.6,65.11937724,1.522,2022-09-06,0
933,26,오후 5:50:43.7,66.12181234,1.494,2022-09-06,0
934,26,오후 5:50:48.7,67.06197574,1.474,2022-09-06,0
935,26,오후 5:50:53.7,67.08649643,1.496,2022-09-06,0
936,26,오후 5:50:58.7,67.25677527,1.518,2022-09-06,0
937,27,오후 5:51:26.3,74.204035,1.518,2022-09-06,0
938,27,오후 5:51:31.3,73.87178422,1.522,2022-09-06,0
939,27,오후 5:51:36.3,76.49957941,1.68,2022-09-06,0
940,27,오후 5:51:41.3,75.86391347,1.672,2022-09-06,0
941,27,오후 5:51:46.3,75.90814854,1.733,2022-09-06,0
942,27,오후 5:51:51.3,77.66209656,1.718,2022-09-06,0
943,27,오후 5:51:56.3,71.00784573,1.718,2022-09-06,0
944,27,오후 5:52:01.3,71.11937724,1.758,2022-09-06,0
945,27,오후 5:52:06.3,74.12181234,1.608,2022-09-06,0
946,27,오후 5:52:11.3,74.06197574,1.61,2022-09-06,0
947,27,오후 5:52:16.4,73.08649643,1.678,2022-09-06,0
948,27,오후 5:52:21.4,71.25677527,1.676,2022-09-06,0
949,27,오후 5:52:26.4,70.00784573,1.655,2022-09-06,0
950,27,오후 5:52:31.4,69.11937724,1.613,2022-09-06,0
951,27,오후 5:52:36.4,70.12181234,1.585,2022-09-06,0
952,27,오후 5:52:41.4,71.06197574,1.564,2022-09-06,0
953,27,오후 5:52:46.4,71.08649643,1.588,2022-09-06,0
954,27,오후 5:52:51.4,69.25677527,1.608,2022-09-06,0
955,27,오후 5:52:56.4,68.13914228,1.609,2022-09-06,0
956,27,오후 5:53:01.4,69.66042142,1.567,2022-09-06,0
957,27,오후 5:53:06.4,70.17766014,1.542,2022-09-06,0
958,27,오후 5:53:11.4,70.58643441,1.577,2022-09-06,0
959,27,오후 5:53:16.4,72.87710396,1.589,2022-09-06,0
960,27,오후 5:53:21.4,71.01353467,1.598,2022-09-06,0
961,27,오후 5:53:26.4,69.01093857,1.65,2022-09-06,0
962,27,오후 5:53:31.4,69.19333629,1.607,2022-09-06,0
963,27,오후 5:53:36.4,69.28386419,1.562,2022-09-06,0
964,27,오후 5:53:41.4,68.3394548,1.566,2022-09-06,0
965,27,오후 5:53:46.4,67.49933689,1.569,2022-09-06,0
966,27,오후 5:53:51.4,67.81608582,1.547,2022-09-06,0
967,27,오후 5:53:56.4,65.13914228,1.528,2022-09-06,0
968,27,오후 5:54:01.5,66.66042142,1.535,2022-09-06,0
969,27,오후 5:54:06.5,65.17766014,1.474,2022-09-06,0
970,27,오후 5:54:11.5,68.58643441,1.508,2022-09-06,0
971,27,오후 5:54:16.5,68.87710396,1.475,2022-09-06,0
972,27,오후 5:54:21.5,69.01353467,1.553,2022-09-06,0
973,28,오후 5:54:49.4,74.01093857,1.559,2022-09-06,0
974,28,오후 5:54:54.4,76.19333629,1.562,2022-09-06,0
975,28,오후 5:54:59.4,73.28386419,1.676,2022-09-06,0
976,28,오후 5:55:04.4,74.3394548,1.726,2022-09-06,0
977,28,오후 5:55:09.4,75.49933689,1.659,2022-09-06,0
978,28,오후 5:55:14.4,75.81608582,1.684,2022-09-06,0
979,28,오후 5:55:19.4,74.13914228,1.709,2022-09-06,0
980,28,오후 5:55:24.4,74.66042142,1.717,2022-09-06,0
981,28,오후 5:55:29.4,75.17766014,1.678,2022-09-06,0
982,28,오후 5:55:34.4,72.58643441,1.691,2022-09-06,0
983,28,오후 5:55:39.4,72.87710396,1.703,2022-09-06,0
984,28,오후 5:55:44.4,75.01353467,1.644,2022-09-06,0
985,28,오후 5:55:49.4,69.08489761,1.65,2022-09-06,0
986,28,오후 5:55:54.5,70.47081535,1.699,2022-09-06,0
987,28,오후 5:55:59.5,69.84317473,1.564,2022-09-06,0
988,28,오후 5:56:04.5,72.18546554,1.595,2022-09-06,0
989,28,오후 5:56:09.5,70.55671043,1.581,2022-09-06,0
990,28,오후 5:56:14.5,73.93957562,1.635,2022-09-06,0
991,28,오후 5:56:19.5,68.01093857,1.597,2022-09-06,0
992,28,오후 5:56:24.5,70.19333629,1.674,2022-09-06,0
993,28,오후 5:56:29.5,69.28386419,1.539,2022-09-06,0
994,28,오후 5:56:34.5,71.3394548,1.589,2022-09-06,0
995,28,오후 5:56:39.5,71.49933689,1.568,2022-09-06,0
996,28,오후 5:56:44.5,68.81608582,1.615,2022-09-06,0
997,28,오후 5:56:49.5,66.04198315,1.619,2022-09-06,0
998,28,오후 5:56:54.5,66.31247367,1.558,2022-09-06,0
999,28,오후 5:56:59.5,67.53366359,1.495,2022-09-06,0
1000,28,오후 5:57:04.5,66.74042367,1.501,2022-09-06,0
1001,28,오후 5:57:09.5,68.0451851,1.529,2022-09-06,0
1002,28,오후 5:57:14.5,69.4724905,1.51,2022-09-06,0
1003,28,오후 5:57:19.5,65.08489761,1.54,2022-09-06,0
1004,28,오후 5:57:24.5,64.47081535,1.573,2022-09-06,0
1005,28,오후 5:57:29.5,66.84317473,1.473,2022-09-06,0
1006,28,오후 5:57:34.6,65.18546554,1.459,2022-09-06,0
1007,28,오후 5:57:39.6,65.55671043,1.513,2022-09-06,0
1008,28,오후 5:57:44.6,67.93957562,1.475,2022-09-06,0
1009,29,오후 5:58:11.2,74.01093857,1.484,2022-09-06,0
1010,29,오후 5:58:16.2,73.19333629,1.538,2022-09-06,0
1011,29,오후 5:58:21.2,73.28386419,1.675,2022-09-06,0
1012,29,오후 5:58:26.2,76.3394548,1.657,2022-09-06,0
1013,29,오후 5:58:31.2,75.49933689,1.659,2022-09-06,0
1014,29,오후 5:58:36.2,73.81608582,1.729,2022-09-06,0
1015,29,오후 5:58:41.2,74.00784573,1.71,2022-09-06,0
1016,29,오후 5:58:46.2,74.11937724,1.671,2022-09-06,0
1017,29,오후 5:58:51.2,73.12181234,1.676,2022-09-06,0
1018,29,오후 5:58:56.2,73.06197574,1.678,2022-09-06,0
1019,29,오후 5:59:01.2,72.08649643,1.655,2022-09-06,0
1020,29,오후 5:59:06.2,71.25677527,1.655,2022-09-06,0
1021,29,오후 5:59:11.2,70.01093857,1.632,2022-09-06,0
1022,29,오후 5:59:16.3,69.19333629,1.613,2022-09-06,0
1023,29,오후 5:59:21.3,71.28386419,1.585,2022-09-06,0
1024,29,오후 5:59:26.3,70.3394548,1.566,2022-09-06,0
1025,29,오후 5:59:31.3,70.49933689,1.614,2022-09-06,0
1026,29,오후 5:59:36.3,72.81608582,1.592,2022-09-06,0
1027,29,오후 5:59:41.3,70.08489761,1.596,2022-09-06,0
1028,29,오후 5:59:46.3,69.47081535,1.648,2022-09-06,0
1029,29,오후 5:59:51.3,69.84317473,1.587,2022-09-06,0
1030,29,오후 5:59:56.3,70.18546554,1.573,2022-09-06,0
1031,29,오후 6:00:01.3,70.55671043,1.581,2022-09-06,0
1032,29,오후 6:00:06.3,70.93957562,1.589,2022-09-06,0
1033,29,오후 6:00:11.3,69.00784573,1.597,2022-09-06,0
1034,29,오후 6:00:16.3,69.11937724,1.606,2022-09-06,0
1035,29,오후 6:00:21.3,66.12181234,1.562,2022-09-06,0
1036,29,오후 6:00:26.3,66.06197574,1.564,2022-09-06,0
1037,29,오후 6:00:31.3,68.08649643,1.496,2022-09-06,0
1038,29,오후 6:00:36.3,68.25677527,1.495,2022-09-06,0
1039,29,오후 6:00:41.3,64.08489761,1.541,2022-09-06,0
1040,29,오후 6:00:46.4,64.47081535,1.545,2022-09-06,0
1041,29,오후 6:00:51.4,65.84317473,1.45,2022-09-06,0
1042,29,오후 6:00:56.4,67.18546554,1.459,2022-09-06,0
1043,29,오후 6:01:01.4,66.55671043,1.49,2022-09-06,0
1044,29,오후 6:01:06.4,67.93957562,1.52,2022-09-06,0
1045,30,오후 6:01:31.8,91.16081809,1.806237116,2022-09-06,0
1046,30,오후 6:01:36.8,74.11937724,1.538,2022-09-06,0
1047,30,오후 6:01:41.8,73.12181234,1.722,2022-09-06,0
1048,30,오후 6:01:46.8,74.06197574,1.679,2022-09-06,0
1049,30,오후 6:01:51.8,76.08649643,1.656,2022-09-06,0
1050,30,오후 6:01:56.8,73.25677527,1.677,2022-09-06,0
1051,30,오후 6:02:01.8,74.08489761,1.723,2022-09-06,0
1052,30,오후 6:02:06.9,73.47081535,1.659,2022-09-06,0
1053,30,오후 6:02:11.9,74.84317473,1.677,2022-09-06,0
1054,30,오후 6:02:16.9,75.18546554,1.664,2022-09-06,0
1055,30,오후 6:02:21.9,73.55671043,1.695,2022-09-06,0
1056,30,오후 6:02:26.9,73.93957562,1.703,2022-09-06,0
1057,30,오후 6:02:31.9,72.204035,1.665,2022-09-06,0
1058,30,오후 6:02:36.9,72.87178422,1.674,2022-09-06,0
1059,30,오후 6:02:41.9,70.49957941,1.634,2022-09-06,0
1060,30,오후 6:02:46.9,71.86391347,1.65,2022-09-06,0
1061,30,오후 6:02:51.9,70.90814854,1.595,2022-09-06,0
1062,30,오후 6:02:56.9,70.66209656,1.627,2022-09-06,0
1063,30,오후 6:03:01.9,70.00784573,1.605,2022-09-06,0
1064,30,오후 6:03:06.9,71.11937724,1.599,2022-09-06,0
1065,30,오후 6:03:11.9,70.12181234,1.585,2022-09-06,0
1066,30,오후 6:03:16.9,69.06197574,1.61,2022-09-06,0
1067,30,오후 6:03:21.9,71.08649643,1.587,2022-09-06,0
1068,30,오후 6:03:26.9,69.25677527,1.563,2022-09-06,0
1069,30,오후 6:03:31.9,69.08489761,1.609,2022-09-06,0
1070,30,오후 6:03:36.9,69.47081535,1.567,2022-09-06,0
1071,30,오후 6:03:41.9,66.84317473,1.564,2022-09-06,0
1072,30,오후 6:03:47.0,70.18546554,1.573,2022-09-06,0
1073,30,오후 6:03:52.0,70.55671043,1.512,2022-09-06,0
1074,30,오후 6:03:57.0,68.93957562,1.588,2022-09-06,0
1075,30,오후 6:04:02.0,64.204035,1.597,2022-09-06,0
1076,30,오후 6:04:07.0,64.87178422,1.56,2022-09-06,0
1077,30,오후 6:04:12.0,66.49957941,1.453,2022-09-06,0
1078,30,오후 6:04:17.0,65.86391347,1.468,2022-09-06,0
1079,30,오후 6:04:22.0,67.90814854,1.505,2022-09-06,0
1080,30,오후 6:04:27.0,66.66209656,1.49,2022-09-06,0
1081,31,오후 6:04:54.2,122.4559566,1.008766186,2022-09-06,1
1082,31,오후 6:04:59.2,131.8610979,0.903143316,2022-09-06,1
1083,31,오후 6:05:04.2,118.6081858,1.172766186,2022-09-06,1
1084,31,오후 6:05:09.2,126.4443638,1.285071046,2022-09-06,1
1085,31,오후 6:05:14.2,133.953874,1.182870531,2022-09-06,1
1086,31,오후 6:05:19.2,128.8261751,1.191870531,2022-09-06,1
1087,31,오후 6:05:24.2,112.5014385,1.162032165,2022-09-06,1
1088,31,오후 6:05:29.2,117.1310694,1.178870531,2022-09-06,1
1089,31,오후 6:05:34.2,119.7197736,1.053143316,2022-09-06,1
1090,31,오후 6:05:39.2,124.0291597,1.025032165,2022-09-06,1
1091,31,오후 6:05:44.2,130.3060817,1.062032165,2022-09-06,1
1092,31,오후 6:05:49.2,128.4238443,1.285960343,2022-09-06,1
1093,31,오후 6:05:54.2,117.2899636,1.268071046,2022-09-06,1
1094,31,오후 6:05:59.2,116.1687525,1.125870531,2022-09-06,1
1095,31,오후 6:06:04.2,120.3730928,1.102766186,2022-09-06,1
1096,31,오후 6:06:09.2,112.551861,0.986032165,2022-09-06,1
1097,31,오후 6:06:14.2,117.2388113,1.021870531,2022-09-06,1
1098,31,오후 6:06:19.3,119.126327,1.011348278,2022-09-06,1
1099,31,오후 6:06:24.3,114.2189399,1.177960343,2022-09-06,1
1100,31,오후 6:06:29.3,106.7641512,1.117071046,2022-09-06,1
1101,31,오후 6:06:34.3,119.0246165,1.176960343,2022-09-06,1
1102,31,오후 6:06:39.3,117.6422829,1.006870531,2022-09-06,1
1103,31,오후 6:06:44.3,114.9262822,1.021143316,2022-09-06,1
1104,31,오후 6:06:49.3,107.4845514,1.082348278,2022-09-06,1
1105,31,오후 6:06:54.3,104.5205831,1.146071046,2022-09-06,1
1106,31,오후 6:06:59.3,106.3377157,1.054766186,2022-09-06,1
1107,31,오후 6:07:04.3,101.8663803,0.973870531,2022-09-06,1
1108,31,오후 6:07:09.3,113.8801905,1.038033036,2022-09-06,1
1109,31,오후 6:07:14.3,111.5751297,1.049071046,2022-09-06,1
1110,31,오후 6:07:19.3,115.666281,0.972033036,2022-09-06,1
1111,31,오후 6:07:24.3,113.8754077,0.946143316,2022-09-06,1
1112,31,오후 6:07:29.3,104.3067279,1.014870531,2022-09-06,1
1113,31,오후 6:07:34.3,108.3758659,1.088960343,2022-09-06,1
1114,31,오후 6:07:39.3,107.3399068,0.970870531,2022-09-06,1
1115,31,오후 6:07:44.3,105.8994335,1.095960343,2022-09-06,1
1116,31,오후 6:07:49.3,108.6407238,0.939348278,2022-09-06,1
1117,32,오후 6:08:15.6,120.6731691,0.958032165,2022-09-06,1
1118,32,오후 6:08:20.6,121.7211747,1.098960343,2022-09-06,1
1119,32,오후 6:08:25.6,123.5228821,1.267960343,2022-09-06,1
1120,32,오후 6:08:30.7,118.6201813,1.062032165,2022-09-06,1
1121,32,오후 6:08:35.7,133.4027755,1.193890652,2022-09-06,1
1122,32,오후 6:08:40.7,128.643402,1.338960343,2022-09-06,1
1123,32,오후 6:08:45.7,119.5149543,1.204348278,2022-09-06,1
1124,32,오후 6:08:50.7,120.3785721,1.145348278,2022-09-06,1
1125,32,오후 6:08:55.7,113.9977252,1.104033036,2022-09-06,1
1126,32,오후 6:09:00.7,123.0934137,1.194071046,2022-09-06,1
1127,32,오후 6:09:05.7,113.5358244,1.075143316,2022-09-06,1
1128,32,오후 6:09:10.7,125.3371054,1.137766186,2022-09-06,1
1129,32,오후 6:09:15.7,123.8360986,1.194890652,2022-09-06,1
1130,32,오후 6:09:20.7,121.544404,1.124033036,2022-09-06,1
1131,32,오후 6:09:25.7,122.4303786,1.029143316,2022-09-06,1
1132,32,오후 6:09:30.7,115.0363058,1.116766186,2022-09-06,1
1133,32,오후 6:09:35.7,111.9990042,1.010032165,2022-09-06,1
1134,32,오후 6:09:40.7,125.5882066,1.069766186,2022-09-06,1
1135,32,오후 6:09:45.7,114.3073437,1.121766186,2022-09-06,1
1136,32,오후 6:09:50.7,107.0555416,1.124033036,2022-09-06,1
1137,32,오후 6:09:55.7,118.7523343,1.137071046,2022-09-06,1
1138,32,오후 6:10:00.7,119.7478674,1.048033036,2022-09-06,1
1139,32,오후 6:10:05.7,118.7694616,1.115071046,2022-09-06,1
1140,32,오후 6:10:10.8,119.3068566,1.142890652,2022-09-06,1
1141,32,오후 6:10:15.8,113.310941,1.048032165,2022-09-06,1
1142,32,오후 6:10:20.8,107.698533,1.179071046,2022-09-06,1
1143,32,오후 6:10:25.8,109.5458738,0.964033036,2022-09-06,1
1144,32,오후 6:10:30.8,112.1794743,0.967766186,2022-09-06,1
1145,32,오후 6:10:35.8,118.5958401,0.894032165,2022-09-06,1
1146,32,오후 6:10:40.8,112.5053297,1.107960343,2022-09-06,1
1147,32,오후 6:10:45.8,109.3570621,1.154960343,2022-09-06,1
1148,32,오후 6:10:50.8,107.7562418,1.112960343,2022-09-06,1
1149,32,오후 6:10:55.8,111.7899509,0.942348278,2022-09-06,1
1150,32,오후 6:11:00.8,109.2924159,1.086960343,2022-09-06,1
1151,32,오후 6:11:05.8,107.6449751,0.995890652,2022-09-06,1
1152,32,오후 6:11:10.8,113.7382605,1.108960343,2022-09-06,1
1153,33,오후 6:11:38.5,119.0443193,1.085960343,2022-09-06,1
1154,33,오후 6:11:43.5,129.8148952,0.970766186,2022-09-06,1
1155,33,오후 6:11:48.5,128.735311,1.175890652,2022-09-06,1
1156,33,오후 6:11:53.5,124.0946787,1.298960343,2022-09-06,1
1157,33,오후 6:11:58.5,131.682708,1.089143316,2022-09-06,1
1158,33,오후 6:12:03.5,119.7791129,1.173348278,2022-09-06,1
1159,33,오후 6:12:08.5,117.3528119,1.167870531,2022-09-06,1
1160,33,오후 6:12:13.5,122.330128,1.199870531,2022-09-06,1
1161,33,오후 6:12:18.5,113.9118972,1.026143316,2022-09-06,1
1162,33,오후 6:12:23.5,125.6715285,1.131890652,2022-09-06,1
1163,33,오후 6:12:28.5,113.857623,1.150033036,2022-09-06,1
1164,33,오후 6:12:33.5,124.2147419,1.244960343,2022-09-06,1
1165,33,오후 6:12:38.5,119.3025556,1.111870531,2022-09-06,1
1166,33,오후 6:12:43.6,114.3956649,1.271960343,2022-09-06,1
1167,33,오후 6:12:48.6,106.4768408,1.025143316,2022-09-06,1
1168,33,오후 6:12:53.6,108.0990938,1.060033036,2022-09-06,1
1169,33,오후 6:12:58.6,114.8328293,1.117071046,2022-09-06,1
1170,33,오후 6:13:03.6,118.6064653,1.064766186,2022-09-06,1
1171,33,오후 6:13:08.6,117.3268759,1.117890652,2022-09-06,1
1172,33,오후 6:13:13.6,108.5923618,1.170890652,2022-09-06,1
1173,33,오후 6:13:18.6,120.7103111,1.137071046,2022-09-06,1
1174,33,오후 6:13:23.6,106.9418369,1.048348278,2022-09-06,1
1175,33,오후 6:13:28.6,115.5100165,1.036348278,2022-09-06,1
1176,33,오후 6:13:33.6,122.1350824,0.970143316,2022-09-06,1
1177,33,오후 6:13:38.6,103.1807889,1.126890652,2022-09-06,1
1178,33,오후 6:13:43.6,115.4083874,1.174890652,2022-09-06,1
1179,33,오후 6:13:48.6,114.3701171,0.917032165,2022-09-06,1
1180,33,오후 6:13:53.6,105.4050167,1.166960343,2022-09-06,1
1181,33,오후 6:13:58.6,119.9530194,1.138071046,2022-09-06,1
1182,33,오후 6:14:03.6,115.9934001,0.986870531,2022-09-06,1
1183,33,오후 6:14:08.6,107.6301109,1.131071046,2022-09-06,1
1184,33,오후 6:14:13.6,109.700658,1.134071046,2022-09-06,1
1185,33,오후 6:14:18.6,111.2957279,0.966766186,2022-09-06,1
1186,33,오후 6:14:23.7,107.1386526,0.995766186,2022-09-06,1
1187,33,오후 6:14:28.7,104.5732138,1.095960343,2022-09-06,1
1188,33,오후 6:14:33.7,111.531401,1.036071046,2022-09-06,1
1189,34,오후 6:15:00.5,74.01093857,1.54,2022-09-06,0
1190,34,오후 6:15:05.5,74.19333629,1.55,2022-09-06,0
1191,34,오후 6:15:10.5,75.28386419,1.676,2022-09-06,0
1192,34,오후 6:15:15.5,74.3394548,1.68,2022-09-06,0
1193,34,오후 6:15:20.5,75.49933689,1.705,2022-09-06,0
1194,34,오후 6:15:25.5,74.81608582,1.683,2022-09-06,0
1195,34,오후 6:15:30.5,72.13914228,1.709,2022-09-06,0
1196,34,오후 6:15:35.5,73.66042142,1.694,2022-09-06,0
1197,34,오후 6:15:40.5,74.17766014,1.633,2022-09-06,0
1198,34,오후 6:15:45.5,72.58643441,1.668,2022-09-06,0
1199,34,오후 6:15:50.5,74.87710396,1.68,2022-09-06,0
1200,34,오후 6:15:55.5,73.01353467,1.643,2022-09-06,0
1201,34,오후 6:16:00.5,69.01093857,1.696,2022-09-06,0
1202,34,오후 6:16:05.5,69.19333629,1.653,2022-09-06,0
1203,34,오후 6:16:10.5,71.28386419,1.562,2022-09-06,0
1204,34,오후 6:16:15.5,70.3394548,1.566,2022-09-06,0
1205,34,오후 6:16:20.6,71.49933689,1.613,2022-09-06,0
1206,34,오후 6:16:25.6,70.81608582,1.593,2022-09-06,0
1207,34,오후 6:16:30.6,69.01093857,1.619,2022-09-06,0
1208,34,오후 6:16:35.6,71.19333629,1.603,2022-09-06,0
1209,34,오후 6:16:40.6,70.28386419,1.562,2022-09-06,0
1210,34,오후 6:16:45.6,68.3394548,1.612,2022-09-06,0
1211,34,오후 6:16:50.6,69.49933689,1.591,2022-09-06,0
1212,34,오후 6:16:55.6,69.81608582,1.547,2022-09-06,0
1213,34,오후 6:17:00.6,69.204035,1.574,2022-09-06,0
1214,34,오후 6:17:05.6,69.87178422,1.58,2022-09-06,0
1215,34,오후 6:17:10.6,67.49957941,1.567,2022-09-06,0
1216,34,오후 6:17:15.6,68.86391347,1.582,2022-09-06,0
1217,34,오후 6:17:20.6,68.90814854,1.527,2022-09-06,0
1218,34,오후 6:17:25.6,68.66209656,1.559,2022-09-06,0
1219,34,오후 6:17:30.6,65.08489761,1.559,2022-09-06,0
1220,34,오후 6:17:35.6,65.47081535,1.554,2022-09-06,0
1221,34,오후 6:17:40.6,67.84317473,1.472,2022-09-06,0
1222,34,오후 6:17:45.6,68.18546554,1.481,2022-09-06,0
1223,34,오후 6:17:50.6,66.55671043,1.535,2022-09-06,0
1224,34,오후 6:17:55.6,68.93957562,1.543,2022-09-06,0
1225,35,오후 6:18:21.9,74.01093857,1.506,2022-09-06,0
1226,35,오후 6:18:26.9,76.19333629,1.56,2022-09-06,0
1227,35,오후 6:18:32.0,74.28386419,1.675,2022-09-06,0
1228,35,오후 6:18:37.0,74.3394548,1.725,2022-09-06,0
1229,35,오후 6:18:42.0,75.49933689,1.682,2022-09-06,0
1230,35,오후 6:18:47.0,76.81608582,1.683,2022-09-06,0
1231,35,오후 6:18:52.0,73.01093857,1.709,2022-09-06,0
1232,35,오후 6:18:57.0,72.19333629,1.74,2022-09-06,0
1233,35,오후 6:19:02.0,74.28386419,1.653,2022-09-06,0
1234,35,오후 6:19:07.0,74.3394548,1.635,2022-09-06,0
1235,35,오후 6:19:12.0,74.49933689,1.682,2022-09-06,0
1236,35,오후 6:19:17.0,71.81608582,1.683,2022-09-06,0
1237,35,오후 6:19:22.0,72.00784573,1.687,2022-09-06,0
1238,35,오후 6:19:27.0,72.11937724,1.626,2022-09-06,0
1239,35,오후 6:19:32.0,70.12181234,1.63,2022-09-06,0
1240,35,오후 6:19:37.0,71.06197574,1.632,2022-09-06,0
1241,35,오후 6:19:42.0,72.08649643,1.588,2022-09-06,0
1242,35,오후 6:19:47.0,69.25677527,1.609,2022-09-06,0
1243,35,오후 6:19:52.0,68.13914228,1.632,2022-09-06,0
1244,35,오후 6:19:57.0,71.66042142,1.567,2022-09-06,0
1245,35,오후 6:20:02.0,71.17766014,1.542,2022-09-06,0
1246,35,오후 6:20:07.0,71.58643441,1.622,2022-09-06,0
1247,35,오후 6:20:12.1,70.87710396,1.611,2022-09-06,0
1248,35,오후 6:20:17.1,71.01353467,1.621,2022-09-06,0
1249,35,오후 6:20:22.1,66.01093857,1.604,2022-09-06,0
1250,35,오후 6:20:27.1,67.19333629,1.608,2022-09-06,0
1251,35,오후 6:20:32.1,68.28386419,1.494,2022-09-06,0
1252,35,오후 6:20:37.1,67.3394548,1.521,2022-09-06,0
1253,35,오후 6:20:42.1,69.49933689,1.546,2022-09-06,0
1254,35,오후 6:20:47.1,67.81608582,1.524,2022-09-06,0
1255,35,오후 6:20:52.1,65.01093857,1.573,2022-09-06,0
1256,35,오후 6:20:57.1,65.19333629,1.535,2022-09-06,0
1257,35,오후 6:21:02.1,67.28386419,1.471,2022-09-06,0
1258,35,오후 6:21:07.1,66.3394548,1.475,2022-09-06,0
1259,35,오후 6:21:12.1,65.49933689,1.523,2022-09-06,0
1260,35,오후 6:21:17.1,64.81608582,1.501,2022-09-06,0
1261,36,오후 6:21:44.4,74.04198315,1.482,2022-09-06,0
1262,36,오후 6:21:49.4,74.31247367,1.466,2022-09-06,0
1263,36,오후 6:21:54.4,76.53366359,1.677,2022-09-06,0
1264,36,오후 6:21:59.5,75.74042367,1.682,2022-09-06,0
1265,36,오후 6:22:04.5,75.0451851,1.733,2022-09-06,0
1266,36,오후 6:22:09.5,75.4724905,1.715,2022-09-06,0
1267,36,오후 6:22:14.5,73.04198315,1.699,2022-09-06,0
1268,36,오후 6:22:19.5,73.31247367,1.709,2022-09-06,0
1269,36,오후 6:22:24.5,74.53366359,1.654,2022-09-06,0
1270,36,오후 6:22:29.5,72.74042367,1.66,2022-09-06,0
1271,36,오후 6:22:34.5,72.0451851,1.687,2022-09-06,0
1272,36,오후 6:22:39.5,75.4724905,1.646,2022-09-06,0
1273,36,오후 6:22:44.5,72.00784573,1.631,2022-09-06,0
1274,36,오후 6:22:49.5,69.11937724,1.709,2022-09-06,0
1275,36,오후 6:22:54.5,69.12181234,1.63,2022-09-06,0
1276,36,오후 6:22:59.5,71.06197574,1.564,2022-09-06,0
1277,36,오후 6:23:04.5,69.08649643,1.565,2022-09-06,0
1278,36,오후 6:23:09.5,72.25677527,1.609,2022-09-06,0
1279,36,오후 6:23:14.5,69.08489761,1.564,2022-09-06,0
1280,36,오후 6:23:19.5,80.64813418,1.872269348,2022-09-06,0
1281,36,오후 6:23:24.5,70.84317473,1.564,2022-09-06,0
1282,36,오후 6:23:29.5,71.18546554,1.595,2022-09-06,0
1283,36,오후 6:23:34.5,71.55671043,1.604,2022-09-06,0
1284,36,오후 6:23:39.5,69.93957562,1.611,2022-09-06,0
1285,36,오후 6:23:44.6,69.04198315,1.62,2022-09-06,0
1286,36,오후 6:23:49.6,68.31247367,1.583,2022-09-06,0
1287,36,오후 6:23:54.6,69.53366359,1.562,2022-09-06,0
1288,36,오후 6:23:59.6,66.74042367,1.546,2022-09-06,0
1289,36,오후 6:24:04.6,68.0451851,1.574,2022-09-06,0
1290,36,오후 6:24:09.6,69.4724905,1.51,2022-09-06,0
1291,36,오후 6:24:14.6,66.08489761,1.54,2022-09-06,0
1292,36,오후 6:24:19.6,66.47081535,1.572,2022-09-06,0
1293,36,오후 6:24:24.6,67.84317473,1.495,2022-09-06,0
1294,36,오후 6:24:29.6,66.18546554,1.504,2022-09-06,0
1295,36,오후 6:24:34.6,68.55671043,1.535,2022-09-06,0
1296,36,오후 6:24:39.6,65.93957562,1.498,2022-09-06,0
1297,37,오후 6:25:05.2,76.204035,1.551,2022-09-06,0
1298,37,오후 6:25:10.2,74.87178422,1.492,2022-09-06,0
1299,37,오후 6:25:15.2,74.49957941,1.726,2022-09-06,0
1300,37,오후 6:25:20.2,75.86391347,1.695,2022-09-06,0
1301,37,오후 6:25:25.2,77.90814854,1.687,2022-09-06,0
1302,37,오후 6:25:30.2,77.66209656,1.718,2022-09-06,0
1303,37,오후 6:25:35.3,71.04198315,1.764,2022-09-06,0
1304,37,오후 6:25:40.3,74.31247367,1.759,2022-09-06,0
1305,37,오후 6:25:45.3,74.53366359,1.609,2022-09-06,0
1306,37,오후 6:25:50.3,73.74042367,1.683,2022-09-06,0
1307,37,오후 6:25:55.3,72.0451851,1.687,2022-09-06,0
1308,37,오후 6:26:00.3,74.4724905,1.669,2022-09-06,0
1309,37,오후 6:26:05.3,71.08489761,1.631,2022-09-06,0
1310,37,오후 6:26:10.3,72.47081535,1.686,2022-09-06,0
1311,37,오후 6:26:15.3,71.84317473,1.61,2022-09-06,0
1312,37,오후 6:26:20.3,72.18546554,1.641,2022-09-06,0
1313,37,오후 6:26:25.3,73.55671043,1.626,2022-09-06,0
1314,37,오후 6:26:30.3,73.93957562,1.634,2022-09-06,0
1315,37,오후 6:26:35.3,71.01093857,1.665,2022-09-06,0
1316,37,오후 6:26:40.3,70.19333629,1.674,2022-09-06,0
1317,37,오후 6:26:45.3,71.28386419,1.608,2022-09-06,0
1318,37,오후 6:26:50.3,68.3394548,1.589,2022-09-06,0
1319,37,오후 6:26:55.3,70.49933689,1.614,2022-09-06,0
1320,37,오후 6:27:00.3,71.81608582,1.546,2022-09-06,0
1321,37,오후 6:27:05.3,66.04198315,1.596,2022-09-06,0
1322,37,오후 6:27:10.3,66.31247367,1.625,2022-09-06,0
1323,37,오후 6:27:15.3,68.53366359,1.495,2022-09-06,0
1324,37,오후 6:27:20.3,69.74042367,1.5,2022-09-06,0
1325,37,오후 6:27:25.3,69.0451851,1.552,2022-09-06,0
1326,37,오후 6:27:30.4,69.4724905,1.578,2022-09-06,0
1327,37,오후 6:27:35.4,67.08489761,1.563,2022-09-06,0
1328,37,오후 6:27:40.4,64.47081535,1.572,2022-09-06,0
1329,37,오후 6:27:45.4,67.84317473,1.518,2022-09-06,0
1330,37,오후 6:27:50.4,65.18546554,1.459,2022-09-06,0
1331,37,오후 6:27:55.4,67.55671043,1.535,2022-09-06,0
1332,37,오후 6:28:00.4,68.93957562,1.475,2022-09-06,0
1333,38,오후 6:28:27.2,76.01093857,1.529,2022-09-06,0
1334,38,오후 6:28:32.2,73.19333629,1.56,2022-09-06,0
1335,38,오후 6:28:37.2,74.28386419,1.721,2022-09-06,0
1336,38,오후 6:28:42.2,74.3394548,1.657,2022-09-06,0
1337,38,오후 6:28:47.2,74.49933689,1.682,2022-09-06,0
1338,38,오후 6:28:52.2,74.81608582,1.683,2022-09-06,0
1339,38,오후 6:28:57.3,74.08489761,1.687,2022-09-06,0
1340,38,오후 6:29:02.3,71.47081535,1.694,2022-09-06,0
1341,38,오후 6:29:07.3,74.84317473,1.678,2022-09-06,0
1342,38,오후 6:29:12.3,74.18546554,1.618,2022-09-06,0
1343,38,오후 6:29:17.3,74.55671043,1.695,2022-09-06,0
1344,38,오후 6:29:22.3,72.93957562,1.679,2022-09-06,0
1345,38,오후 6:29:27.3,71.13914228,1.688,2022-09-06,0
1346,38,오후 6:29:32.3,72.66042142,1.651,2022-09-06,0
1347,38,오후 6:29:37.3,70.17766014,1.61,2022-09-06,0
1348,38,오후 6:29:42.3,71.58643441,1.645,2022-09-06,0
1349,38,오후 6:29:47.3,71.87710396,1.588,2022-09-06,0
1350,38,오후 6:29:52.3,72.01353467,1.621,2022-09-06,0
1351,38,오후 6:29:57.3,68.01093857,1.627,2022-09-06,0
1352,38,오후 6:30:02.3,69.19333629,1.63,2022-09-06,0
1353,38,오후 6:30:07.3,71.28386419,1.539,2022-09-06,0
1354,38,오후 6:30:12.3,69.3394548,1.567,2022-09-06,0
1355,38,오후 6:30:17.3,70.49933689,1.614,2022-09-06,0
1356,38,오후 6:30:22.4,71.81608582,1.569,2022-09-06,0
1357,38,오후 6:30:27.4,68.04198315,1.596,2022-09-06,0
1358,38,오후 6:30:32.4,66.31247367,1.626,2022-09-06,0
1359,38,오후 6:30:37.4,67.53366359,1.54,2022-09-06,0
1360,38,오후 6:30:42.4,68.74042367,1.501,2022-09-06,0
1361,38,오후 6:30:47.4,69.0451851,1.528,2022-09-06,0
1362,38,오후 6:30:52.4,69.4724905,1.556,2022-09-06,0
1363,38,오후 6:30:57.4,65.08489761,1.563,2022-09-06,0
1364,38,오후 6:31:02.4,66.47081535,1.573,2022-09-06,0
1365,38,오후 6:31:07.4,67.84317473,1.473,2022-09-06,0
1366,38,오후 6:31:12.4,66.18546554,1.504,2022-09-06,0
1367,38,오후 6:31:17.4,67.55671043,1.536,2022-09-06,0
1368,38,오후 6:31:22.4,66.93957562,1.498,2022-09-06,0
1369,39,오후 6:31:48.7,76.01093857,1.529,2022-09-06,0
1370,39,오후 6:31:53.7,84.15443465,1.673295523,2022-09-06,0
1371,39,오후 6:31:58.7,76.28386419,1.721,2022-09-06,0
1372,39,오후 6:32:03.7,75.3394548,1.726,2022-09-06,0
1373,39,오후 6:32:08.7,73.49933689,1.728,2022-09-06,0
1374,39,오후 6:32:13.7,75.81608582,1.706,2022-09-06,0
1375,39,오후 6:32:18.7,71.13914228,1.664,2022-09-06,0
1376,39,오후 6:32:23.7,72.66042142,1.717,2022-09-06,0
1377,39,오후 6:32:28.7,72.17766014,1.61,2022-09-06,0
1378,39,오후 6:32:33.7,74.58643441,1.645,2022-09-06,0
1379,39,오후 6:32:38.7,73.87710396,1.634,2022-09-06,0
1380,39,오후 6:32:43.7,73.01353467,1.689,2022-09-06,0
1381,39,오후 6:32:48.7,71.204035,1.673,2022-09-06,0
1382,39,오후 6:32:53.7,71.87178422,1.653,2022-09-06,0
1383,39,오후 6:32:58.8,73.49957941,1.611,2022-09-06,0
1384,39,오후 6:33:03.8,70.86391347,1.628,2022-09-06,0
1385,39,오후 6:33:08.8,72.90814854,1.664,2022-09-06,0
1386,39,오후 6:33:13.8,70.66209656,1.604,2022-09-06,0
1387,39,오후 6:33:18.8,71.13914228,1.651,2022-09-06,0
1388,39,오후 6:33:23.8,69.66042142,1.6,2022-09-06,0
1389,39,오후 6:33:28.8,72.17766014,1.611,2022-09-06,0
1390,39,오후 6:33:33.8,70.58643441,1.577,2022-09-06,0
1391,39,오후 6:33:38.8,71.87710396,1.634,2022-09-06,0
1392,39,오후 6:33:43.8,72.01353467,1.598,2022-09-06,0
1393,39,오후 6:33:48.8,68.00784573,1.627,2022-09-06,0
1394,39,오후 6:33:53.8,67.11937724,1.63,2022-09-06,0
1395,39,오후 6:33:58.8,68.12181234,1.539,2022-09-06,0
1396,39,오후 6:34:03.8,67.06197574,1.519,2022-09-06,0
1397,39,오후 6:34:08.8,69.08649643,1.542,2022-09-06,0
1398,39,오후 6:34:13.8,67.25677527,1.518,2022-09-06,0
1399,39,오후 6:34:18.8,65.04198315,1.563,2022-09-06,0
1400,39,오후 6:34:23.8,66.31247367,1.522,2022-09-06,0
1401,39,오후 6:34:28.9,67.53366359,1.472,2022-09-06,0
1402,39,오후 6:34:33.9,64.74042367,1.5,2022-09-06,0
1403,39,오후 6:34:38.9,68.0451851,1.528,2022-09-06,0
1404,39,오후 6:34:43.9,68.4724905,1.465,2022-09-06,0
1405,40,오후 6:35:09.2,73.13914228,1.54,2022-09-06,0
1406,40,오후 6:35:14.2,75.66042142,1.549,2022-09-06,0
1407,40,오후 6:35:19.2,74.17766014,1.656,2022-09-06,0
1408,40,오후 6:35:24.2,75.58643441,1.714,2022-09-06,0
1409,40,오후 6:35:29.2,76.87710396,1.679,2022-09-06,0
1410,40,오후 6:35:34.3,76.01353467,1.712,2022-09-06,0
1411,40,오후 6:35:39.3,71.00784573,1.74,2022-09-06,0
1412,40,오후 6:35:44.3,74.11937724,1.721,2022-09-06,0
1413,40,오후 6:35:49.3,79.44551227,1.74597612,2022-09-06,0
1414,40,오후 6:35:54.3,73.06197574,1.678,2022-09-06,0
1415,40,오후 6:35:59.3,72.08649643,1.655,2022-09-06,0
1416,40,오후 6:36:04.3,72.25677527,1.654,2022-09-06,0
1417,40,오후 6:36:09.3,70.00784573,1.632,2022-09-06,0
1418,40,오후 6:36:14.3,71.11937724,1.636,2022-09-06,0
1419,40,오후 6:36:19.3,69.12181234,1.585,2022-09-06,0
1420,40,오후 6:36:24.3,69.06197574,1.61,2022-09-06,0
1421,40,오후 6:36:29.3,69.08649643,1.565,2022-09-06,0
1422,40,오후 6:36:34.3,72.25677527,1.563,2022-09-06,0
1423,40,오후 6:36:39.3,70.13914228,1.564,2022-09-06,0
1424,40,오후 6:36:44.3,68.66042142,1.636,2022-09-06,0
1425,40,오후 6:36:49.3,72.17766014,1.587,2022-09-06,0
1426,40,오후 6:36:54.4,70.58643441,1.554,2022-09-06,0
1427,40,오후 6:36:59.4,70.87710396,1.634,2022-09-06,0
1428,40,오후 6:37:04.4,72.01353467,1.598,2022-09-06,0
1429,40,오후 6:37:09.4,67.08489761,1.605,2022-09-06,0
1430,40,오후 6:37:14.4,67.47081535,1.631,2022-09-06,0
1431,40,오후 6:37:19.4,66.84317473,1.519,2022-09-06,0
1432,40,오후 6:37:24.4,70.18546554,1.527,2022-09-06,0
1433,40,오후 6:37:29.4,68.55671043,1.513,2022-09-06,0
1434,40,오후 6:37:34.4,70.93957562,1.589,2022-09-06,0
1435,40,오후 6:37:39.4,64.08489761,1.552,2022-09-06,0
1436,40,오후 6:37:44.4,64.47081535,1.606,2022-09-06,0
1437,40,오후 6:37:49.4,67.84317473,1.45,2022-09-06,0
1438,40,오후 6:37:54.4,66.18546554,1.459,2022-09-06,0
1439,40,오후 6:37:59.4,68.55671043,1.535,2022-09-06,0
1440,40,오후 6:38:04.4,67.93957562,1.498,2022-09-06,0
1441,41,오후 6:38:29.5,75.04198315,1.552,2022-09-06,0
1442,41,오후 6:38:34.5,76.31247367,1.538,2022-09-06,0
1443,41,오후 6:38:39.5,76.53366359,1.7,2022-09-06,0
1444,41,오후 6:38:44.5,73.74042367,1.729,2022-09-06,0
1445,41,오후 6:38:49.5,76.0451851,1.733,2022-09-06,0
1446,41,오후 6:38:54.5,77.4724905,1.669,2022-09-06,0
1447,41,오후 6:38:59.5,73.08489761,1.722,2022-09-06,0
1448,41,오후 6:39:04.5,71.47081535,1.754,2022-09-06,0
1449,41,오후 6:39:09.5,71.84317473,1.655,2022-09-06,0
1450,41,오후 6:39:14.5,75.18546554,1.618,2022-09-06,0
1451,41,오후 6:39:19.5,75.55671043,1.626,2022-09-06,0
1452,41,오후 6:39:24.5,73.93957562,1.703,2022-09-06,0
1453,41,오후 6:39:29.6,69.00784573,1.711,2022-09-06,0
1454,41,오후 6:39:34.6,69.11937724,1.674,2022-09-06,0
1455,41,오후 6:39:39.6,70.12181234,1.562,2022-09-06,0
1456,41,오후 6:39:44.6,70.06197574,1.565,2022-09-06,0
1457,41,오후 6:39:49.6,70.08649643,1.587,2022-09-06,0
1458,41,오후 6:39:54.6,71.25677527,1.586,2022-09-06,0
1459,41,오후 6:39:59.6,70.01093857,1.586,2022-09-06,0
1460,41,오후 6:40:04.6,69.19333629,1.613,2022-09-06,0
1461,41,오후 6:40:09.6,71.28386419,1.585,2022-09-06,0
1462,41,오후 6:40:14.6,69.3394548,1.566,2022-09-06,0
1463,41,오후 6:40:19.6,70.49933689,1.614,2022-09-06,0
1464,41,오후 6:40:24.6,68.81608582,1.569,2022-09-06,0
1465,41,오후 6:40:29.6,69.04198315,1.595,2022-09-06,0
1466,41,오후 6:40:34.6,68.31247367,1.557,2022-09-06,0
1467,41,오후 6:40:39.6,69.53366359,1.563,2022-09-06,0
1468,41,오후 6:40:44.6,68.74042367,1.546,2022-09-06,0
1469,41,오후 6:40:49.6,69.0451851,1.574,2022-09-06,0
1470,41,오후 6:40:54.6,70.4724905,1.556,2022-09-06,0
1471,41,오후 6:40:59.6,66.04198315,1.563,2022-09-06,0
1472,41,오후 6:41:04.6,65.31247367,1.596,2022-09-06,0
1473,41,오후 6:41:09.6,67.53366359,1.495,2022-09-06,0
1474,41,오후 6:41:14.6,66.74042367,1.478,2022-09-06,0
1475,41,오후 6:41:19.6,68.0451851,1.528,2022-09-06,0
1476,41,오후 6:41:24.6,66.4724905,1.51,2022-09-06,0
1477,42,오후 6:41:49.9,74.00784573,1.54,2022-09-06,0
1478,42,오후 6:41:54.9,75.11937724,1.504,2022-09-06,0
1479,42,오후 6:41:59.9,75.12181234,1.675,2022-09-06,0
1480,42,오후 6:42:04.9,74.06197574,1.701,2022-09-06,0
1481,42,오후 6:42:09.9,75.08649643,1.701,2022-09-06,0
1482,42,오후 6:42:14.9,75.25677527,1.677,2022-09-06,0
1483,42,오후 6:42:19.9,71.00784573,1.7,2022-09-06,0
1484,42,오후 6:42:24.9,73.11937724,1.704,2022-09-06,0
1485,42,오후 6:42:29.9,71.12181234,1.607,2022-09-06,0
1486,42,오후 6:42:34.9,71.06197574,1.656,2022-09-06,0
1487,42,오후 6:42:39.9,71.08649643,1.61,2022-09-06,0
1488,42,오후 6:42:44.9,72.25677527,1.608,2022-09-06,0
1489,42,오후 6:42:49.9,69.00784573,1.609,2022-09-06,0
1490,42,오후 6:42:55.0,71.11937724,1.635,2022-09-06,0
1491,42,오후 6:43:00.0,72.12181234,1.562,2022-09-06,0
1492,42,오후 6:43:05.0,72.06197574,1.61,2022-09-06,0
1493,42,오후 6:43:10.0,69.08649643,1.633,2022-09-06,0
1494,42,오후 6:43:15.0,72.25677527,1.632,2022-09-06,0
1495,42,오후 6:43:20.0,69.04198315,1.564,2022-09-06,0
1496,42,오후 6:43:25.0,70.31247367,1.636,2022-09-06,0
1497,42,오후 6:43:30.0,69.53366359,1.563,2022-09-06,0
1498,42,오후 6:43:35.0,69.74042367,1.592,2022-09-06,0
1499,42,오후 6:43:40.0,70.0451851,1.574,2022-09-06,0
1500,42,오후 6:43:45.0,71.4724905,1.579,2022-09-06,0
1501,42,오후 6:43:50.0,69.204035,1.586,2022-09-06,0
1502,42,오후 6:43:55.0,69.87178422,1.618,2022-09-06,0
1503,42,오후 6:44:00.0,68.49957941,1.566,2022-09-06,0
1504,42,오후 6:44:05.0,68.86391347,1.582,2022-09-06,0
1505,42,오후 6:44:10.0,70.90814854,1.55,2022-09-06,0
1506,42,오후 6:44:15.0,68.66209656,1.559,2022-09-06,0
1507,42,오후 6:44:20.0,67.08489761,1.605,2022-09-06,0
1508,42,오후 6:44:25.0,67.47081535,1.554,2022-09-06,0
1509,42,오후 6:44:30.0,67.84317473,1.518,2022-09-06,0
1510,42,오후 6:44:35.0,65.18546554,1.527,2022-09-06,0
1511,42,오후 6:44:40.0,68.55671043,1.535,2022-09-06,0
1512,42,오후 6:44:45.1,66.93957562,1.475,2022-09-06,0
1513,43,오후 6:45:10.1,75.04198315,1.552,2022-09-06,0
1514,43,오후 6:45:15.1,76.31247367,1.515,2022-09-06,0
1515,43,오후 6:45:20.1,74.53366359,1.699,2022-09-06,0
1516,43,오후 6:45:25.1,76.74042367,1.728,2022-09-06,0
1517,43,오후 6:45:30.1,75.0451851,1.688,2022-09-06,0
1518,43,오후 6:45:35.1,74.4724905,1.738,2022-09-06,0
1519,43,오후 6:45:40.1,72.08489761,1.699,2022-09-06,0
1520,43,오후 6:45:45.1,71.47081535,1.686,2022-09-06,0
1521,43,오후 6:45:50.1,72.84317473,1.632,2022-09-06,0
1522,43,오후 6:45:55.1,72.18546554,1.618,2022-09-06,0
1523,43,오후 6:46:00.1,72.55671043,1.649,2022-09-06,0
1524,43,오후 6:46:05.2,74.93957562,1.634,2022-09-06,0
1525,43,오후 6:46:10.2,70.08489761,1.642,2022-09-06,0
1526,43,오후 6:46:15.2,71.47081535,1.697,2022-09-06,0
1527,43,오후 6:46:20.2,69.84317473,1.586,2022-09-06,0
1528,43,오후 6:46:25.2,70.18546554,1.618,2022-09-06,0
1529,43,오후 6:46:30.2,72.55671043,1.581,2022-09-06,0
1530,43,오후 6:46:35.2,72.93957562,1.589,2022-09-06,0
1531,43,오후 6:46:40.2,71.204035,1.643,2022-09-06,0
1532,43,오후 6:46:45.2,71.87178422,1.651,2022-09-06,0
1533,43,오후 6:46:50.2,70.49957941,1.612,2022-09-06,0
1534,43,오후 6:46:55.2,69.86391347,1.627,2022-09-06,0
1535,43,오후 6:47:00.2,70.90814854,1.596,2022-09-06,0
1536,43,오후 6:47:05.2,71.66209656,1.581,2022-09-06,0
1537,43,오후 6:47:10.2,66.204035,1.605,2022-09-06,0
1538,43,오후 6:47:15.2,66.87178422,1.622,2022-09-06,0
1539,43,오후 6:47:20.2,68.49957941,1.498,2022-09-06,0
1540,43,오후 6:47:25.2,68.86391347,1.513,2022-09-06,0
1541,43,오후 6:47:30.2,68.90814854,1.551,2022-09-06,0
1542,43,오후 6:47:35.2,70.66209656,1.559,2022-09-06,0
1543,43,오후 6:47:40.2,64.00784573,1.559,2022-09-06,0
1544,43,오후 6:47:45.2,65.11937724,1.599,2022-09-06,0
1545,43,오후 6:47:50.2,67.12181234,1.449,2022-09-06,0
1546,43,오후 6:47:55.3,64.06197574,1.473,2022-09-06,0
1547,43,오후 6:48:00.3,67.08649643,1.519,2022-09-06,0
1548,43,오후 6:48:05.3,66.25677527,1.449,2022-09-06,0
