Index,Lot,Time,pH,Temp,Current
1,1,오후 4:27:35.0,10.86,47.8,7.84
2,1,오후 4:27:40.0,10.41,46.48,8.53
3,1,오후 4:27:45.0,10.29,43.1,8.64
4,1,오후 4:27:50.0,10.14,43.89,8.89
5,1,오후 4:27:55.0,9.84,45.52,8.51
6,1,오후 4:28:00.0,10.92,46.83,7.6
7,1,오후 4:28:05.0,10.84,43.45,8.02
8,1,오후 4:28:10.0,10.47,45.93,7.25
9,1,오후 4:28:15.0,10.37,45.54,8.8
10,1,오후 4:28:20.0,10.44,47.15,8.32
11,1,오후 4:28:25.0,10.19,42.55,8.14
12,1,오후 4:28:30.0,9.97,45.98,8.47
13,1,오후 4:28:35.0,10.91,45.94,8.3
14,1,오후 4:28:40.0,10.81,45.78,8.01
15,1,오후 4:28:45.0,10.33,43.39,8.48
16,1,오후 4:28:50.0,11.3,46.51,7.13
17,1,오후 4:28:55.0,9.65,44.99,8.29
18,1,오후 4:29:00.0,10.03,42.96,7.79
19,1,오후 4:29:05.0,10.23,45.06,8.43
20,1,오후 4:29:10.0,9.89,47.59,8.07
21,1,오후 4:29:15.1,9.59,44.36,7.16
22,1,오후 4:29:20.1,10.56,45.78,7.53
23,1,오후 4:29:25.1,9.69,45.5,8.39
24,1,오후 4:29:30.1,10.75,45.21,7.97
25,1,오후 4:29:35.1,9.71,42.94,7.11
26,1,오후 4:29:40.1,10.34,45.56,8.79
27,1,오후 4:29:45.1,10.81,42.11,7.15
28,1,오후 4:29:50.1,9.71,46.33,7.71
29,1,오후 4:29:55.1,10.12,46.4,8.36
30,1,오후 4:30:00.1,11.81,45.17,8.02
31,1,오후 4:30:05.1,9.57,42.28,8.63
32,1,오후 4:30:10.1,10.23,47.75,7.33
33,1,오후 4:30:15.1,10.26,45.18,7.51
34,1,오후 4:30:20.1,10.88,42.85,7.02
35,1,오후 4:30:25.1,10.58,46.63,8.98
36,1,오후 4:30:30.1,9.97,43.02,7.45
37,1,오후 4:30:35.1,10.23,45.86,7.06
38,1,오후 4:30:40.1,10.18,43.29,8.34
39,1,오후 4:30:45.1,9.72,45.44,7.49
40,1,오후 4:30:50.1,10.22,43.18,7.22
41,1,오후 4:30:55.2,10.36,44.97,8.55
42,1,오후 4:31:00.2,9.63,46.22,7.06
43,1,오후 4:31:05.2,10.83,46.47,8.51
44,1,오후 4:31:10.2,9.71,42.47,7.23
45,1,오후 4:31:15.2,10.62,44.41,8.92
46,1,오후 4:31:20.2,10.0,46.82,7.55
47,1,오후 4:31:25.2,10.08,45.65,8.86
48,1,오후 4:31:30.2,10.51,44.71,7.16
49,1,오후 4:31:35.2,11.74,43.23,7.68
50,1,오후 4:31:40.2,9.87,45.7,8.13
51,1,오후 4:31:45.2,10.19,44.7,8.34
52,1,오후 4:31:50.2,10.78,42.48,8.53
53,1,오후 4:31:55.2,10.58,46.73,7.37
54,1,오후 4:32:00.2,9.88,42.14,8.14
55,1,오후 4:32:05.2,10.06,44.46,8.97
56,1,오후 4:32:10.2,10.87,44.82,8.32
57,1,오후 4:32:15.2,9.79,45.09,8.49
58,1,오후 4:32:20.2,10.56,44.71,8.48
59,1,오후 4:32:25.2,10.36,46.44,7.25
60,1,오후 4:32:30.2,9.79,44.65,8.86
61,1,오후 4:32:35.2,9.85,44.11,7.13
62,1,오후 4:32:40.2,9.84,45.02,7.87
63,1,오후 4:32:45.2,10.46,45.12,8.1
64,1,오후 4:32:50.2,10.81,44.48,8.22
65,1,오후 4:32:55.2,9.72,47.45,7.18
66,1,오후 4:33:00.3,10.36,43.13,8.72
67,1,오후 4:33:05.3,10.93,45.1,8.23
68,1,오후 4:33:10.3,10.14,43.22,8.29
69,1,오후 4:33:15.3,10.37,43.85,7.3
70,2,오후 4:33:40.9,10.03,46.12,7.4
71,2,오후 4:33:45.9,10.63,46.63,8.67
72,2,오후 4:33:50.9,9.91,43.91,7.87
73,2,오후 4:33:55.9,10.06,44.94,7.09
74,2,오후 4:34:00.9,10.41,43.73,8.76
75,2,오후 4:34:05.9,10.7,43.04,8.36
76,2,오후 4:34:10.9,9.72,45.39,7.21
77,2,오후 4:34:16.0,10.38,43.25,7.66
78,2,오후 4:34:21.0,10.93,44.86,8.89
79,2,오후 4:34:26.0,10.11,44.47,8.57
80,2,오후 4:34:31.0,9.86,43.39,7.7
81,2,오후 4:34:36.0,10.4,44.64,8.59
82,2,오후 4:34:41.0,10.33,47.07,8.27
83,2,오후 4:34:46.0,9.84,44.65,7.17
84,2,오후 4:34:51.0,9.78,46.14,8.81
85,2,오후 4:34:56.0,10.54,47.09,8.08
86,2,오후 4:35:01.0,9.65,43.56,8.98
87,2,오후 4:35:06.0,9.57,45.13,7.28
88,2,오후 4:35:11.0,10.82,45.37,7.81
89,2,오후 4:35:16.0,10.95,47.16,8.37
90,2,오후 4:35:21.0,10.69,44.89,8.18
91,2,오후 4:35:26.0,10.67,42.51,7.99
92,2,오후 4:35:31.0,10.15,45.82,8.41
93,2,오후 4:35:36.0,10.64,45.38,8.22
94,2,오후 4:35:41.0,10.84,44.91,8.67
95,2,오후 4:35:46.0,9.94,47.24,8.58
96,2,오후 4:35:51.0,9.51,45.27,8.14
97,2,오후 4:35:56.0,10.28,46.29,7.14
98,2,오후 4:36:01.0,10.05,44.35,8.12
99,2,오후 4:36:06.1,10.12,46.41,7.99
100,2,오후 4:36:11.1,10.66,42.58,7.85
101,2,오후 4:36:16.1,10.47,45.31,8.45
102,2,오후 4:36:21.1,10.49,47.32,8.75
103,2,오후 4:36:26.1,10.83,47.07,8.47
104,2,오후 4:36:31.1,9.55,43.37,7.12
105,2,오후 4:36:36.1,10.04,45.19,7.41
106,2,오후 4:36:41.1,10.05,42.21,7.98
107,2,오후 4:36:46.1,10.66,43.27,8.5
108,2,오후 4:36:51.1,9.76,43.48,7.25
109,2,오후 4:36:56.1,10.59,43.52,8.28
110,2,오후 4:37:01.1,10.99,44.93,8.81
111,2,오후 4:37:06.1,9.55,45.29,8.27
112,2,오후 4:37:11.1,9.89,43.61,8.15
113,2,오후 4:37:16.1,9.56,45.73,8.65
114,2,오후 4:37:21.1,10.32,44.79,8.54
115,2,오후 4:37:26.2,9.97,46.67,8.55
116,2,오후 4:37:31.2,10.02,44.29,7.43
117,2,오후 4:37:36.2,10.58,42.04,7.48
118,2,오후 4:37:41.2,10.18,45.02,8.89
119,2,오후 4:37:46.2,10.52,43.06,7.47
120,2,오후 4:37:51.2,10.64,47.62,7.27
121,2,오후 4:37:56.2,10.58,47.42,8.63
122,2,오후 4:38:01.2,10.21,45.39,8.49
123,2,오후 4:38:06.2,9.89,42.33,8.33
124,2,오후 4:38:11.2,9.59,44.3,8.22
125,2,오후 4:38:16.2,9.73,44.02,8.52
126,2,오후 4:38:21.2,9.77,46.41,7.07
127,2,오후 4:38:26.2,10.91,45.13,7.35
128,2,오후 4:38:31.2,9.61,42.97,7.7
129,2,오후 4:38:36.2,9.97,45.73,7.23
130,2,오후 4:38:41.2,10.09,45.7,7.87
131,2,오후 4:38:46.2,10.76,44.29,8.36
132,2,오후 4:38:51.2,9.61,43.51,7.87
133,2,오후 4:38:56.2,10.82,43.5,8.28
134,2,오후 4:39:01.2,10.98,46.68,8.97
135,2,오후 4:39:06.2,10.52,43.1,8.48
136,2,오후 4:39:11.3,10.33,46.92,8.6
137,2,오후 4:39:16.3,9.79,42.18,7.34
138,2,오후 4:39:21.3,10.09,45.57,7.65
139,3,오후 4:39:47.0,10.96,44.17,7.55
140,3,오후 4:39:52.0,10.5,43.85,7.65
141,3,오후 4:39:57.0,10.9,46.31,7.33
142,3,오후 4:40:02.0,10.14,45.62,8.11
143,3,오후 4:40:07.0,10.99,45.05,7.83
144,3,오후 4:40:12.0,10.81,43.92,7.23
145,3,오후 4:40:17.0,10.12,44.55,8.67
146,3,오후 4:40:22.0,10.73,46.61,7.18
147,3,오후 4:40:27.0,10.28,42.58,7.06
148,3,오후 4:40:32.0,10.63,47.4,8.19
149,3,오후 4:40:37.0,9.71,44.36,7.42
150,3,오후 4:40:42.1,10.12,43.83,7.07
151,3,오후 4:40:47.1,10.26,43.37,7.88
152,3,오후 4:40:52.1,10.19,46.24,8.31
153,3,오후 4:40:57.1,10.58,44.14,8.42
154,3,오후 4:41:02.1,10.8,44.54,7.9
155,3,오후 4:41:07.1,10.23,45.25,8.21
156,3,오후 4:41:12.1,10.17,44.63,7.17
157,3,오후 4:41:17.1,9.53,46.32,8.2
158,3,오후 4:41:22.1,9.69,45.18,8.9
159,3,오후 4:41:27.1,10.42,47.16,8.28
160,3,오후 4:41:32.1,10.47,43.09,7.24
161,3,오후 4:41:37.1,9.89,45.51,8.99
162,3,오후 4:41:42.1,10.42,44.95,7.91
163,3,오후 4:41:47.1,10.3,42.95,7.46
164,3,오후 4:41:52.1,10.27,45.87,7.7
165,3,오후 4:41:57.2,10.58,47.38,7.85
166,3,오후 4:42:02.2,9.54,43.79,8.21
167,3,오후 4:42:07.2,10.3,44.68,8.55
168,3,오후 4:42:12.2,10.67,42.98,7.69
169,3,오후 4:42:17.2,10.23,44.47,7.6
170,3,오후 4:42:22.2,10.51,45.7,8.54
171,3,오후 4:42:27.2,10.45,46.92,7.28
172,3,오후 4:42:32.2,9.53,45.93,7.41
173,3,오후 4:42:37.2,10.26,47.75,7.2
174,3,오후 4:42:42.2,10.4,45.97,7.97
175,3,오후 4:42:47.2,10.11,46.97,8.05
176,3,오후 4:42:52.2,9.87,43.42,8.05
177,3,오후 4:42:57.2,9.61,46.96,7.55
178,3,오후 4:43:02.2,10.84,45.6,8.3
179,3,오후 4:43:07.2,10.52,45.66,8.52
180,3,오후 4:43:12.2,9.8,45.11,8.71
181,3,오후 4:43:17.2,10.57,47.59,7.28
182,3,오후 4:43:22.2,10.2,47.94,7.38
183,3,오후 4:43:27.2,10.59,43.21,8.27
184,3,오후 4:43:32.3,9.65,42.96,8.62
185,3,오후 4:43:37.3,10.8,47.89,7.55
186,3,오후 4:43:42.3,9.76,47.14,7.86
187,3,오후 4:43:47.3,10.55,43.05,7.11
188,3,오후 4:43:52.3,10.42,42.94,8.14
189,3,오후 4:43:57.3,10.87,43.17,7.79
190,3,오후 4:44:02.3,10.77,44.77,8.89
191,3,오후 4:44:07.3,10.08,46.49,7.84
192,3,오후 4:44:12.3,10.7,43.88,8.68
193,3,오후 4:44:17.3,9.78,46.57,7.99
194,3,오후 4:44:22.3,9.6,45.07,8.23
195,3,오후 4:44:27.3,10.2,42.66,8.47
196,3,오후 4:44:32.3,9.88,47.7,8.98
197,3,오후 4:44:37.3,10.81,42.43,7.66
198,3,오후 4:44:42.3,10.58,43.16,8.31
199,3,오후 4:44:47.3,10.44,47.23,8.8
200,3,오후 4:44:52.3,10.02,47.66,8.97
201,3,오후 4:44:57.3,9.84,45.36,7.08
202,3,오후 4:45:02.3,10.25,46.92,7.31
203,3,오후 4:45:07.3,10.21,46.35,8.59
204,3,오후 4:45:12.4,10.65,45.68,7.22
205,3,오후 4:45:17.4,9.72,43.84,7.79
206,3,오후 4:45:22.4,10.97,44.74,7.58
207,3,오후 4:45:27.4,10.37,44.9,7.42
208,4,오후 4:45:54.6,10.98,43.96,7.75
209,4,오후 4:45:59.6,10.92,43.89,7.66
210,4,오후 4:46:04.6,10.32,44.38,7.3
211,4,오후 4:46:09.6,10.0,45.05,8.37
212,4,오후 4:46:14.6,9.89,46.01,7.46
213,4,오후 4:46:19.6,9.57,45.25,7.86
214,4,오후 4:46:24.6,9.72,47.41,8.22
215,4,오후 4:46:29.6,10.23,46.49,7.36
216,4,오후 4:46:34.6,10.14,46.1,8.0
217,4,오후 4:46:39.6,10.35,43.05,7.56
218,4,오후 4:46:44.7,9.94,47.62,8.82
219,4,오후 4:46:49.7,9.52,46.2,7.21
220,4,오후 4:46:54.7,10.18,44.27,7.93
221,4,오후 4:46:59.7,9.98,46.87,7.33
222,4,오후 4:47:04.7,10.94,47.24,7.32
223,4,오후 4:47:09.7,10.95,45.31,7.9
224,4,오후 4:47:14.7,10.35,43.25,7.64
225,4,오후 4:47:19.7,9.7,43.83,8.71
226,4,오후 4:47:24.7,9.85,46.2,7.17
227,4,오후 4:47:29.7,9.87,43.71,8.95
228,4,오후 4:47:34.7,10.69,43.74,8.35
229,4,오후 4:47:39.7,10.83,43.07,7.07
230,4,오후 4:47:44.7,10.13,43.82,8.94
231,4,오후 4:47:49.7,10.19,46.37,7.56
232,4,오후 4:47:54.7,9.78,42.03,8.86
233,4,오후 4:47:59.7,10.39,46.16,7.22
234,4,오후 4:48:04.7,10.81,46.35,8.52
235,4,오후 4:48:09.7,11.48,43.01,8.53
236,4,오후 4:48:14.7,10.51,42.45,7.75
237,4,오후 4:48:19.7,11.48,43.01,8.53
238,4,오후 4:48:24.8,10.74,43.55,7.88
239,4,오후 4:48:29.8,9.85,45.32,7.91
240,4,오후 4:48:34.8,10.36,46.61,8.51
241,4,오후 4:48:39.8,9.63,45.38,8.19
242,4,오후 4:48:44.8,10.32,42.52,8.74
243,4,오후 4:48:49.8,9.63,46.69,8.22
244,4,오후 4:48:54.8,10.3,47.74,8.19
245,4,오후 4:48:59.8,10.1,43.26,7.17
246,4,오후 4:49:04.8,10.94,43.66,7.94
247,4,오후 4:49:09.8,9.69,42.48,8.35
248,4,오후 4:49:14.8,9.76,43.89,8.56
249,4,오후 4:49:19.8,9.88,42.5,8.13
250,4,오후 4:49:24.8,9.87,44.64,8.98
251,4,오후 4:49:29.8,9.83,47.2,8.09
252,4,오후 4:49:34.8,11.48,43.01,8.53
253,4,오후 4:49:39.8,10.78,43.87,7.91
254,4,오후 4:49:44.8,9.98,46.27,7.37
255,4,오후 4:49:49.8,10.01,47.79,7.95
256,4,오후 4:49:54.9,10.03,43.62,8.34
257,4,오후 4:49:59.9,10.37,46.36,8.04
258,4,오후 4:50:04.9,9.84,42.34,7.92
259,4,오후 4:50:09.9,10.7,45.49,7.69
260,4,오후 4:50:14.9,9.75,42.43,8.89
261,4,오후 4:50:19.9,10.08,46.5,8.09
262,4,오후 4:50:24.9,11.48,43.01,8.53
263,4,오후 4:50:29.9,10.05,42.08,7.28
264,4,오후 4:50:34.9,10.05,43.34,8.28
265,4,오후 4:50:39.9,10.27,45.64,7.35
266,4,오후 4:50:44.9,9.89,46.84,7.75
267,4,오후 4:50:49.9,10.9,42.04,8.5
268,4,오후 4:50:54.9,9.77,43.25,8.25
269,4,오후 4:50:59.9,10.1,45.71,7.03
270,4,오후 4:51:04.9,10.68,43.95,8.17
271,4,오후 4:51:09.9,10.91,46.11,8.52
272,4,오후 4:51:14.9,10.92,45.13,7.58
273,4,오후 4:51:19.9,10.34,47.05,7.06
274,4,오후 4:51:24.9,10.92,43.44,7.56
275,4,오후 4:51:29.9,10.47,42.36,8.86
276,4,오후 4:51:34.9,9.75,44.17,7.74
277,5,오후 4:52:00.0,10.74,46.73,8.04
278,5,오후 4:52:05.0,10.91,43.79,8.68
279,5,오후 4:52:10.0,10.52,45.03,7.75
280,5,오후 4:52:15.0,10.49,45.33,7.54
281,5,오후 4:52:20.0,10.7,47.65,7.05
282,5,오후 4:52:25.0,10.76,44.96,8.27
283,5,오후 4:52:30.0,10.1,45.94,8.08
284,5,오후 4:52:35.0,10.89,42.97,8.13
285,5,오후 4:52:40.0,10.16,42.57,8.1
286,5,오후 4:52:45.0,10.08,43.19,8.85
287,5,오후 4:52:50.0,10.73,44.06,8.26
288,5,오후 4:52:55.0,9.73,45.61,7.15
289,5,오후 4:53:00.0,10.4,45.45,7.89
290,5,오후 4:53:05.0,9.97,46.52,8.89
291,5,오후 4:53:10.0,10.24,42.84,8.43
292,5,오후 4:53:15.0,10.63,42.39,8.37
293,5,오후 4:53:20.0,10.45,43.75,8.94
294,5,오후 4:53:25.1,10.39,45.1,8.64
295,5,오후 4:53:30.1,10.25,43.19,7.45
296,5,오후 4:53:35.1,10.62,42.19,8.21
297,5,오후 4:53:40.1,9.95,46.68,7.66
298,5,오후 4:53:45.1,10.99,43.55,7.78
299,5,오후 4:53:50.1,10.4,43.91,7.48
300,5,오후 4:53:55.1,9.67,46.13,8.88
301,5,오후 4:54:00.1,10.35,47.07,7.14
302,5,오후 4:54:05.1,9.83,44.73,8.81
303,5,오후 4:54:10.1,10.76,45.83,7.44
304,5,오후 4:54:15.1,9.73,44.88,7.78
305,5,오후 4:54:20.1,10.27,44.37,7.62
306,5,오후 4:54:25.1,10.6,42.06,7.67
307,5,오후 4:54:30.1,9.81,47.3,8.29
308,5,오후 4:54:35.1,9.81,44.82,8.39
309,5,오후 4:54:40.1,10.75,44.21,7.97
310,5,오후 4:54:45.1,9.51,46.68,7.63
311,5,오후 4:54:50.1,9.97,46.23,7.47
312,5,오후 4:54:55.1,10.53,43.59,8.69
313,5,오후 4:55:00.1,9.84,44.48,7.51
314,5,오후 4:55:05.2,9.63,46.12,7.52
315,5,오후 4:55:10.2,10.89,42.86,8.37
316,5,오후 4:55:15.2,10.65,42.26,7.63
317,5,오후 4:55:20.2,10.24,42.75,7.31
318,5,오후 4:55:25.2,9.87,46.49,8.07
319,5,오후 4:55:30.2,10.26,43.14,7.91
320,5,오후 4:55:35.2,9.63,45.83,7.89
321,5,오후 4:55:40.2,10.62,43.51,8.94
322,5,오후 4:55:45.2,10.75,44.23,7.77
323,5,오후 4:55:50.2,10.91,46.71,7.42
324,5,오후 4:55:55.2,10.33,47.27,8.72
325,5,오후 4:56:00.2,10.35,42.1,7.72
326,5,오후 4:56:05.2,10.77,45.16,7.96
327,5,오후 4:56:10.2,9.74,43.1,8.56
328,5,오후 4:56:15.2,10.56,45.27,7.91
329,5,오후 4:56:20.2,10.34,45.35,8.12
330,5,오후 4:56:25.2,10.33,43.51,8.36
331,5,오후 4:56:30.2,9.76,42.13,7.96
332,5,오후 4:56:35.2,10.79,45.96,7.36
333,5,오후 4:56:40.2,9.82,44.8,8.81
334,5,오후 4:56:45.3,10.62,47.91,8.42
335,5,오후 4:56:50.3,10.41,44.79,7.45
336,5,오후 4:56:55.3,10.02,43.22,7.55
337,5,오후 4:57:00.3,9.66,45.46,7.12
338,5,오후 4:57:05.3,10.81,44.83,7.62
339,5,오후 4:57:10.3,9.87,42.74,8.83
340,5,오후 4:57:15.3,9.58,42.16,8.24
341,5,오후 4:57:20.3,9.57,43.92,8.59
342,5,오후 4:57:25.3,10.04,43.51,7.53
343,5,오후 4:57:30.3,9.91,43.35,8.24
344,5,오후 4:57:35.3,10.18,44.83,7.74
345,5,오후 4:57:40.3,9.98,43.2,8.03
346,6,오후 4:58:06.3,10.73,45.41,8.28
347,6,오후 4:58:11.3,10.34,45.19,7.82
348,6,오후 4:58:16.4,9.87,42.82,7.35
349,6,오후 4:58:21.4,10.54,44.49,8.49
350,6,오후 4:58:26.4,9.6,43.13,8.59
351,6,오후 4:58:31.4,9.78,45.87,8.76
352,6,오후 4:58:36.4,9.61,46.36,7.96
353,6,오후 4:58:41.4,10.07,44.78,7.12
354,6,오후 4:58:46.4,9.86,47.9,7.85
355,6,오후 4:58:51.4,9.95,46.76,8.34
356,6,오후 4:58:56.4,9.96,45.82,8.36
357,6,오후 4:59:01.4,10.38,43.53,8.91
358,6,오후 4:59:06.4,10.53,44.03,8.76
359,6,오후 4:59:11.4,10.17,44.48,7.4
360,6,오후 4:59:16.4,10.17,45.74,8.18
361,6,오후 4:59:21.4,10.95,43.42,8.66
362,6,오후 4:59:26.4,10.91,44.96,7.75
363,6,오후 4:59:31.4,10.09,44.49,7.68
364,6,오후 4:59:36.4,10.41,47.27,7.16
365,6,오후 4:59:41.4,10.97,43.89,7.24
366,6,오후 4:59:46.4,10.35,44.62,7.7
367,6,오후 4:59:51.4,10.3,46.87,8.12
368,6,오후 4:59:56.4,10.84,44.35,7.12
369,6,오후 5:00:01.5,10.28,44.96,8.56
370,6,오후 5:00:06.5,9.92,46.62,7.51
371,6,오후 5:00:11.5,10.61,42.47,7.31
372,6,오후 5:00:16.5,10.25,44.79,7.13
373,6,오후 5:00:21.5,11.94,44.76,8.21
374,6,오후 5:00:26.5,11.14,46.35,8.63
375,6,오후 5:00:31.5,10.15,43.31,7.33
376,6,오후 5:00:36.5,9.75,47.45,8.76
377,6,오후 5:00:41.5,9.51,47.07,8.3
378,6,오후 5:00:46.5,10.63,47.62,8.06
379,6,오후 5:00:51.5,9.92,43.66,8.24
380,6,오후 5:00:56.5,9.81,42.49,7.96
381,6,오후 5:01:01.5,10.74,42.23,8.86
382,6,오후 5:01:06.5,9.56,45.03,8.1
383,6,오후 5:01:11.5,9.61,46.27,8.88
384,6,오후 5:01:16.5,10.04,47.65,7.37
385,6,오후 5:01:21.5,10.56,47.11,8.18
386,6,오후 5:01:26.5,9.85,43.39,7.86
387,6,오후 5:01:31.5,9.73,47.54,8.7
388,6,오후 5:01:36.5,9.91,43.18,8.87
389,6,오후 5:01:41.5,10.74,46.18,8.69
390,6,오후 5:01:46.6,9.79,43.33,7.93
391,6,오후 5:01:51.6,10.2,44.84,8.27
392,6,오후 5:01:56.6,10.33,47.97,7.49
393,6,오후 5:02:01.6,10.15,43.24,8.82
394,6,오후 5:02:06.6,10.07,42.3,7.62
395,6,오후 5:02:11.6,9.82,42.58,7.61
396,6,오후 5:02:16.6,10.23,46.65,8.89
397,6,오후 5:02:21.6,9.58,47.81,7.31
398,6,오후 5:02:26.6,9.75,45.83,7.57
399,6,오후 5:02:31.6,10.58,47.39,7.61
400,6,오후 5:02:36.6,9.9,44.59,8.29
401,6,오후 5:02:41.6,9.77,44.02,8.48
402,6,오후 5:02:46.6,10.56,47.62,7.59
403,6,오후 5:02:51.6,10.19,46.64,7.94
404,6,오후 5:02:56.6,9.9,46.68,8.09
405,6,오후 5:03:01.6,10.31,45.42,7.6
406,6,오후 5:03:06.6,9.56,42.11,8.2
407,6,오후 5:03:11.6,9.86,46.74,7.49
408,6,오후 5:03:16.6,9.57,44.07,8.34
409,6,오후 5:03:21.6,10.68,46.9,7.38
410,6,오후 5:03:26.6,9.78,42.19,7.9
411,6,오후 5:03:31.6,10.45,46.2,8.64
412,6,오후 5:03:36.7,9.74,44.63,7.44
413,6,오후 5:03:41.7,10.25,42.59,7.41
414,6,오후 5:03:46.7,10.16,43.76,7.3
415,7,오후 5:04:13.0,10.6,46.9,7.89
416,7,오후 5:04:18.1,10.17,44.88,8.82
417,7,오후 5:04:23.1,10.8,47.22,8.01
418,7,오후 5:04:28.1,10.22,45.31,8.19
419,7,오후 5:04:33.1,10.33,42.76,8.05
420,7,오후 5:04:38.1,10.93,47.01,8.19
421,7,오후 5:04:43.1,10.68,45.16,8.58
422,7,오후 5:04:48.1,9.96,44.74,7.59
423,7,오후 5:04:53.1,10.21,45.88,8.71
424,7,오후 5:04:58.1,10.45,46.88,7.63
425,7,오후 5:05:03.1,9.92,45.43,7.09
426,7,오후 5:05:08.1,10.09,44.51,8.57
427,7,오후 5:05:13.1,10.42,44.25,8.51
428,7,오후 5:05:18.1,10.35,45.38,7.62
429,7,오후 5:05:23.1,10.72,45.77,7.81
430,7,오후 5:05:28.1,9.9,44.84,7.45
431,7,오후 5:05:33.1,9.58,42.73,8.07
432,7,오후 5:05:38.1,9.91,43.97,8.57
433,7,오후 5:05:43.1,9.69,45.24,7.51
434,7,오후 5:05:48.2,9.61,43.1,8.41
435,7,오후 5:05:53.2,10.69,42.22,8.67
436,7,오후 5:05:58.2,10.04,44.57,7.71
437,7,오후 5:06:03.2,10.6,46.18,8.71
438,7,오후 5:06:08.2,10.3,44.32,8.94
439,7,오후 5:06:13.2,10.97,42.11,8.96
440,7,오후 5:06:18.2,9.95,47.55,8.08
441,7,오후 5:06:23.2,9.54,43.03,7.96
442,7,오후 5:06:28.2,10.72,43.78,8.49
443,7,오후 5:06:33.2,10.81,44.58,7.84
444,7,오후 5:06:38.2,10.94,45.23,7.65
445,7,오후 5:06:43.2,9.9,46.39,8.57
446,7,오후 5:06:48.2,10.6,43.16,8.33
447,7,오후 5:06:53.2,9.71,42.64,7.24
448,7,오후 5:06:58.2,10.15,43.56,7.95
449,7,오후 5:07:03.2,10.12,42.66,7.46
450,7,오후 5:07:08.2,10.92,44.82,7.74
451,7,오후 5:07:13.2,10.83,44.26,8.89
452,7,오후 5:07:18.2,10.82,42.57,7.19
453,7,오후 5:07:23.3,10.94,47.32,8.16
454,7,오후 5:07:28.3,9.6,47.26,8.08
455,7,오후 5:07:33.3,10.51,44.19,7.09
456,7,오후 5:07:38.3,10.9,46.3,8.44
457,7,오후 5:07:43.3,10.56,43.01,7.88
458,7,오후 5:07:48.3,10.51,45.55,8.3
459,7,오후 5:07:53.3,10.39,44.72,7.39
460,7,오후 5:07:58.3,9.96,45.99,8.11
461,7,오후 5:08:03.3,10.47,43.78,7.07
462,7,오후 5:08:08.3,10.16,42.25,8.16
463,7,오후 5:08:13.3,10.31,45.64,8.96
464,7,오후 5:08:18.3,9.71,44.0,7.43
465,7,오후 5:08:23.3,10.94,44.96,7.11
466,7,오후 5:08:28.3,10.95,45.3,8.09
467,7,오후 5:08:33.3,10.16,42.35,8.12
468,7,오후 5:08:38.3,9.54,47.73,8.85
469,7,오후 5:08:43.3,10.03,47.49,7.02
470,7,오후 5:08:48.3,9.6,44.61,8.17
471,7,오후 5:08:53.4,10.77,42.96,8.33
472,7,오후 5:08:58.4,10.87,45.73,8.66
473,7,오후 5:09:03.4,9.97,45.22,8.26
474,7,오후 5:09:08.4,9.69,43.47,8.06
475,7,오후 5:09:13.4,9.51,44.57,7.28
476,7,오후 5:09:18.4,10.2,44.22,7.14
477,7,오후 5:09:23.4,10.01,45.63,7.03
478,7,오후 5:09:28.4,10.55,45.08,7.19
479,7,오후 5:09:33.4,10.4,44.06,8.19
480,7,오후 5:09:38.4,10.33,46.53,7.04
481,7,오후 5:09:43.4,10.23,42.88,8.46
482,7,오후 5:09:48.4,10.12,42.89,7.08
483,7,오후 5:09:53.4,9.85,43.87,8.77
484,8,오후 5:10:19.9,10.8,45.87,7.88
485,8,오후 5:10:24.9,9.94,44.5,7.28
486,8,오후 5:10:29.9,10.16,45.8,7.6
487,8,오후 5:10:34.9,10.73,44.11,6.42
488,8,오후 5:10:39.9,10.2,46.93,8.9
489,8,오후 5:10:44.9,9.73,43.13,7.68
490,8,오후 5:10:49.9,10.78,47.62,7.96
491,8,오후 5:10:54.9,9.78,44.16,7.71
492,8,오후 5:10:59.9,9.69,42.13,8.85
493,8,오후 5:11:04.9,10.66,45.15,8.79
494,8,오후 5:11:09.9,10.85,45.67,7.37
495,8,오후 5:11:14.9,10.38,43.19,7.11
496,8,오후 5:11:19.9,10.15,44.91,7.64
497,8,오후 5:11:24.9,9.7,43.41,7.9
498,8,오후 5:11:29.9,10.12,47.32,8.17
499,8,오후 5:11:34.9,10.08,46.29,7.07
500,8,오후 5:11:39.9,9.7,42.99,7.32
501,8,오후 5:11:45.0,10.27,43.09,7.6
502,8,오후 5:11:50.0,10.21,42.13,8.82
503,8,오후 5:11:55.0,10.24,46.22,8.23
504,8,오후 5:12:00.0,10.13,45.57,7.98
505,8,오후 5:12:05.0,10.23,47.46,7.44
506,8,오후 5:12:10.0,10.19,42.65,7.88
507,8,오후 5:12:15.0,10.21,44.11,7.83
508,8,오후 5:12:20.0,10.24,47.54,7.66
509,8,오후 5:12:25.0,10.51,44.74,7.99
510,8,오후 5:12:30.0,10.2,42.27,7.9
511,8,오후 5:12:35.0,9.73,44.04,7.79
512,8,오후 5:12:40.0,9.92,42.06,8.18
513,8,오후 5:12:45.0,10.08,43.5,7.52
514,8,오후 5:12:50.0,10.28,47.91,7.72
515,8,오후 5:12:55.0,9.96,46.56,7.63
516,8,오후 5:13:00.0,9.89,46.86,7.58
517,8,오후 5:13:05.0,9.9,45.34,7.06
518,8,오후 5:13:10.0,10.34,46.17,7.1
519,8,오후 5:13:15.0,10.41,45.05,8.42
520,8,오후 5:13:20.0,10.64,47.08,8.52
521,8,오후 5:13:25.0,10.81,47.01,7.29
522,8,오후 5:13:30.1,10.11,45.46,8.04
523,8,오후 5:13:35.1,9.89,46.23,8.05
524,8,오후 5:13:40.1,10.45,44.89,7.33
525,8,오후 5:13:45.1,10.04,45.87,7.39
526,8,오후 5:13:50.1,10.18,44.04,7.58
527,8,오후 5:13:55.1,9.75,45.17,8.04
528,8,오후 5:14:00.1,10.59,44.46,8.17
529,8,오후 5:14:05.1,9.58,47.01,7.03
530,8,오후 5:14:10.1,10.43,45.23,8.6
531,8,오후 5:14:15.1,10.91,47.35,8.99
532,8,오후 5:14:20.1,9.59,47.26,8.47
533,8,오후 5:14:25.1,10.9,43.11,8.03
534,8,오후 5:14:30.1,10.43,45.93,8.11
535,8,오후 5:14:35.1,10.61,46.17,8.73
536,8,오후 5:14:40.1,10.22,44.21,7.4
537,8,오후 5:14:45.1,10.64,42.44,8.21
538,8,오후 5:14:50.1,9.55,44.62,7.55
539,8,오후 5:14:55.1,10.2,47.89,7.12
540,8,오후 5:15:00.1,9.86,42.88,8.16
541,8,오후 5:15:05.1,10.15,44.31,8.14
542,8,오후 5:15:10.1,10.27,45.1,7.65
543,8,오후 5:15:15.1,10.3,43.61,7.4
544,8,오후 5:15:20.1,10.33,43.24,8.55
545,8,오후 5:15:25.1,10.17,47.08,7.88
546,8,오후 5:15:30.2,10.31,46.15,7.59
547,8,오후 5:15:35.2,10.16,46.68,7.35
548,8,오후 5:15:40.2,9.77,45.05,7.84
549,8,오후 5:15:45.2,10.33,46.52,8.47
550,8,오후 5:15:50.2,10.98,45.7,7.58
551,8,오후 5:15:55.2,10.99,47.87,7.31
552,8,오후 5:16:00.2,10.3,43.48,8.6
553,9,오후 5:16:26.8,9.72,45.83,7.29
554,9,오후 5:16:31.8,10.13,45.74,8.58
555,9,오후 5:16:36.8,9.51,47.04,8.41
556,9,오후 5:16:41.8,10.31,45.29,7.49
557,9,오후 5:16:46.8,10.69,45.25,8.71
558,9,오후 5:16:51.8,9.55,43.58,7.3
559,9,오후 5:16:56.8,9.88,45.44,8.66
560,9,오후 5:17:01.8,10.01,45.13,7.66
561,9,오후 5:17:06.8,10.39,46.26,7.96
562,9,오후 5:17:11.8,9.88,45.45,8.36
563,9,오후 5:17:16.8,10.53,46.36,8.29
564,9,오후 5:17:21.9,10.58,46.84,8.77
565,9,오후 5:17:26.9,9.6,43.54,8.59
566,9,오후 5:17:31.9,10.78,45.74,8.04
567,9,오후 5:17:36.9,10.8,44.45,8.03
568,9,오후 5:17:41.9,10.65,42.21,7.2
569,9,오후 5:17:46.9,10.18,45.21,7.38
570,9,오후 5:17:51.9,9.58,43.04,8.33
571,9,오후 5:17:56.9,10.05,44.49,8.26
572,9,오후 5:18:01.9,10.3,46.44,7.74
573,9,오후 5:18:06.9,9.76,45.87,7.31
574,9,오후 5:18:11.9,10.85,44.08,7.13
575,9,오후 5:18:16.9,9.71,47.99,7.22
576,9,오후 5:18:21.9,10.74,44.1,7.17
577,9,오후 5:18:26.9,10.87,44.91,8.41
578,9,오후 5:18:31.9,10.73,44.39,8.68
579,9,오후 5:18:36.9,10.67,45.68,8.15
580,9,오후 5:18:41.9,10.98,45.14,7.92
581,9,오후 5:18:46.9,9.74,44.74,7.94
582,9,오후 5:18:52.0,9.58,44.55,7.81
583,9,오후 5:18:57.0,10.27,46.86,7.21
584,9,오후 5:19:02.0,10.68,44.35,8.24
585,9,오후 5:19:07.0,9.64,43.31,8.41
586,9,오후 5:19:12.0,10.14,45.83,8.27
587,9,오후 5:19:17.0,9.75,46.16,8.06
588,9,오후 5:19:22.0,10.73,46.09,8.97
589,9,오후 5:19:27.0,10.36,46.08,8.74
590,9,오후 5:19:32.0,10.25,45.33,7.47
591,9,오후 5:19:37.0,9.72,44.1,7.81
592,9,오후 5:19:42.0,9.59,46.1,7.32
593,9,오후 5:19:47.0,9.91,45.0,8.44
594,9,오후 5:19:52.0,10.05,44.92,7.31
595,9,오후 5:19:57.0,9.59,43.15,8.49
596,9,오후 5:20:02.0,10.68,46.42,7.19
597,9,오후 5:20:07.0,9.99,43.86,7.62
598,9,오후 5:20:12.0,10.63,44.6,8.52
599,9,오후 5:20:17.0,10.63,43.63,7.42
600,9,오후 5:20:22.0,10.8,42.81,7.88
601,9,오후 5:20:27.0,10.13,46.65,8.23
602,9,오후 5:20:32.0,10.4,45.79,8.43
603,9,오후 5:20:37.0,9.57,43.53,8.71
604,9,오후 5:20:42.0,9.69,44.65,7.9
605,9,오후 5:20:47.0,10.89,44.15,8.37
606,9,오후 5:20:52.1,10.52,42.27,8.19
607,9,오후 5:20:57.1,9.97,47.3,7.29
608,9,오후 5:21:02.1,10.91,47.49,8.83
609,9,오후 5:21:07.1,10.69,44.86,7.51
610,9,오후 5:21:12.1,10.77,45.6,8.77
611,9,오후 5:21:17.1,9.78,43.43,8.78
612,9,오후 5:21:22.1,10.18,44.55,7.33
613,9,오후 5:21:27.1,9.62,47.56,8.92
614,9,오후 5:21:32.1,10.44,44.85,7.73
615,9,오후 5:21:37.1,10.16,47.32,7.49
616,9,오후 5:21:42.1,10.59,43.95,7.73
617,9,오후 5:21:47.1,9.93,43.71,7.17
618,9,오후 5:21:52.1,9.6,43.7,7.82
619,9,오후 5:21:57.1,9.86,45.87,7.34
620,9,오후 5:22:02.1,10.64,44.89,8.52
621,9,오후 5:22:07.1,9.64,46.64,8.19
622,10,오후 5:22:32.3,9.93,42.95,7.46
623,10,오후 5:22:37.3,10.17,47.05,7.64
624,10,오후 5:22:42.3,10.28,44.68,7.95
625,10,오후 5:22:47.3,10.69,43.41,8.34
626,10,오후 5:22:52.3,10.62,47.94,8.87
627,10,오후 5:22:57.3,10.6,44.03,7.93
628,10,오후 5:23:02.3,10.44,47.7,5.95
629,10,오후 5:23:07.3,10.28,45.82,7.7
630,10,오후 5:23:12.3,10.98,44.54,7.94
631,10,오후 5:23:17.3,9.78,45.94,8.56
632,10,오후 5:23:22.4,10.98,42.81,8.86
633,10,오후 5:23:27.4,11.53,46.3,7.3
634,10,오후 5:23:32.4,10.46,42.42,8.53
635,10,오후 5:23:37.4,10.0,42.83,7.73
636,10,오후 5:23:42.4,10.67,43.21,7.68
637,10,오후 5:23:47.4,9.72,43.58,7.13
638,10,오후 5:23:52.4,10.45,42.82,8.54
639,10,오후 5:23:57.4,10.56,47.53,7.11
640,10,오후 5:24:02.4,10.09,46.41,8.35
641,10,오후 5:24:07.4,10.57,46.55,8.37
642,10,오후 5:24:12.4,10.04,47.77,8.76
643,10,오후 5:24:17.4,9.67,45.54,8.93
644,10,오후 5:24:22.4,10.1,47.36,7.6
645,10,오후 5:24:27.4,9.77,44.44,8.54
646,10,오후 5:24:32.4,9.54,42.03,7.02
647,10,오후 5:24:37.4,10.35,43.98,7.46
648,10,오후 5:24:42.4,10.61,46.32,7.89
649,10,오후 5:24:47.4,9.88,47.37,7.49
650,10,오후 5:24:52.4,10.65,46.96,8.47
651,10,오후 5:24:57.4,10.31,45.75,7.46
652,10,오후 5:25:02.4,9.96,44.4,8.51
653,10,오후 5:25:07.4,10.49,43.05,8.47
654,10,오후 5:25:12.5,9.93,46.77,7.98
655,10,오후 5:25:17.5,10.51,45.45,7.56
656,10,오후 5:25:22.5,9.96,43.93,8.4
657,10,오후 5:25:27.5,9.96,47.21,8.9
658,10,오후 5:25:32.5,10.99,47.49,8.46
659,10,오후 5:25:37.5,10.17,46.64,8.33
660,10,오후 5:25:42.5,9.62,44.07,7.78
661,10,오후 5:25:47.5,10.73,45.34,8.29
662,10,오후 5:25:52.5,9.57,44.23,7.03
663,10,오후 5:25:57.5,10.51,46.37,7.83
664,10,오후 5:26:02.5,11.78,47.32,8.56
665,10,오후 5:26:07.5,10.73,43.13,7.02
666,10,오후 5:26:12.5,10.43,44.77,7.18
667,10,오후 5:26:17.5,9.79,45.95,8.19
668,10,오후 5:26:22.5,10.58,44.18,8.51
669,10,오후 5:26:27.5,10.19,43.5,7.6
670,10,오후 5:26:32.5,10.4,43.08,8.28
671,10,오후 5:26:37.5,9.57,43.86,8.94
672,10,오후 5:26:42.5,10.73,46.66,8.57
673,10,오후 5:26:47.5,10.06,46.55,8.94
674,10,오후 5:26:52.5,10.35,45.06,8.79
675,10,오후 5:26:57.5,9.89,43.09,8.64
676,10,오후 5:27:02.6,10.37,42.84,7.38
677,10,오후 5:27:07.6,10.89,46.44,8.46
678,10,오후 5:27:12.6,10.75,45.04,8.64
679,10,오후 5:27:17.6,10.63,43.93,7.02
680,10,오후 5:27:22.6,10.64,44.13,8.12
681,10,오후 5:27:27.6,10.36,43.76,7.73
682,10,오후 5:27:32.6,9.51,45.75,8.49
683,10,오후 5:27:37.6,9.95,46.22,7.9
684,10,오후 5:27:42.6,10.3,44.91,8.89
685,10,오후 5:27:47.6,9.57,44.03,8.43
686,10,오후 5:27:52.6,10.36,44.4,8.92
687,10,오후 5:27:57.6,9.72,42.96,8.23
688,10,오후 5:28:02.6,10.87,47.22,8.65
689,10,오후 5:28:07.6,9.85,44.88,8.25
690,10,오후 5:28:12.6,10.46,42.83,8.47
691,11,오후 5:28:40.4,10.0,44.75,8.7
692,11,오후 5:28:45.4,10.18,44.88,7.45
693,11,오후 5:28:50.4,10.22,47.9,7.42
694,11,오후 5:28:55.4,10.99,42.19,8.34
695,11,오후 5:29:00.4,10.37,44.18,7.01
696,11,오후 5:29:05.4,10.8,45.16,8.53
697,11,오후 5:29:10.4,10.08,45.67,8.72
698,11,오후 5:29:15.4,10.51,43.2,8.67
699,11,오후 5:29:20.4,10.1,45.35,7.78
700,11,오후 5:29:25.4,10.61,43.97,8.18
701,11,오후 5:29:30.4,10.14,44.81,8.53
702,11,오후 5:29:35.4,9.67,45.89,7.89
703,11,오후 5:29:40.4,10.71,44.4,8.5
704,11,오후 5:29:45.4,10.37,46.96,7.3
705,11,오후 5:29:50.5,10.24,47.09,8.05
706,11,오후 5:29:55.5,9.66,42.21,7.69
707,11,오후 5:30:00.5,10.76,43.16,8.51
708,11,오후 5:30:05.5,10.17,44.75,7.94
709,11,오후 5:30:10.5,10.45,45.55,7.24
710,11,오후 5:30:15.5,10.42,44.41,7.52
711,11,오후 5:30:20.5,10.73,46.88,8.05
712,11,오후 5:30:25.5,10.02,46.95,7.7
713,11,오후 5:30:30.5,10.05,44.81,8.37
714,11,오후 5:30:35.5,10.11,46.3,8.35
715,11,오후 5:30:40.5,10.84,44.42,8.93
716,11,오후 5:30:45.5,9.82,43.57,7.85
717,11,오후 5:30:50.5,10.15,42.63,7.41
718,11,오후 5:30:55.5,9.78,44.0,8.57
719,11,오후 5:31:00.5,10.38,44.2,7.38
720,11,오후 5:31:05.5,10.91,44.4,8.65
721,11,오후 5:31:10.5,10.39,46.82,8.47
722,11,오후 5:31:15.5,10.37,43.22,8.63
723,11,오후 5:31:20.5,10.38,46.38,7.94
724,11,오후 5:31:25.5,10.67,46.09,7.44
725,11,오후 5:31:30.5,10.41,43.7,8.52
726,11,오후 5:31:35.5,9.53,46.4,8.87
727,11,오후 5:31:40.6,10.88,46.63,7.3
728,11,오후 5:31:45.6,10.54,45.22,8.19
729,11,오후 5:31:50.6,9.66,44.69,7.07
730,11,오후 5:31:55.6,10.37,45.98,8.46
731,11,오후 5:32:00.6,9.58,46.95,7.55
732,11,오후 5:32:05.6,10.07,45.94,8.64
733,11,오후 5:32:10.6,10.76,42.94,7.06
734,11,오후 5:32:15.6,10.54,43.69,8.31
735,11,오후 5:32:20.6,10.06,46.81,8.59
736,11,오후 5:32:25.6,10.6,47.08,7.88
737,11,오후 5:32:30.6,10.17,46.31,8.43
738,11,오후 5:32:35.6,10.56,44.67,8.68
739,11,오후 5:32:40.6,9.76,47.99,7.51
740,11,오후 5:32:45.6,10.48,46.64,7.77
741,11,오후 5:32:50.6,9.64,46.17,8.21
742,11,오후 5:32:55.6,10.47,45.79,8.16
743,11,오후 5:33:00.6,9.95,42.67,8.07
744,11,오후 5:33:05.6,9.82,45.06,7.98
745,11,오후 5:33:10.6,10.31,44.53,7.74
746,11,오후 5:33:15.6,10.2,43.42,7.33
747,11,오후 5:33:20.6,9.51,44.07,8.66
748,11,오후 5:33:25.6,10.03,44.07,8.41
749,11,오후 5:33:30.7,10.81,45.11,8.57
750,11,오후 5:33:35.7,10.99,46.34,7.24
751,11,오후 5:33:40.7,10.6,46.17,8.13
752,11,오후 5:33:45.7,9.92,45.23,8.65
753,11,오후 5:33:50.7,10.96,47.29,8.85
754,11,오후 5:33:55.7,10.05,47.55,8.61
755,11,오후 5:34:00.7,10.95,43.29,8.81
756,11,오후 5:34:05.7,10.12,45.3,8.22
757,11,오후 5:34:10.7,10.96,43.55,8.06
758,11,오후 5:34:15.7,10.92,45.73,7.69
759,11,오후 5:34:20.7,10.37,44.38,7.7
760,12,오후 5:34:48.4,10.98,43.3,7.28
761,12,오후 5:34:53.4,9.87,45.62,7.2
762,12,오후 5:34:58.5,10.68,45.95,8.43
763,12,오후 5:35:03.5,10.44,44.75,8.36
764,12,오후 5:35:08.5,10.59,47.0,7.89
765,12,오후 5:35:13.5,10.58,47.02,7.72
766,12,오후 5:35:18.5,10.49,47.28,8.7
767,12,오후 5:35:23.5,10.94,47.84,8.93
768,12,오후 5:35:28.5,10.3,42.09,7.37
769,12,오후 5:35:33.5,10.13,45.05,7.46
770,12,오후 5:35:38.5,10.37,42.72,6.24
771,12,오후 5:35:43.5,10.06,45.38,7.32
772,12,오후 5:35:48.5,9.97,43.64,7.65
773,12,오후 5:35:53.5,10.46,44.54,8.32
774,12,오후 5:35:58.5,10.23,45.28,7.67
775,12,오후 5:36:03.5,9.58,46.31,8.66
776,12,오후 5:36:08.5,10.12,42.71,8.5
777,12,오후 5:36:13.5,10.57,45.19,8.46
778,12,오후 5:36:18.5,10.3,47.84,8.24
779,12,오후 5:36:23.5,9.66,43.47,8.44
780,12,오후 5:36:28.6,10.36,47.69,7.09
781,12,오후 5:36:33.6,10.01,46.54,8.04
782,12,오후 5:36:38.6,9.78,45.06,8.78
783,12,오후 5:36:43.6,9.73,43.84,7.34
784,12,오후 5:36:48.6,9.77,43.94,8.13
785,12,오후 5:36:53.6,9.92,46.71,8.89
786,12,오후 5:36:58.6,10.17,44.1,7.03
787,12,오후 5:37:03.6,10.07,47.67,8.22
788,12,오후 5:37:08.6,9.6,43.62,8.43
789,12,오후 5:37:13.6,9.79,44.73,7.26
790,12,오후 5:37:18.6,10.6,47.21,8.64
791,12,오후 5:37:23.6,10.97,47.0,7.61
792,12,오후 5:37:28.6,9.7,46.81,8.02
793,12,오후 5:37:33.6,9.7,46.36,7.84
794,12,오후 5:37:38.6,9.64,44.3,8.47
795,12,오후 5:37:43.6,10.16,45.0,7.66
796,12,오후 5:37:48.6,9.65,47.68,8.76
797,12,오후 5:37:53.6,10.08,45.74,8.23
798,12,오후 5:37:58.6,10.48,46.15,8.9
799,12,오후 5:38:03.6,10.76,44.16,7.92
800,12,오후 5:38:08.6,10.8,46.41,7.83
801,12,오후 5:38:13.7,9.96,46.08,8.64
802,12,오후 5:38:18.7,9.74,45.3,8.65
803,12,오후 5:38:23.7,10.83,45.91,8.72
804,12,오후 5:38:28.7,10.46,45.04,7.36
805,12,오후 5:38:33.7,10.0,45.9,7.79
806,12,오후 5:38:38.7,10.08,43.28,7.02
807,12,오후 5:38:43.7,9.67,47.82,8.82
808,12,오후 5:38:48.7,10.36,43.13,7.13
809,12,오후 5:38:53.7,9.69,44.11,7.19
810,12,오후 5:38:58.7,10.6,46.23,8.03
811,12,오후 5:39:03.7,9.61,42.88,8.5
812,12,오후 5:39:08.7,10.74,43.79,8.65
813,12,오후 5:39:13.7,10.72,44.92,8.7
814,12,오후 5:39:18.7,10.51,44.14,7.23
815,12,오후 5:39:23.7,10.15,45.49,8.87
816,12,오후 5:39:28.7,10.6,47.73,7.76
817,12,오후 5:39:33.7,10.67,46.3,8.16
818,12,오후 5:39:38.7,10.43,43.53,8.79
819,12,오후 5:39:43.7,9.88,47.43,8.52
820,12,오후 5:39:48.7,11.48,44.54,7.42
821,12,오후 5:39:53.7,10.25,46.53,8.79
822,12,오후 5:39:58.7,10.59,44.45,8.03
823,12,오후 5:40:03.7,10.4,50.12,8.37
824,12,오후 5:40:08.7,10.0,44.49,8.13
825,12,오후 5:40:13.8,9.9,46.29,7.04
826,12,오후 5:40:18.8,10.03,47.42,7.33
827,12,오후 5:40:23.8,10.9,44.71,7.51
828,12,오후 5:40:28.8,10.93,44.04,8.42
829,13,오후 5:40:55.1,9.91,46.79,7.45
830,13,오후 5:41:00.1,10.78,46.47,7.61
831,13,오후 5:41:05.1,10.91,47.04,8.55
832,13,오후 5:41:10.1,10.64,46.5,8.7
833,13,오후 5:41:15.1,10.33,46.15,7.09
834,13,오후 5:41:20.1,9.79,44.12,7.01
835,13,오후 5:41:25.1,10.13,43.43,8.51
836,13,오후 5:41:30.1,9.67,47.13,8.04
837,13,오후 5:41:35.1,10.59,46.89,7.43
838,13,오후 5:41:40.1,9.99,45.56,8.31
839,13,오후 5:41:45.1,9.77,47.1,8.17
840,13,오후 5:41:50.1,9.75,44.42,7.51
841,13,오후 5:41:55.1,10.31,43.58,8.57
842,13,오후 5:42:00.1,10.18,46.12,7.43
843,13,오후 5:42:05.1,9.63,44.26,8.55
844,13,오후 5:42:10.1,10.61,42.73,8.63
845,13,오후 5:42:15.2,10.2,45.12,8.07
846,13,오후 5:42:20.2,10.82,46.67,8.58
847,13,오후 5:42:25.2,10.68,42.38,7.77
848,13,오후 5:42:30.2,9.53,42.02,8.9
849,13,오후 5:42:35.2,9.55,45.29,7.57
850,13,오후 5:42:40.2,9.77,45.5,7.99
851,13,오후 5:42:45.2,9.61,43.87,8.95
852,13,오후 5:42:50.2,9.92,46.26,8.63
853,13,오후 5:42:55.2,10.8,46.84,7.86
854,13,오후 5:43:00.2,10.73,43.57,8.66
855,13,오후 5:43:05.2,9.71,47.64,7.64
856,13,오후 5:43:10.2,10.05,46.39,8.49
857,13,오후 5:43:15.2,10.63,42.16,7.65
858,13,오후 5:43:20.2,10.02,43.84,7.16
859,13,오후 5:43:25.2,10.32,45.02,8.21
860,13,오후 5:43:30.2,9.73,42.32,7.11
861,13,오후 5:43:35.2,10.13,45.39,8.2
862,13,오후 5:43:40.2,9.81,44.76,8.61
863,13,오후 5:43:45.2,10.51,42.54,8.24
864,13,오후 5:43:50.2,10.8,46.77,8.81
865,13,오후 5:43:55.3,10.48,47.57,7.77
866,13,오후 5:44:00.3,9.69,43.82,8.62
867,13,오후 5:44:05.3,9.98,46.6,8.63
868,13,오후 5:44:10.3,10.42,45.0,8.16
869,13,오후 5:44:15.3,11.36,43.75,5.99
870,13,오후 5:44:20.3,9.6,44.98,8.93
871,13,오후 5:44:25.3,10.19,46.43,7.58
872,13,오후 5:44:30.3,9.55,47.55,7.52
873,13,오후 5:44:35.3,10.74,42.38,8.2
874,13,오후 5:44:40.3,9.72,44.94,7.42
875,13,오후 5:44:45.3,9.82,45.53,7.32
876,13,오후 5:44:50.3,10.36,42.11,7.6
877,13,오후 5:44:55.3,10.62,44.06,8.85
878,13,오후 5:45:00.3,9.62,43.55,7.77
879,13,오후 5:45:05.3,10.22,45.21,8.19
880,13,오후 5:45:10.3,10.06,42.48,7.82
881,13,오후 5:45:15.3,10.35,45.08,7.03
882,13,오후 5:45:20.3,10.54,47.11,7.69
883,13,오후 5:45:25.3,10.36,46.06,8.79
884,13,오후 5:45:30.3,10.89,42.45,8.52
885,13,오후 5:45:35.3,9.95,42.85,8.34
886,13,오후 5:45:40.4,10.33,46.41,7.86
887,13,오후 5:45:45.4,9.61,45.42,8.36
888,13,오후 5:45:50.4,9.95,43.11,7.97
889,13,오후 5:45:55.4,10.52,44.78,7.89
890,13,오후 5:46:00.4,10.91,43.95,7.83
891,13,오후 5:46:05.4,10.83,45.95,7.43
892,13,오후 5:46:10.4,10.96,43.66,7.48
893,13,오후 5:46:15.4,10.61,43.13,8.14
894,13,오후 5:46:20.4,10.94,45.25,7.69
895,13,오후 5:46:25.4,10.17,43.96,7.59
896,13,오후 5:46:30.4,9.83,44.75,8.33
897,13,오후 5:46:35.4,10.69,42.31,7.13
898,14,오후 5:47:03.0,9.86,46.44,8.09
899,14,오후 5:47:08.0,10.68,44.5,7.78
900,14,오후 5:47:13.0,10.33,43.99,7.03
901,14,오후 5:47:18.0,10.23,43.25,7.8
902,14,오후 5:47:23.1,10.91,45.19,8.11
903,14,오후 5:47:28.1,9.88,46.46,7.68
904,14,오후 5:47:33.1,9.85,44.59,8.93
905,14,오후 5:47:38.1,10.78,46.53,7.09
906,14,오후 5:47:43.1,9.56,45.58,8.36
907,14,오후 5:47:48.1,9.82,44.27,6.4
908,14,오후 5:47:53.1,10.27,46.78,8.67
909,14,오후 5:47:58.1,10.63,47.11,8.46
910,14,오후 5:48:03.1,10.9,44.86,7.98
911,14,오후 5:48:08.1,9.87,42.55,7.16
912,14,오후 5:48:13.1,10.73,46.16,7.01
913,14,오후 5:48:18.1,10.33,47.16,8.15
914,14,오후 5:48:23.1,9.81,43.44,7.51
915,14,오후 5:48:28.1,10.42,45.11,8.56
916,14,오후 5:48:33.1,9.57,44.56,7.26
917,14,오후 5:48:38.1,10.18,45.06,8.12
918,14,오후 5:48:43.1,9.87,42.36,7.83
919,14,오후 5:48:48.1,9.82,46.37,7.24
920,14,오후 5:48:53.1,10.32,43.53,8.01
921,14,오후 5:48:58.1,10.08,44.44,7.62
922,14,오후 5:49:03.2,10.23,44.17,7.03
923,14,오후 5:49:08.2,10.74,43.0,7.27
924,14,오후 5:49:13.2,10.87,44.77,8.35
925,14,오후 5:49:18.2,10.48,46.36,8.22
926,14,오후 5:49:23.2,9.56,45.81,7.33
927,14,오후 5:49:28.2,9.96,42.75,7.48
928,14,오후 5:49:33.2,9.52,45.74,7.63
929,14,오후 5:49:38.2,10.27,46.63,7.84
930,14,오후 5:49:43.2,10.59,42.67,7.19
931,14,오후 5:49:48.2,10.93,47.59,7.06
932,14,오후 5:49:53.2,9.85,46.61,8.99
933,14,오후 5:49:58.2,10.89,47.75,8.38
934,14,오후 5:50:03.2,10.88,47.26,8.35
935,14,오후 5:50:08.2,10.49,44.79,8.72
936,14,오후 5:50:13.2,10.93,45.11,7.04
937,14,오후 5:50:18.2,10.24,44.19,8.46
938,14,오후 5:50:23.2,10.63,45.36,7.03
939,14,오후 5:50:28.2,10.55,47.04,7.71
940,14,오후 5:50:33.2,10.18,45.77,8.82
941,14,오후 5:50:38.3,10.18,45.1,8.13
942,14,오후 5:50:43.3,10.92,43.44,7.67
943,14,오후 5:50:48.3,10.77,43.63,8.63
944,14,오후 5:50:53.3,10.75,44.3,8.58
945,14,오후 5:50:58.3,10.58,43.42,7.37
946,14,오후 5:51:03.3,10.87,47.99,7.78
947,14,오후 5:51:08.3,10.23,46.53,8.64
948,14,오후 5:51:13.3,9.94,44.59,7.1
949,14,오후 5:51:18.3,10.53,42.54,8.45
950,14,오후 5:51:23.3,9.94,45.88,7.02
951,14,오후 5:51:28.3,9.99,44.18,7.68
952,14,오후 5:51:33.3,10.09,46.4,7.52
953,14,오후 5:51:38.3,10.79,45.52,6.28
954,14,오후 5:51:43.3,10.77,43.18,8.49
955,14,오후 5:51:48.3,10.7,45.41,8.56
956,14,오후 5:51:53.3,9.72,43.47,8.07
957,14,오후 5:51:58.3,10.11,46.0,7.7
958,14,오후 5:52:03.3,9.64,44.59,7.16
959,14,오후 5:52:08.3,10.73,43.06,7.21
960,14,오후 5:52:13.3,9.89,45.35,8.1
961,14,오후 5:52:18.3,9.67,43.82,8.06
962,14,오후 5:52:23.3,10.29,45.61,8.31
963,14,오후 5:52:28.4,10.4,43.72,7.87
964,14,오후 5:52:33.4,10.14,44.54,8.11
965,14,오후 5:52:38.4,9.79,47.07,7.17
966,14,오후 5:52:43.4,10.01,42.84,8.99
967,15,오후 5:53:11.4,10.05,47.78,7.86
968,15,오후 5:53:16.4,10.43,45.39,5.62
969,15,오후 5:53:21.4,10.72,47.19,7.21
970,15,오후 5:53:26.4,10.85,43.84,7.2
971,15,오후 5:53:31.4,10.18,44.44,7.59
972,15,오후 5:53:36.4,10.7,45.01,8.45
973,15,오후 5:53:41.4,10.89,45.95,8.83
974,15,오후 5:53:46.4,10.23,46.45,8.03
975,15,오후 5:53:51.4,10.07,43.66,8.13
976,15,오후 5:53:56.4,10.81,43.96,7.34
977,15,오후 5:54:01.4,9.6,47.42,8.43
978,15,오후 5:54:06.4,9.54,44.44,7.12
979,15,오후 5:54:11.4,10.41,44.48,8.07
980,15,오후 5:54:16.4,10.95,47.7,8.17
981,15,오후 5:54:21.4,10.41,46.97,7.84
982,15,오후 5:54:26.4,9.51,45.59,8.6
983,15,오후 5:54:31.4,9.67,43.35,7.62
984,15,오후 5:54:36.4,10.45,45.51,7.75
985,15,오후 5:54:41.4,10.47,46.27,7.68
986,15,오후 5:54:46.5,10.84,44.03,8.54
987,15,오후 5:54:51.5,10.57,42.95,7.19
988,15,오후 5:54:56.5,10.58,42.29,8.48
989,15,오후 5:55:01.5,10.6,47.35,7.13
990,15,오후 5:55:06.5,9.94,45.39,8.89
991,15,오후 5:55:11.5,9.67,47.06,7.2
992,15,오후 5:55:16.5,9.93,47.75,8.16
993,15,오후 5:55:21.5,9.56,47.89,7.23
994,15,오후 5:55:26.5,10.69,47.77,8.12
995,15,오후 5:55:31.5,9.68,46.27,7.27
996,15,오후 5:55:36.5,10.85,44.76,7.72
997,15,오후 5:55:41.5,10.47,44.06,8.95
998,15,오후 5:55:46.5,10.86,44.74,7.63
999,15,오후 5:55:51.5,10.26,43.61,7.62
1000,15,오후 5:55:56.5,10.18,46.72,7.22
1001,15,오후 5:56:01.5,10.85,44.35,8.96
1002,15,오후 5:56:06.5,10.96,45.58,8.64
1003,15,오후 5:56:11.5,10.39,45.87,8.77
1004,15,오후 5:56:16.5,10.59,47.1,8.34
1005,15,오후 5:56:21.5,10.74,46.93,8.32
1006,15,오후 5:56:26.5,10.23,43.19,8.74
1007,15,오후 5:56:31.5,10.98,47.17,7.14
1008,15,오후 5:56:36.5,10.05,44.16,8.79
1009,15,오후 5:56:41.6,10.27,43.95,7.55
1010,15,오후 5:56:46.6,9.74,46.01,7.31
1011,15,오후 5:56:51.6,10.75,47.96,8.3
1012,15,오후 5:56:56.6,9.9,43.28,7.83
1013,15,오후 5:57:01.6,9.93,45.39,8.22
1014,15,오후 5:57:06.6,9.78,42.37,7.46
1015,15,오후 5:57:11.6,9.85,44.62,7.62
1016,15,오후 5:57:16.6,10.62,46.38,7.89
1017,15,오후 5:57:21.6,9.68,46.59,7.04
1018,15,오후 5:57:26.6,9.82,43.83,8.85
1019,15,오후 5:57:31.6,10.83,44.81,8.71
1020,15,오후 5:57:36.6,9.59,47.95,7.25
1021,15,오후 5:57:41.6,10.09,45.16,8.71
1022,15,오후 5:57:46.6,11.32,47.85,8.76
1023,15,오후 5:57:51.6,11.86,46.39,7.34
1024,15,오후 5:57:56.6,10.66,45.72,7.17
1025,15,오후 5:58:01.6,9.62,46.12,8.72
1026,15,오후 5:58:06.7,10.84,43.77,8.46
1027,15,오후 5:58:11.7,10.95,46.25,7.47
1028,15,오후 5:58:16.7,10.85,44.01,8.25
1029,15,오후 5:58:21.7,9.94,43.98,7.99
1030,15,오후 5:58:26.7,9.93,47.19,8.69
1031,15,오후 5:58:31.7,10.6,47.57,8.67
1032,15,오후 5:58:36.7,10.98,43.93,7.02
1033,15,오후 5:58:41.7,10.05,42.81,8.29
1034,15,오후 5:58:46.7,10.15,47.57,7.86
1035,15,오후 5:58:51.7,10.26,45.2,8.43
1036,16,오후 5:59:17.6,10.2,47.96,7.72
1037,16,오후 5:59:22.6,10.39,46.84,7.58
1038,16,오후 5:59:27.6,10.25,47.12,7.59
1039,16,오후 5:59:32.6,10.8,44.23,7.74
1040,16,오후 5:59:37.6,10.77,44.06,8.3
1041,16,오후 5:59:42.6,11.26,47.31,8.57
1042,16,오후 5:59:47.6,9.52,45.88,7.62
1043,16,오후 5:59:52.6,10.09,46.55,8.35
1044,16,오후 5:59:57.6,10.26,47.99,8.17
1045,16,오후 6:00:02.6,10.01,45.08,7.71
1046,16,오후 6:00:07.6,9.87,47.46,7.85
1047,16,오후 6:00:12.7,10.21,42.41,8.29
1048,16,오후 6:00:17.7,9.97,42.38,8.57
1049,16,오후 6:00:22.7,10.18,43.68,8.0
1050,16,오후 6:00:27.7,10.2,44.86,7.82
1051,16,오후 6:00:32.7,9.71,46.35,8.2
1052,16,오후 6:00:37.7,9.79,44.78,7.92
1053,16,오후 6:00:42.7,9.82,43.48,8.98
1054,16,오후 6:00:47.7,10.75,43.7,8.64
1055,16,오후 6:00:52.7,10.29,42.11,8.68
1056,16,오후 6:00:57.7,11.37,43.04,5.97
1057,16,오후 6:01:02.7,10.19,42.88,8.26
1058,16,오후 6:01:07.7,10.82,45.17,8.79
1059,16,오후 6:01:12.7,9.84,47.45,7.22
1060,16,오후 6:01:17.7,10.61,46.75,7.11
1061,16,오후 6:01:22.7,10.92,45.38,8.54
1062,16,오후 6:01:27.7,9.57,45.75,8.4
1063,16,오후 6:01:32.7,10.99,43.91,8.89
1064,16,오후 6:01:37.7,10.33,47.14,7.28
1065,16,오후 6:01:42.7,10.32,43.64,7.09
1066,16,오후 6:01:47.7,10.19,45.7,8.18
1067,16,오후 6:01:52.7,10.22,43.98,7.53
1068,16,오후 6:01:57.7,10.73,44.86,7.63
1069,16,오후 6:02:02.8,10.3,45.93,8.01
1070,16,오후 6:02:07.8,9.78,43.07,7.39
1071,16,오후 6:02:12.8,9.68,42.63,8.8
1072,16,오후 6:02:17.8,10.56,47.23,7.67
1073,16,오후 6:02:22.8,10.94,44.01,8.33
1074,16,오후 6:02:27.8,9.93,47.23,8.08
1075,16,오후 6:02:32.8,10.11,43.81,7.28
1076,16,오후 6:02:37.8,10.93,44.51,7.73
1077,16,오후 6:02:42.8,9.68,46.57,7.31
1078,16,오후 6:02:47.8,9.54,46.07,7.31
1079,16,오후 6:02:52.8,10.66,44.09,7.82
1080,16,오후 6:02:57.8,9.93,42.92,7.29
1081,16,오후 6:03:02.8,10.58,43.09,7.51
1082,16,오후 6:03:07.8,9.86,47.68,7.55
1083,16,오후 6:03:12.8,10.2,46.22,8.69
1084,16,오후 6:03:17.8,10.22,46.02,8.97
1085,16,오후 6:03:22.8,9.55,45.02,8.73
1086,16,오후 6:03:27.9,9.88,45.38,7.88
1087,16,오후 6:03:32.9,10.39,45.83,8.92
1088,16,오후 6:03:37.9,10.36,47.14,7.18
1089,16,오후 6:03:42.9,10.17,43.65,7.17
1090,16,오후 6:03:47.9,10.92,45.94,7.06
1091,16,오후 6:03:52.9,9.71,42.57,7.67
1092,16,오후 6:03:57.9,9.63,42.41,8.42
1093,16,오후 6:04:02.9,10.09,45.28,8.23
1094,16,오후 6:04:07.9,9.98,45.32,8.38
1095,16,오후 6:04:12.9,10.13,46.12,8.54
1096,16,오후 6:04:17.9,10.6,47.77,7.83
1097,16,오후 6:04:22.9,10.82,47.67,7.69
1098,16,오후 6:04:27.9,9.81,45.43,8.51
1099,16,오후 6:04:32.9,9.81,47.55,7.61
1100,16,오후 6:04:37.9,9.87,45.51,8.86
1101,16,오후 6:04:42.9,10.32,47.07,7.09
1102,16,오후 6:04:47.9,10.57,47.01,7.33
1103,16,오후 6:04:52.9,10.87,44.28,8.73
1104,16,오후 6:04:57.9,10.03,44.27,8.98
1105,17,오후 6:05:24.9,10.49,44.55,8.24
1106,17,오후 6:05:29.9,10.07,43.1,8.89
1107,17,오후 6:05:34.9,9.56,44.91,8.79
1108,17,오후 6:05:39.9,10.57,45.16,7.8
1109,17,오후 6:05:44.9,10.38,42.15,8.74
1110,17,오후 6:05:49.9,10.79,43.59,7.26
1111,17,오후 6:05:54.9,9.51,42.24,7.27
1112,17,오후 6:05:59.9,10.39,46.7,7.23
1113,17,오후 6:06:04.9,10.63,45.56,8.04
1114,17,오후 6:06:10.0,10.83,46.73,7.77
1115,17,오후 6:06:15.0,10.09,47.38,7.2
1116,17,오후 6:06:20.0,9.68,47.08,7.18
1117,17,오후 6:06:25.0,9.68,45.1,8.42
1118,17,오후 6:06:30.0,10.27,43.69,8.7
1119,17,오후 6:06:35.0,10.55,44.06,7.65
1120,17,오후 6:06:40.0,9.68,45.31,8.97
1121,17,오후 6:06:45.0,10.63,44.45,7.34
1122,17,오후 6:06:50.0,10.97,47.96,8.48
1123,17,오후 6:06:55.0,10.51,45.98,7.35
1124,17,오후 6:07:00.0,9.71,43.38,7.22
1125,17,오후 6:07:05.0,10.45,46.98,8.37
1126,17,오후 6:07:10.0,9.92,46.49,7.91
1127,17,오후 6:07:15.0,10.67,43.11,7.45
1128,17,오후 6:07:20.0,10.16,47.16,7.07
1129,17,오후 6:07:25.0,9.64,46.8,8.19
1130,17,오후 6:07:30.0,9.92,44.5,7.31
1131,17,오후 6:07:35.0,9.59,42.25,7.68
1132,17,오후 6:07:40.1,10.37,45.6,8.26
1133,17,오후 6:07:45.1,10.16,43.3,8.83
1134,17,오후 6:07:50.1,10.47,44.52,8.66
1135,17,오후 6:07:55.1,9.69,43.23,7.63
1136,17,오후 6:08:00.1,10.61,44.18,8.4
1137,17,오후 6:08:05.1,9.61,47.04,7.03
1138,17,오후 6:08:10.1,10.78,46.03,7.98
1139,17,오후 6:08:15.1,9.82,44.86,8.93
1140,17,오후 6:08:20.1,9.99,47.44,8.49
1141,17,오후 6:08:25.1,10.31,46.71,7.47
1142,17,오후 6:08:30.1,10.15,47.72,7.81
1143,17,오후 6:08:35.1,10.77,44.46,7.16
1144,17,오후 6:08:40.1,10.93,44.84,7.6
1145,17,오후 6:08:45.1,10.56,46.48,8.91
1146,17,오후 6:08:50.1,9.94,47.17,7.46
1147,17,오후 6:08:55.1,10.07,45.91,7.8
1148,17,오후 6:09:00.1,10.44,46.08,7.5
1149,17,오후 6:09:05.1,10.4,43.67,7.82
1150,17,오후 6:09:10.1,10.75,44.8,8.13
1151,17,오후 6:09:15.2,10.81,46.21,8.8
1152,17,오후 6:09:20.2,9.77,47.54,7.65
1153,17,오후 6:09:25.2,10.01,42.39,7.75
1154,17,오후 6:09:30.2,9.72,44.27,8.91
1155,17,오후 6:09:35.2,10.85,45.51,8.18
1156,17,오후 6:09:40.2,10.96,43.65,8.54
1157,17,오후 6:09:45.2,10.56,43.91,8.25
1158,17,오후 6:09:50.2,9.91,43.26,8.93
1159,17,오후 6:09:55.2,10.1,43.54,7.13
1160,17,오후 6:10:00.2,10.57,47.94,7.57
1161,17,오후 6:10:05.2,10.18,44.41,7.6
1162,17,오후 6:10:10.2,9.54,44.18,8.9
1163,17,오후 6:10:15.2,10.67,45.32,8.46
1164,17,오후 6:10:20.2,9.95,43.8,8.74
1165,17,오후 6:10:25.2,10.38,42.46,8.33
1166,17,오후 6:10:30.2,9.87,47.78,8.71
1167,17,오후 6:10:35.2,9.97,47.63,8.0
1168,17,오후 6:10:40.2,9.93,42.34,8.25
1169,17,오후 6:10:45.2,10.56,45.02,7.15
1170,17,오후 6:10:50.2,9.6,47.7,7.92
1171,17,오후 6:10:55.2,9.97,45.15,8.77
1172,17,오후 6:11:00.3,10.96,44.35,7.31
1173,17,오후 6:11:05.3,9.71,44.7,7.33
1174,18,오후 6:11:31.8,9.96,44.09,7.87
1175,18,오후 6:11:36.8,10.69,44.2,8.27
1176,18,오후 6:11:41.8,10.3,46.91,7.03
1177,18,오후 6:11:46.9,10.12,44.03,7.36
1178,18,오후 6:11:51.9,9.59,43.28,8.2
1179,18,오후 6:11:56.9,10.66,46.67,8.86
1180,18,오후 6:12:01.9,10.79,46.6,7.85
1181,18,오후 6:12:06.9,10.99,42.9,8.48
1182,18,오후 6:12:11.9,9.66,45.74,7.55
1183,18,오후 6:12:16.9,10.98,43.63,8.0
1184,18,오후 6:12:21.9,9.77,43.95,7.49
1185,18,오후 6:12:26.9,9.98,47.79,8.68
1186,18,오후 6:12:31.9,10.12,47.72,7.08
1187,18,오후 6:12:36.9,9.88,42.17,8.69
1188,18,오후 6:12:41.9,9.76,45.39,8.37
1189,18,오후 6:12:46.9,10.87,46.4,8.73
1190,18,오후 6:12:51.9,10.77,43.94,7.86
1191,18,오후 6:12:56.9,9.87,44.01,8.87
1192,18,오후 6:13:01.9,10.59,45.65,8.69
1193,18,오후 6:13:06.9,9.85,46.28,8.39
1194,18,오후 6:13:11.9,10.68,45.19,8.85
1195,18,오후 6:13:16.9,11.9,45.68,7.15
1196,18,오후 6:13:21.9,10.78,46.38,8.93
1197,18,오후 6:13:26.9,9.51,47.12,8.02
1198,18,오후 6:13:32.0,10.69,47.21,8.73
1199,18,오후 6:13:37.0,9.76,44.41,7.63
1200,18,오후 6:13:42.0,9.66,47.22,7.56
1201,18,오후 6:13:47.0,9.84,42.54,7.19
1202,18,오후 6:13:52.0,9.87,47.89,8.86
1203,18,오후 6:13:57.0,10.89,43.01,8.84
1204,18,오후 6:14:02.0,9.74,45.36,8.13
1205,18,오후 6:14:07.0,10.92,46.24,7.96
1206,18,오후 6:14:12.0,10.88,43.26,7.18
1207,18,오후 6:14:17.0,10.27,44.63,7.5
1208,18,오후 6:14:22.0,10.25,47.28,8.18
1209,18,오후 6:14:27.0,10.78,46.46,8.69
1210,18,오후 6:14:32.0,9.71,46.16,8.62
1211,18,오후 6:14:37.0,9.88,46.21,7.08
1212,18,오후 6:14:42.0,10.61,44.14,8.62
1213,18,오후 6:14:47.0,10.42,44.13,7.82
1214,18,오후 6:14:52.0,10.97,43.27,8.05
1215,18,오후 6:14:57.0,9.72,45.66,8.62
1216,18,오후 6:15:02.1,10.1,44.63,7.81
1217,18,오후 6:15:07.1,10.39,45.94,8.83
1218,18,오후 6:15:12.1,10.97,45.3,8.87
1219,18,오후 6:15:17.1,9.52,44.72,7.15
1220,18,오후 6:15:22.1,10.98,44.98,7.7
1221,18,오후 6:15:27.1,9.87,45.67,8.93
1222,18,오후 6:15:32.1,10.4,42.27,7.23
1223,18,오후 6:15:37.1,10.09,45.31,7.67
1224,18,오후 6:15:42.1,10.55,47.21,8.92
1225,18,오후 6:15:47.1,9.86,46.27,7.2
1226,18,오후 6:15:52.1,9.79,44.68,7.33
1227,18,오후 6:15:57.1,10.57,46.28,8.68
1228,18,오후 6:16:02.1,11.9,45.68,7.15
1229,18,오후 6:16:07.1,10.63,47.47,8.3
1230,18,오후 6:16:12.1,9.92,44.31,8.37
1231,18,오후 6:16:17.1,10.47,47.9,8.03
1232,18,오후 6:16:22.1,9.8,47.3,7.49
1233,18,오후 6:16:27.1,10.1,46.63,8.6
1234,18,오후 6:16:32.1,9.97,42.43,7.64
1235,18,오후 6:16:37.1,10.23,45.4,7.75
1236,18,오후 6:16:42.1,10.16,46.2,8.07
1237,18,오후 6:16:47.2,10.56,42.42,8.43
1238,18,오후 6:16:52.2,11.9,45.68,7.15
1239,18,오후 6:16:57.2,10.09,42.9,8.97
1240,18,오후 6:17:02.2,9.86,42.22,7.99
1241,18,오후 6:17:07.2,11.9,45.68,7.15
1242,18,오후 6:17:12.2,9.79,45.78,8.09
1243,19,오후 6:17:38.9,10.57,45.19,8.91
1244,19,오후 6:17:44.0,10.94,45.79,7.26
1245,19,오후 6:17:49.0,10.73,45.62,7.3
1246,19,오후 6:17:54.0,10.1,47.26,7.39
1247,19,오후 6:17:59.0,10.65,43.02,6.45
1248,19,오후 6:18:04.0,10.36,43.83,7.41
1249,19,오후 6:18:09.0,9.64,45.22,8.46
1250,19,오후 6:18:14.0,9.63,43.38,7.8
1251,19,오후 6:18:19.0,10.04,46.63,7.93
1252,19,오후 6:18:24.0,10.28,45.4,7.7
1253,19,오후 6:18:29.0,10.59,46.07,8.45
1254,19,오후 6:18:34.0,10.87,47.73,8.51
1255,19,오후 6:18:39.0,9.63,44.69,7.41
1256,19,오후 6:18:44.0,10.15,47.72,8.86
1257,19,오후 6:18:49.0,9.78,46.69,7.05
1258,19,오후 6:18:54.0,10.4,42.31,7.34
1259,19,오후 6:18:59.0,10.34,42.2,8.41
1260,19,오후 6:19:04.0,9.88,46.71,8.47
1261,19,오후 6:19:09.0,9.86,45.08,7.15
1262,19,오후 6:19:14.1,10.05,43.18,7.87
1263,19,오후 6:19:19.1,9.82,45.99,8.68
1264,19,오후 6:19:24.1,10.76,45.66,8.25
1265,19,오후 6:19:29.1,10.83,45.64,8.52
1266,19,오후 6:19:34.1,9.78,43.95,7.16
1267,19,오후 6:19:39.1,10.92,44.54,7.84
1268,19,오후 6:19:44.1,10.9,44.62,8.91
1269,19,오후 6:19:49.1,9.81,44.01,7.03
1270,19,오후 6:19:54.1,10.62,43.93,8.11
1271,19,오후 6:19:59.1,10.42,45.53,8.86
1272,19,오후 6:20:04.1,10.62,44.32,8.65
1273,19,오후 6:20:09.1,9.75,47.93,8.25
1274,19,오후 6:20:14.1,10.34,42.31,8.64
1275,19,오후 6:20:19.1,9.59,44.53,8.84
1276,19,오후 6:20:24.1,10.03,42.7,7.57
1277,19,오후 6:20:29.1,10.95,42.62,8.1
1278,19,오후 6:20:34.1,9.92,43.22,7.84
1279,19,오후 6:20:39.1,9.79,45.09,7.29
1280,19,오후 6:20:44.1,9.55,42.12,8.01
1281,19,오후 6:20:49.1,10.96,47.34,8.13
1282,19,오후 6:20:54.1,10.8,43.43,7.4
1283,19,오후 6:20:59.2,10.6,43.78,7.99
1284,19,오후 6:21:04.2,10.74,43.17,8.38
1285,19,오후 6:21:09.2,10.3,46.7,8.27
1286,19,오후 6:21:14.2,9.99,47.52,7.32
1287,19,오후 6:21:19.2,10.16,47.14,7.42
1288,19,오후 6:21:24.2,10.24,45.08,8.54
1289,19,오후 6:21:29.2,10.53,45.24,8.54
1290,19,오후 6:21:34.2,10.67,42.83,7.03
1291,19,오후 6:21:39.2,10.32,42.49,7.41
1292,19,오후 6:21:44.2,10.08,46.96,7.72
1293,19,오후 6:21:49.2,10.26,47.15,7.57
1294,19,오후 6:21:54.2,10.62,43.31,7.4
1295,19,오후 6:21:59.2,10.41,43.22,7.86
1296,19,오후 6:22:04.2,9.55,47.64,8.97
1297,19,오후 6:22:09.2,10.46,47.88,8.51
1298,19,오후 6:22:14.2,10.81,45.1,7.88
1299,19,오후 6:22:19.2,10.96,42.97,8.36
1300,19,오후 6:22:24.2,9.89,47.94,8.37
1301,19,오후 6:22:29.2,10.4,45.44,8.15
1302,19,오후 6:22:34.2,9.72,44.65,7.45
1303,19,오후 6:22:39.3,10.18,47.18,7.42
1304,19,오후 6:22:44.3,10.97,42.73,7.29
1305,19,오후 6:22:49.3,10.45,44.15,8.91
1306,19,오후 6:22:54.3,10.74,47.1,8.74
1307,19,오후 6:22:59.3,10.83,43.87,8.82
1308,19,오후 6:23:04.3,10.83,45.24,7.81
1309,19,오후 6:23:09.3,10.12,47.11,8.0
1310,19,오후 6:23:14.3,9.53,45.38,8.89
1311,19,오후 6:23:19.3,10.19,43.48,8.57
1312,20,오후 6:23:44.3,9.93,43.89,7.74
1313,20,오후 6:23:49.3,9.86,46.97,8.6
1314,20,오후 6:23:54.3,10.72,43.82,8.8
1315,20,오후 6:23:59.3,9.81,44.64,8.74
1316,20,오후 6:24:04.3,10.61,42.34,8.33
1317,20,오후 6:24:09.3,9.66,45.35,8.23
1318,20,오후 6:24:14.3,10.37,47.41,7.52
1319,20,오후 6:24:19.4,10.24,44.79,8.48
1320,20,오후 6:24:24.4,9.77,45.88,8.56
1321,20,오후 6:24:29.4,9.82,44.68,8.62
1322,20,오후 6:24:34.4,9.75,46.18,7.9
1323,20,오후 6:24:39.4,9.92,45.71,8.17
1324,20,오후 6:24:44.4,9.66,45.05,7.93
1325,20,오후 6:24:49.4,9.9,45.72,7.41
1326,20,오후 6:24:54.4,9.7,47.85,7.67
1327,20,오후 6:24:59.4,10.86,43.51,7.98
1328,20,오후 6:25:04.4,10.94,43.33,8.55
1329,20,오후 6:25:09.4,9.9,47.22,7.67
1330,20,오후 6:25:14.4,10.74,44.41,7.41
1331,20,오후 6:25:19.4,10.29,44.53,7.97
1332,20,오후 6:25:24.4,10.1,44.14,7.17
1333,20,오후 6:25:29.4,9.99,46.88,8.75
1334,20,오후 6:25:34.4,10.86,45.32,7.48
1335,20,오후 6:25:39.4,10.49,43.47,7.11
1336,20,오후 6:25:44.4,10.25,42.24,8.46
1337,20,오후 6:25:49.4,10.48,46.77,7.41
1338,20,오후 6:25:54.4,10.28,44.1,8.63
1339,20,오후 6:25:59.5,10.48,42.54,8.3
1340,20,오후 6:26:04.5,10.62,42.08,8.61
1341,20,오후 6:26:09.5,9.84,45.74,7.44
1342,20,오후 6:26:14.5,9.92,43.69,7.02
1343,20,오후 6:26:19.5,10.32,45.0,8.64
1344,20,오후 6:26:24.5,10.11,42.97,8.35
1345,20,오후 6:26:29.5,10.38,45.97,7.45
1346,20,오후 6:26:34.5,9.71,44.88,7.48
1347,20,오후 6:26:39.5,10.08,43.28,7.93
1348,20,오후 6:26:44.5,9.55,46.35,8.91
1349,20,오후 6:26:49.5,9.99,44.64,8.3
1350,20,오후 6:26:54.5,10.57,44.94,7.77
1351,20,오후 6:26:59.5,10.68,47.59,8.64
1352,20,오후 6:27:04.5,10.02,42.62,7.66
1353,20,오후 6:27:09.5,10.89,44.01,8.91
1354,20,오후 6:27:14.5,10.08,44.72,8.97
1355,20,오후 6:27:19.5,9.81,43.95,8.34
1356,20,오후 6:27:24.5,10.07,42.25,7.31
1357,20,오후 6:27:29.5,10.57,44.07,8.93
1358,20,오후 6:27:34.5,10.0,43.16,8.95
1359,20,오후 6:27:39.5,9.52,44.64,7.77
1360,20,오후 6:27:44.6,9.77,47.02,8.72
1361,20,오후 6:27:49.6,10.24,43.08,8.67
1362,20,오후 6:27:54.6,10.96,42.67,8.27
1363,20,오후 6:27:59.6,10.34,45.08,8.02
1364,20,오후 6:28:04.6,10.69,46.59,8.84
1365,20,오후 6:28:09.6,9.99,42.28,7.07
1366,20,오후 6:28:14.6,10.57,46.62,8.16
1367,20,오후 6:28:19.6,10.93,47.71,7.45
1368,20,오후 6:28:24.6,10.92,46.71,8.98
1369,20,오후 6:28:29.6,9.63,42.93,7.57
1370,20,오후 6:28:34.6,9.8,47.79,7.41
1371,20,오후 6:28:39.6,9.88,47.16,7.33
1372,20,오후 6:28:44.6,10.36,46.83,8.39
1373,20,오후 6:28:49.6,10.62,44.55,7.82
1374,20,오후 6:28:54.6,10.54,47.33,7.92
1375,20,오후 6:28:59.6,10.58,45.63,8.05
1376,20,오후 6:29:04.6,10.55,47.76,8.44
1377,20,오후 6:29:09.6,10.07,46.52,8.17
1378,20,오후 6:29:14.6,9.77,46.73,8.7
1379,20,오후 6:29:19.6,10.47,46.13,8.06
1380,20,오후 6:29:24.6,10.39,45.25,7.96
1381,21,오후 6:29:51.2,10.68,42.99,7.86
1382,21,오후 6:29:56.2,9.98,45.4,7.93
1383,21,오후 6:30:01.2,10.73,42.79,7.6
1384,21,오후 6:30:06.2,10.63,46.14,7.36
1385,21,오후 6:30:11.2,10.28,43.93,8.65
1386,21,오후 6:30:16.2,10.36,42.57,8.95
1387,21,오후 6:30:21.2,10.97,44.61,8.18
1388,21,오후 6:30:26.2,10.43,46.49,7.29
1389,21,오후 6:30:31.2,9.6,42.93,7.72
1390,21,오후 6:30:36.2,10.5,43.34,7.68
1391,21,오후 6:30:41.2,10.68,46.63,8.99
1392,21,오후 6:30:46.2,10.16,46.13,8.0
1393,21,오후 6:30:51.2,9.53,44.91,7.67
1394,21,오후 6:30:56.2,10.06,46.71,7.67
1395,21,오후 6:31:01.2,9.8,46.68,8.2
1396,21,오후 6:31:06.2,9.71,44.6,8.75
1397,21,오후 6:31:11.2,10.85,47.44,8.04
1398,21,오후 6:31:16.2,10.64,44.5,8.41
1399,21,오후 6:31:21.2,10.16,46.07,8.02
1400,21,오후 6:31:26.2,9.72,45.49,7.39
1401,21,오후 6:31:31.3,9.76,42.44,7.55
1402,21,오후 6:31:36.3,10.56,43.06,7.41
1403,21,오후 6:31:41.3,9.86,42.61,8.9
1404,21,오후 6:31:46.3,10.61,44.57,7.64
1405,21,오후 6:31:51.3,10.13,44.15,8.88
1406,21,오후 6:31:56.3,10.8,42.21,7.78
1407,21,오후 6:32:01.3,10.58,44.65,8.57
1408,21,오후 6:32:06.3,10.03,46.92,8.02
1409,21,오후 6:32:11.3,10.6,45.48,7.92
1410,21,오후 6:32:16.3,10.22,47.31,8.86
1411,21,오후 6:32:21.3,10.7,47.64,7.34
1412,21,오후 6:32:26.3,10.32,45.34,7.86
1413,21,오후 6:32:31.3,9.61,43.11,8.71
1414,21,오후 6:32:36.3,9.62,46.66,7.1
1415,21,오후 6:32:41.3,10.78,44.32,8.37
1416,21,오후 6:32:46.3,9.61,47.96,7.6
1417,21,오후 6:32:51.3,10.45,44.15,7.41
1418,21,오후 6:32:56.3,10.37,47.89,7.91
1419,21,오후 6:33:01.3,9.54,42.32,7.48
1420,21,오후 6:33:06.3,10.33,45.53,7.16
1421,21,오후 6:33:11.3,10.72,45.09,8.69
1422,21,오후 6:33:16.4,10.57,43.87,7.66
1423,21,오후 6:33:21.4,10.69,46.53,7.76
1424,21,오후 6:33:26.4,10.17,45.35,7.1
1425,21,오후 6:33:31.4,9.74,45.92,7.81
1426,21,오후 6:33:36.4,10.02,44.94,8.59
1427,21,오후 6:33:41.4,10.05,44.53,7.69
1428,21,오후 6:33:46.4,10.07,44.82,7.24
1429,21,오후 6:33:51.4,10.4,44.93,8.27
1430,21,오후 6:33:56.4,9.83,46.68,7.3
1431,21,오후 6:34:01.4,9.6,47.42,8.32
1432,21,오후 6:34:06.4,10.71,46.11,7.93
1433,21,오후 6:34:11.4,10.36,43.95,8.06
1434,21,오후 6:34:16.4,10.66,42.11,7.49
1435,21,오후 6:34:21.4,9.51,47.59,8.99
1436,21,오후 6:34:26.4,9.98,45.86,7.72
1437,21,오후 6:34:31.4,10.3,42.13,7.85
1438,21,오후 6:34:36.4,10.44,46.24,7.54
1439,21,오후 6:34:41.4,10.87,45.29,8.05
1440,21,오후 6:34:46.4,10.76,45.92,7.34
1441,21,오후 6:34:51.4,9.7,46.42,7.79
1442,21,오후 6:34:56.4,10.99,45.69,7.2
1443,21,오후 6:35:01.5,9.7,46.17,8.0
1444,21,오후 6:35:06.5,10.08,44.83,8.58
1445,21,오후 6:35:11.5,10.44,46.69,8.85
1446,21,오후 6:35:16.5,10.55,43.8,8.43
1447,21,오후 6:35:21.5,10.51,46.09,8.0
1448,21,오후 6:35:26.5,10.94,44.88,7.19
1449,21,오후 6:35:31.5,10.0,43.85,8.32
1450,22,오후 6:35:58.2,10.96,46.72,8.74
1451,22,오후 6:36:03.2,10.8,44.72,7.14
1452,22,오후 6:36:08.2,9.93,47.56,8.83
1453,22,오후 6:36:13.2,9.56,44.26,8.31
1454,22,오후 6:36:18.2,10.38,45.11,7.64
1455,22,오후 6:36:23.2,10.13,46.63,8.68
1456,22,오후 6:36:28.2,10.43,44.13,8.35
1457,22,오후 6:36:33.3,9.8,44.98,7.11
1458,22,오후 6:36:38.3,9.89,46.22,8.0
1459,22,오후 6:36:43.3,10.55,46.02,7.48
1460,22,오후 6:36:48.3,9.77,46.14,7.09
1461,22,오후 6:36:53.3,9.91,42.78,8.21
1462,22,오후 6:36:58.3,10.75,44.68,8.9
1463,22,오후 6:37:03.3,10.34,43.58,8.93
1464,22,오후 6:37:08.3,10.25,46.54,5.96
1465,22,오후 6:37:13.3,10.73,42.31,8.43
1466,22,오후 6:37:18.3,10.69,45.47,5.6
1467,22,오후 6:37:23.3,9.6,42.28,8.85
1468,22,오후 6:37:28.3,10.7,46.53,8.07
1469,22,오후 6:37:33.3,10.57,46.59,8.27
1470,22,오후 6:37:38.3,10.69,47.19,7.58
1471,22,오후 6:37:43.3,10.66,42.46,7.58
1472,22,오후 6:37:48.4,9.67,46.24,7.07
1473,22,오후 6:37:53.4,10.17,47.37,7.77
1474,22,오후 6:37:58.4,9.78,43.33,7.19
1475,22,오후 6:38:03.4,10.71,43.37,8.24
1476,22,오후 6:38:08.4,10.42,46.87,7.22
1477,22,오후 6:38:13.4,9.72,43.56,7.67
1478,22,오후 6:38:18.4,10.75,46.72,7.59
1479,22,오후 6:38:23.4,9.88,45.18,8.15
1480,22,오후 6:38:28.4,10.86,46.24,8.68
1481,22,오후 6:38:33.4,10.6,44.7,8.94
1482,22,오후 6:38:38.4,10.19,47.95,7.08
1483,22,오후 6:38:43.4,10.13,43.38,8.28
1484,22,오후 6:38:48.4,10.45,46.78,8.76
1485,22,오후 6:38:53.4,9.76,44.09,8.84
1486,22,오후 6:38:58.4,10.94,47.48,7.64
1487,22,오후 6:39:03.4,9.59,42.73,7.83
1488,22,오후 6:39:08.5,10.13,45.09,8.68
1489,22,오후 6:39:13.5,10.31,42.9,7.81
1490,22,오후 6:39:18.5,10.18,44.12,7.79
1491,22,오후 6:39:23.5,9.88,45.57,7.16
1492,22,오후 6:39:28.5,10.8,45.12,7.78
1493,22,오후 6:39:33.5,9.83,47.53,7.2
1494,22,오후 6:39:38.5,9.89,44.74,7.91
1495,22,오후 6:39:43.5,10.77,46.1,7.71
1496,22,오후 6:39:48.5,9.69,42.55,8.07
1497,22,오후 6:39:53.5,10.17,44.06,7.42
1498,22,오후 6:39:58.5,10.21,47.04,7.86
1499,22,오후 6:40:03.5,10.55,45.0,7.03
1500,22,오후 6:40:08.5,10.52,43.5,7.83
1501,22,오후 6:40:13.5,10.26,45.64,8.41
1502,22,오후 6:40:18.5,10.76,45.81,7.79
1503,22,오후 6:40:23.5,10.35,46.05,8.29
1504,22,오후 6:40:28.5,10.67,44.16,7.23
1505,22,오후 6:40:33.5,9.84,44.91,7.71
1506,22,오후 6:40:38.5,10.1,44.11,7.88
1507,22,오후 6:40:43.5,10.35,47.9,7.1
1508,22,오후 6:40:48.5,9.75,43.31,8.09
1509,22,오후 6:40:53.5,9.55,43.74,8.49
1510,22,오후 6:40:58.6,9.91,44.39,8.93
1511,22,오후 6:41:03.6,9.89,47.68,8.54
1512,22,오후 6:41:08.6,9.73,42.82,7.8
1513,22,오후 6:41:13.6,9.53,47.04,5.7
1514,22,오후 6:41:18.6,10.12,42.62,8.36
1515,22,오후 6:41:23.6,10.17,45.53,7.79
1516,22,오후 6:41:28.6,10.68,46.72,8.46
1517,22,오후 6:41:33.6,10.43,47.79,7.16
1518,22,오후 6:41:38.6,10.77,43.82,8.41
